2026-04-27 16:16:34 [INFO] Sweep target: models.cnn.epochs -> [10, 20, 30, 50, 60]
2026-04-27 16:16:34 [INFO] === Step 1: Preprocessing (Run Once) ===
2026-04-27 16:16:34 [INFO] === Step 1: Preprocessing ===
2026-04-27 16:16:34 [INFO] Deleted folder: /Volumes/JIAYI/ImageFocusDetection/data/samples_labels
2026-04-27 16:17:22 [INFO] Deleted folder: /Volumes/JIAYI/ImageFocusDetection/data/samples
2026-04-27 16:17:22 [INFO] Deleted folder: /Volumes/JIAYI/ImageFocusDetection/data/valid_samples_labels
2026-04-27 16:17:29 [INFO] Deleted folder: /Volumes/JIAYI/ImageFocusDetection/data/valid_samples
2026-04-27 16:17:29 [INFO] Skip already processed: 1P0A0890_L.png
2026-04-27 16:17:29 [INFO] Skip already processed: 1P0A0892_L.png
2026-04-27 16:17:29 [INFO] Skip already processed: 1P0A0898_L.png
2026-04-27 16:17:29 [INFO] Skip already processed: 1P0A0900_L.png
2026-04-27 16:17:29 [INFO] Skip already processed: 1P0A0902_L.png
2026-04-27 16:17:29 [INFO] Skip already processed: 1P0A0904_L.png
2026-04-27 16:17:29 [INFO] Skip already processed: 1P0A0908_L.png
2026-04-27 16:17:29 [INFO] Skip already processed: 1P0A0911_L.png
2026-04-27 16:17:29 [INFO] Skip already processed: 1P0A0912_L.png
2026-04-27 16:17:29 [INFO] Skip already processed: 1P0A0921_L.png
2026-04-27 16:17:29 [INFO] Skip already processed: 1P0A0925_L.png
2026-04-27 16:17:29 [INFO] Skip already processed: 1P0A0926_L.png
2026-04-27 16:17:29 [INFO] Skip already processed: 1P0A0929_L.png
2026-04-27 16:17:29 [INFO] Skip already processed: 1P0A0930_L.png
2026-04-27 16:17:29 [INFO] Skip already processed: 1P0A0937_L.png
2026-04-27 16:17:29 [INFO] Skip already processed: 1P0A0940_L.png
2026-04-27 16:17:29 [INFO] Skip already processed: 1P0A0941_L.png
2026-04-27 16:17:29 [INFO] Skip already processed: 1P0A0944_L.png
2026-04-27 16:17:29 [INFO] Skip already processed: 1P0A0952_L.png
2026-04-27 16:17:29 [INFO] Skip already processed: 1P0A0956_L.png
2026-04-27 16:17:29 [INFO] Skip already processed: 1P0A0965_L.png
2026-04-27 16:17:29 [INFO] Skip already processed: 1P0A0968_L.png
2026-04-27 16:17:29 [INFO] Skip already processed: 1P0A0975_L.png
2026-04-27 16:17:29 [INFO] Skip already processed: 1P0A0980_L.png
2026-04-27 16:17:29 [INFO] Skip already processed: 1P0A0993_L.png
2026-04-27 16:17:29 [INFO] Skip already processed: 1P0A0998_L.png
2026-04-27 16:17:29 [INFO] Skip already processed: 1P0A0999_L.png
2026-04-27 16:17:29 [INFO] Skip already processed: 1P0A1003_L.png
2026-04-27 16:17:29 [INFO] Skip already processed: 1P0A1006_L.png
2026-04-27 16:17:29 [INFO] Skip already processed: 1P0A1011_L.png
2026-04-27 16:17:29 [INFO] Skip already processed: 1P0A1019_L.png
2026-04-27 16:17:29 [INFO] Skip already processed: 1P0A1023_L.png
2026-04-27 16:17:29 [INFO] Skip already processed: 1P0A1026_L.png
2026-04-27 16:17:29 [INFO] Skip already processed: 1P0A1027_L.png
2026-04-27 16:17:29 [INFO] Skip already processed: 1P0A1034_L.png
2026-04-27 16:17:29 [INFO] Skip already processed: 1P0A1039_L.png
2026-04-27 16:17:29 [INFO] Skip already processed: 1P0A1042_L.png
2026-04-27 16:17:29 [INFO] Skip already processed: 1P0A1043_L.png
2026-04-27 16:17:29 [INFO] Skip already processed: 1P0A1047_L.png
2026-04-27 16:17:29 [INFO] Skip already processed: 1P0A1050_L.png
2026-04-27 16:17:29 [INFO] Skip already processed: 1P0A1054_L.png
2026-04-27 16:17:29 [INFO] Skip already processed: 1P0A1058_L.png
2026-04-27 16:17:29 [INFO] Skip already processed: 1P0A1066_L.png
2026-04-27 16:17:29 [INFO] Skip already processed: 1P0A1071_L.png
2026-04-27 16:17:29 [INFO] Skip already processed: 1P0A1075_L.png
2026-04-27 16:17:29 [INFO] Skip already processed: 1P0A1078_L.png
2026-04-27 16:17:29 [INFO] Skip already processed: 1P0A1083_L.png
2026-04-27 16:17:29 [INFO] Skip already processed: 1P0A1086_L.png
2026-04-27 16:17:29 [INFO] Skip already processed: 1P0A1088_L.png
2026-04-27 16:17:29 [INFO] Skip already processed: 1P0A1093_L.png
2026-04-27 16:17:29 [INFO] Skip already processed: 1P0A1094_L.png
2026-04-27 16:17:29 [INFO] Skip already processed: 1P0A1097_L.png
2026-04-27 16:17:29 [INFO] Skip already processed: 1P0A1101_L.png
2026-04-27 16:17:29 [INFO] Skip already processed: 1P0A1102_L.png
2026-04-27 16:17:29 [INFO] Skip already processed: 1P0A1105_L.png
2026-04-27 16:17:29 [INFO] Skip already processed: 1P0A1108_L.png
2026-04-27 16:17:29 [INFO] Skip already processed: 1P0A1109_L.png
2026-04-27 16:17:29 [INFO] Skip already processed: 1P0A1113_L.png
2026-04-27 16:17:29 [INFO] Skip already processed: 1P0A1116_L.png
2026-04-27 16:17:29 [INFO] Skip already processed: 1P0A1312_L.png
2026-04-27 16:17:29 [INFO] Skip already processed: 1P0A1315_L.png
2026-04-27 16:17:29 [INFO] Skip already processed: 1P0A1316_L.png
2026-04-27 16:17:29 [INFO] Skip already processed: 1P0A1319_L.png
2026-04-27 16:17:29 [INFO] Skip already processed: 1P0A1320_L.png
2026-04-27 16:17:29 [INFO] Skip already processed: 1P0A1325_L.png
2026-04-27 16:17:29 [INFO] Skip already processed: 1P0A1326_L.png
2026-04-27 16:17:29 [INFO] Skip already processed: 1P0A1329_L.png
2026-04-27 16:17:29 [INFO] Skip already processed: 1P0A1333_L.png
2026-04-27 16:17:29 [INFO] Skip already processed: 1P0A1338_L.png
2026-04-27 16:17:29 [INFO] Skip already processed: 1P0A1341_L.png
2026-04-27 16:17:29 [INFO] Skip already processed: 1P0A1342_L.png
2026-04-27 16:17:29 [INFO] Skip already processed: 1P0A1360_L.png
2026-04-27 16:17:29 [INFO] Skip already processed: 1P0A1366_L.png
2026-04-27 16:17:29 [INFO] Skip already processed: 1P0A1374_L.png
2026-04-27 16:17:29 [INFO] Skip already processed: 1P0A1376_L.png
2026-04-27 16:17:29 [INFO] Skip already processed: 1P0A1378_L.png
2026-04-27 16:17:29 [INFO] Skip already processed: 1P0A1380_L.png
2026-04-27 16:17:29 [INFO] Skip already processed: 1P0A1382_L.png
2026-04-27 16:17:29 [INFO] Skip already processed: 1P0A1384_L.png
2026-04-27 16:17:29 [INFO] Skip already processed: 1P0A1386_L.png
2026-04-27 16:17:29 [INFO] Skip already processed: 1P0A1398_L.png
2026-04-27 16:17:29 [INFO] Skip already processed: 1P0A1402_L.png
2026-04-27 16:17:29 [INFO] Skip already processed: 1P0A1404_L.png
2026-04-27 16:17:29 [INFO] Skip already processed: 1P0A1408_L.png
2026-04-27 16:17:29 [INFO] Skip already processed: 1P0A1411_L.png
2026-04-27 16:17:29 [INFO] Skip already processed: 1P0A1412_L.png
2026-04-27 16:17:29 [INFO] Skip already processed: 1P0A1418_L.png
2026-04-27 16:17:29 [INFO] Skip already processed: 1P0A1426_L.png
2026-04-27 16:17:29 [INFO] Skip already processed: 1P0A1432_L.png
2026-04-27 16:17:29 [INFO] Skip already processed: 1P0A1448_L.png
2026-04-27 16:17:29 [INFO] Skip already processed: 1P0A1450_L.png
2026-04-27 16:17:29 [INFO] Skip already processed: 1P0A1452_L.png
2026-04-27 16:17:29 [INFO] Skip already processed: 1P0A1454_L.png
2026-04-27 16:17:29 [INFO] Skip already processed: 1P0A1459_L.png
2026-04-27 16:17:29 [INFO] Skip already processed: 1P0A1463_L.png
2026-04-27 16:17:29 [INFO] Skip already processed: 1P0A1465_L.png
2026-04-27 16:17:29 [INFO] Skip already processed: 1P0A1470_L.png
2026-04-27 16:17:29 [INFO] Skip already processed: 1P0A1472_L.png
2026-04-27 16:17:29 [INFO] Skip already processed: 1P0A1474_L.png
2026-04-27 16:17:29 [INFO] Skip already processed: 1P0A1478_L.png
2026-04-27 16:17:29 [INFO] Skip already processed: 1P0A1480_L.png
2026-04-27 16:17:29 [INFO] Skip already processed: 1P0A1482_L.png
2026-04-27 16:17:29 [INFO] Skip already processed: 1P0A1486_L.png
2026-04-27 16:17:29 [INFO] Skip already processed: 1P0A1492_L.png
2026-04-27 16:17:29 [INFO] Skip already processed: 1P0A1494_L.png
2026-04-27 16:17:29 [INFO] Skip already processed: 1P0A1496_L.png
2026-04-27 16:17:29 [INFO] Skip already processed: 1P0A1499_L.png
2026-04-27 16:17:29 [INFO] Skip already processed: 1P0A1500_L.png
2026-04-27 16:17:29 [INFO] Skip already processed: 1P0A1502_L.png
2026-04-27 16:17:29 [INFO] Skip already processed: 1P0A1504_L.png
2026-04-27 16:17:29 [INFO] Skip already processed: 1P0A1506_L.png
2026-04-27 16:17:29 [INFO] Skip already processed: 1P0A1510_L.png
2026-04-27 16:17:29 [INFO] Skip already processed: 1P0A1512_L.png
2026-04-27 16:17:29 [INFO] Skip already processed: 1P0A1514_L.png
2026-04-27 16:17:29 [INFO] Skip already processed: 1P0A1516_L.png
2026-04-27 16:17:29 [INFO] Skip already processed: 1P0A1520_L.png
2026-04-27 16:17:29 [INFO] Skip already processed: 1P0A1522_L.png
2026-04-27 16:17:29 [INFO] Skip already processed: 1P0A1540_L.png
2026-04-27 16:17:29 [INFO] Skip already processed: 1P0A1546_L.png
2026-04-27 16:17:29 [INFO] Skip already processed: 1P0A1548_L.png
2026-04-27 16:17:29 [INFO] Skip already processed: 1P0A1560_L.png
2026-04-27 16:17:29 [INFO] Skip already processed: 1P0A1561_L.png
2026-04-27 16:17:29 [INFO] Skip already processed: 1P0A1570_L.png
2026-04-27 16:17:29 [INFO] Skip already processed: 1P0A1574_L.png
2026-04-27 16:17:29 [INFO] Skip already processed: 1P0A1576_L.png
2026-04-27 16:17:29 [INFO] Skip already processed: 1P0A1578_L.png
2026-04-27 16:17:29 [INFO] Skip already processed: 1P0A1585_L.png
2026-04-27 16:17:29 [INFO] Skip already processed: 1P0A1597_L.png
2026-04-27 16:17:29 [INFO] Skip already processed: 1P0A1598_L.png
2026-04-27 16:17:29 [INFO] Skip already processed: 1P0A1602_L.png
2026-04-27 16:17:29 [INFO] Skip already processed: 1P0A1606_L.png
2026-04-27 16:17:29 [INFO] Skip already processed: 1P0A1616_L.png
2026-04-27 16:17:29 [INFO] Skip already processed: 1P0A1618_L.png
2026-04-27 16:17:29 [INFO] Skip already processed: 1P0A1620_L.png
2026-04-27 16:17:29 [INFO] Skip already processed: 1P0A1622_L.png
2026-04-27 16:17:29 [INFO] Skip already processed: 1P0A1624_L.png
2026-04-27 16:17:29 [INFO] Skip already processed: 1P0A1626_L.png
2026-04-27 16:17:29 [INFO] Skip already processed: 1P0A1628_L.png
2026-04-27 16:17:29 [INFO] Skip already processed: 1P0A1631_L.png
2026-04-27 16:17:29 [INFO] Skip already processed: 1P0A1633_L.png
2026-04-27 16:17:29 [INFO] Skip already processed: 1P0A1637_L.png
2026-04-27 16:17:29 [INFO] Skip already processed: 1P0A1639_L.png
2026-04-27 16:17:29 [INFO] Skip already processed: 1P0A1641_L.png
2026-04-27 16:17:29 [INFO] Skip already processed: 1P0A1646_L.png
2026-04-27 16:17:29 [INFO] Skip already processed: 1P0A1654_L.png
2026-04-27 16:17:29 [INFO] Skip already processed: 1P0A1659_L.png
2026-04-27 16:17:29 [INFO] Skip already processed: 1P0A1663_L.png
2026-04-27 16:17:29 [INFO] Skip already processed: 1P0A1665_L.png
2026-04-27 16:17:29 [INFO] Skip already processed: 1P0A1675_L.png
2026-04-27 16:17:29 [INFO] Skip already processed: 1P0A1678_L.png
2026-04-27 16:17:29 [INFO] Skip already processed: 1P0A1679_L.png
2026-04-27 16:17:29 [INFO] Skip already processed: 1P0A1682_L.png
2026-04-27 16:17:29 [INFO] Skip already processed: 1P0A1685_L.png
2026-04-27 16:17:29 [INFO] Skip already processed: 1P0A1687_L.png
2026-04-27 16:17:29 [INFO] Skip already processed: 1P0A1697_L.png
2026-04-27 16:17:29 [INFO] Skip already processed: 1P0A1699_L.png
2026-04-27 16:17:29 [INFO] Skip already processed: 1P0A1702_L.png
2026-04-27 16:17:29 [INFO] Skip already processed: 1P0A1706_L.png
2026-04-27 16:17:29 [INFO] Skip already processed: 1P0A1707_L.png
2026-04-27 16:17:29 [INFO] Skip already processed: 1P0A1710_L.png
2026-04-27 16:17:29 [INFO] Skip already processed: 1P0A1711_L.png
2026-04-27 16:17:29 [INFO] Skip already processed: 1P0A1713_L.png
2026-04-27 16:17:29 [INFO] Skip already processed: 1P0A1720_L.png
2026-04-27 16:17:29 [INFO] Skip already processed: 1P0A1726_L.png
2026-04-27 16:17:29 [INFO] Skip already processed: 1P0A1727_L.png
2026-04-27 16:17:29 [INFO] Skip already processed: 1P0A1729_L.png
2026-04-27 16:17:29 [INFO] Skip already processed: 1P0A1731_L.png
2026-04-27 16:17:29 [INFO] Skip already processed: 1P0A1738_L.png
2026-04-27 16:17:29 [INFO] Skip already processed: 1P0A1745_L.png
2026-04-27 16:17:29 [INFO] Skip already processed: 1P0A1753_L.png
2026-04-27 16:17:29 [INFO] Skip already processed: 1P0A1761_L.png
2026-04-27 16:17:29 [INFO] Skip already processed: 1P0A1765_L.png
2026-04-27 16:17:29 [INFO] Skip already processed: 1P0A1769_L.png
2026-04-27 16:17:29 [INFO] Skip already processed: 1P0A1773_L.png
2026-04-27 16:17:29 [INFO] Skip already processed: 1P0A1776_L.png
2026-04-27 16:17:29 [INFO] Skip already processed: 1P0A1780_L.png
2026-04-27 16:17:29 [INFO] Skip already processed: 1P0A1790_L.png
2026-04-27 16:17:29 [INFO] Skip already processed: 1P0A1795_L.png
2026-04-27 16:17:29 [INFO] Skip already processed: 1P0A1799_L.png
2026-04-27 16:17:29 [INFO] Skip already processed: 1P0A1806_L.png
2026-04-27 16:17:29 [INFO] Skip already processed: 1P0A1816_L.png
2026-04-27 16:17:29 [INFO] Skip already processed: 1P0A1817_L.png
2026-04-27 16:17:29 [INFO] Skip already processed: 1P0A1821_L.png
2026-04-27 16:17:29 [INFO] Skip already processed: 1P0A1824_L.png
2026-04-27 16:17:29 [INFO] Skip already processed: 1P0A1825_L.png
2026-04-27 16:17:29 [INFO] Skip already processed: 1P0A1828_L.png
2026-04-27 16:17:29 [INFO] Skip already processed: 1P0A1829_L.png
2026-04-27 16:17:29 [INFO] Skip already processed: 1P0A1842_L.png
2026-04-27 16:17:29 [INFO] Skip already processed: 1P0A1843_L.png
2026-04-27 16:17:29 [INFO] Skip already processed: 1P0A1863_L.png
2026-04-27 16:17:29 [INFO] Skip already processed: 1P0A1867_L.png
2026-04-27 16:17:29 [INFO] Skip already processed: 1P0A1869_L.png
2026-04-27 16:17:29 [INFO] Skip already processed: 1P0A1873_L.png
2026-04-27 16:17:29 [INFO] Skip already processed: 1P0A1875_L.png
2026-04-27 16:17:29 [INFO] Skip already processed: 1P0A1880_L.png
2026-04-27 16:17:29 [INFO] Skip already processed: 1P0A1892_L.png
2026-04-27 16:17:29 [INFO] Skip already processed: 1P0A1897_L.png
2026-04-27 16:17:29 [INFO] Skip already processed: 1P0A1899_L.png
2026-04-27 16:17:29 [INFO] Skip already processed: 1P0A1901_L.png
2026-04-27 16:17:29 [INFO] Skip already processed: 1P0A1905_L.png
2026-04-27 16:17:29 [INFO] Skip already processed: 1P0A1918_L.png
2026-04-27 16:17:29 [INFO] Skip already processed: 1P0A1921_L.png
2026-04-27 16:17:29 [INFO] Skip already processed: 1P0A1928_L.png
2026-04-27 16:17:29 [INFO] Skip already processed: 1P0A1930_L.png
2026-04-27 16:17:29 [INFO] Skip already processed: 1P0A1934_L.png
2026-04-27 16:17:29 [INFO] Skip already processed: 1P0A1940_L.png
2026-04-27 16:17:29 [INFO] Skip already processed: 1P0A1944_L.png
2026-04-27 16:17:29 [INFO] Skip already processed: 1P0A1948_L.png
2026-04-27 16:17:29 [INFO] Skip already processed: 1P0A1954_L.png
2026-04-27 16:17:29 [INFO] Skip already processed: 1P0A1957_L.png
2026-04-27 16:17:29 [INFO] Skip already processed: 1P0A1959_L.png
2026-04-27 16:17:29 [INFO] Skip already processed: 1P0A1963_L.png
2026-04-27 16:17:29 [INFO] Skip already processed: 1P0A1965_L.png
2026-04-27 16:17:29 [INFO] Skip already processed: 1P0A1967_L.png
2026-04-27 16:17:29 [INFO] Skip already processed: 1P0A1988_L.png
2026-04-27 16:17:29 [INFO] Skip already processed: 1P0A1990_L.png
2026-04-27 16:17:29 [INFO] Skip already processed: 1P0A1994_L.png
2026-04-27 16:17:29 [INFO] Skip already processed: 1P0A1996_L.png
2026-04-27 16:17:29 [INFO] Skip already processed: 1P0A2000_L.png
2026-04-27 16:17:29 [INFO] Skip already processed: 1P0A2004_L.png
2026-04-27 16:17:29 [INFO] Skip already processed: 1P0A2008_L.png
2026-04-27 16:17:29 [INFO] Skip already processed: 1P0A2011_L.png
2026-04-27 16:17:29 [INFO] Skip already processed: 1P0A2012_L.png
2026-04-27 16:17:29 [INFO] Skip already processed: 1P0A2016_L.png
2026-04-27 16:17:29 [INFO] Skip already processed: 1P0A2018_L.png
2026-04-27 16:17:29 [INFO] Skip already processed: 1P0A2025_L.png
2026-04-27 16:17:29 [INFO] Skip already processed: 1P0A2034_L.png
2026-04-27 16:17:29 [INFO] Skip already processed: 1P0A2036_L.png
2026-04-27 16:17:29 [INFO] Skip already processed: 1P0A2038_L.png
2026-04-27 16:17:29 [INFO] Skip already processed: 1P0A2047_L.png
2026-04-27 16:17:29 [INFO] Skip already processed: 1P0A2050_L.png
2026-04-27 16:17:29 [INFO] Skip already processed: 1P0A2054_L.png
2026-04-27 16:17:29 [INFO] Skip already processed: 1P0A2058_L.png
2026-04-27 16:17:29 [INFO] Skip already processed: 1P0A2062_L.png
2026-04-27 16:17:29 [INFO] Skip already processed: 1P0A2065_L.png
2026-04-27 16:17:29 [INFO] Skip already processed: 1P0A2068_L.png
2026-04-27 16:17:29 [INFO] Skip already processed: 1P0A2071_L.png
2026-04-27 16:17:29 [INFO] Skip already processed: 1P0A2072_L.png
2026-04-27 16:17:29 [INFO] Skip already processed: 1P0A2077_L.png
2026-04-27 16:17:29 [INFO] Skip already processed: 1P0A2078_L.png
2026-04-27 16:17:29 [INFO] Skip already processed: 1P0A2083_L.png
2026-04-27 16:17:29 [INFO] Skip already processed: 1P0A2084_L.png
2026-04-27 16:17:29 [INFO] Skip already processed: 1P0A2086_L.png
2026-04-27 16:17:29 [INFO] Skip already processed: 1P0A2090_L.png
2026-04-27 16:17:29 [INFO] Skip already processed: 1P0A2092_L.png
2026-04-27 16:17:29 [INFO] Skip already processed: 1P0A2101_L.png
2026-04-27 16:17:29 [INFO] Skip already processed: 1P0A2106_L.png
2026-04-27 16:17:29 [INFO] Skip already processed: 1P0A2109_L.png
2026-04-27 16:17:29 [INFO] Skip already processed: 1P0A2115_L.png
2026-04-27 16:17:29 [INFO] Skip already processed: 1P0A2121_L.png
2026-04-27 16:17:29 [INFO] Skip already processed: 1P0A2124_L.png
2026-04-27 16:17:29 [INFO] Skip already processed: 1P0A2125_L.png
2026-04-27 16:17:29 [INFO] Skip already processed: 1P0A2128_L.png
2026-04-27 16:17:29 [INFO] Skip already processed: 1P0A2129_L.png
2026-04-27 16:17:29 [INFO] Skip already processed: 1P0A2131_L.png
2026-04-27 16:17:29 [INFO] Skip already processed: 1P0A2134_L.png
2026-04-27 16:17:29 [INFO] Skip already processed: 1P0A2138_L.png
2026-04-27 16:17:29 [INFO] Skip already processed: 1P0A2142_L.png
2026-04-27 16:17:29 [INFO] Skip already processed: 1P0A2146_L.png
2026-04-27 16:17:29 [INFO] Skip already processed: 1P0A2155_L.png
2026-04-27 16:17:29 [INFO] Skip already processed: 1P0A2158_L.png
2026-04-27 16:17:29 [INFO] Skip already processed: 1P0A2162_L.png
2026-04-27 16:17:29 [INFO] Skip already processed: 1P0A2174_L.png
2026-04-27 16:17:29 [INFO] Skip already processed: 1P0A2178_L.png
2026-04-27 16:17:29 [INFO] Skip already processed: 1P0A2181_L.png
2026-04-27 16:17:29 [INFO] Skip already processed: 1P0A2184_L.png
2026-04-27 16:17:29 [INFO] Skip already processed: 1P0A2189_L.png
2026-04-27 16:17:29 [INFO] Skip already processed: 1P0A2194_L.png
2026-04-27 16:17:29 [INFO] Skip already processed: 1P0A2199_L.png
2026-04-27 16:17:29 [INFO] Skip already processed: 1P0A2203_L.png
2026-04-27 16:17:29 [INFO] Skip already processed: 1P0A2209_L.png
2026-04-27 16:17:29 [INFO] Skip already processed: 1P0A2210_L.png
2026-04-27 16:17:29 [INFO] Skip already processed: 1P0A2213_L.png
2026-04-27 16:17:29 [INFO] Skip already processed: 1P0A2217_L.png
2026-04-27 16:17:29 [INFO] Skip already processed: 1P0A2220_L.png
2026-04-27 16:17:29 [INFO] Skip already processed: 1P0A2221_L.png
2026-04-27 16:17:29 [INFO] Skip already processed: 1P0A2224_L.png
2026-04-27 16:17:29 [INFO] Skip already processed: 1P0A2228_L.png
2026-04-27 16:17:29 [INFO] Skip already processed: 1P0A2231_L.png
2026-04-27 16:17:29 [INFO] Skip already processed: 1P0A2236_L.png
2026-04-27 16:17:29 [INFO] Skip already processed: 1P0A2244_L.png
2026-04-27 16:17:29 [INFO] Skip already processed: 1P0A2247_L.png
2026-04-27 16:17:29 [INFO] Skip already processed: 1P0A2250_L.png
2026-04-27 16:17:29 [INFO] Skip already processed: 1P0A2251_L.png
2026-04-27 16:17:29 [INFO] Skip already processed: 1P0A2254_L.png
2026-04-27 16:17:29 [INFO] Skip already processed: 1P0A2257_L.png
2026-04-27 16:17:29 [INFO] Skip already processed: 1P0A2264_L.png
2026-04-27 16:17:29 [INFO] Skip already processed: 1P0A2265_L.png
2026-04-27 16:17:29 [INFO] Skip already processed: 1P0A2269_L.png
2026-04-27 16:17:29 [INFO] Skip already processed: 1P0A2272_L.png
2026-04-27 16:17:29 [INFO] Skip already processed: 1P0A2275_L.png
2026-04-27 16:17:29 [INFO] Skip already processed: 1P0A2278_L.png
2026-04-27 16:17:29 [INFO] Skip already processed: 1P0A2282_L.png
2026-04-27 16:17:29 [INFO] Skip already processed: 1P0A2285_L.png
2026-04-27 16:17:29 [INFO] Skip already processed: 1P0A2286_L.png
2026-04-27 16:17:29 [INFO] Skip already processed: 1P0A2293_L.png
2026-04-27 16:17:29 [INFO] Skip already processed: 1P0A2296_L.png
2026-04-27 16:17:29 [INFO] Skip already processed: 1P0A2303_L.png
2026-04-27 16:17:29 [INFO] Skip already processed: 1P0A2304_L.png
2026-04-27 16:17:29 [INFO] Skip already processed: 1P0A2307_L.png
2026-04-27 16:17:29 [INFO] Skip already processed: 1P0A2313_L.png
2026-04-27 16:17:29 [INFO] Skip already processed: 1P0A2318_L.png
2026-04-27 16:17:29 [INFO] Skip already processed: 1P0A2321_L.png
2026-04-27 16:17:29 [INFO] Skip already processed: 1P0A2336_L.png
2026-04-27 16:17:29 [INFO] Skip already processed: 1P0A2339_L.png
2026-04-27 16:17:29 [INFO] Skip already processed: 1P0A2343_L.png
2026-04-27 16:17:29 [INFO] Skip already processed: 1P0A2362_L.png
2026-04-27 16:17:29 [INFO] Skip already processed: 1P0A2363_L.png
2026-04-27 16:17:29 [INFO] Skip already processed: 1P0A2366_L.png
2026-04-27 16:17:29 [INFO] Skip already processed: 1P0A2369_L.png
2026-04-27 16:17:29 [INFO] Skip already processed: 1P0A2376_L.png
2026-04-27 16:17:29 [INFO] Skip already processed: 1P0A2379_L.png
2026-04-27 16:17:29 [INFO] Skip already processed: 1P0A2380_L.png
2026-04-27 16:17:29 [INFO] Skip already processed: 1P0A2388_L.png
2026-04-27 16:17:29 [INFO] Skip already processed: 1P0A2389_L.png
2026-04-27 16:17:29 [INFO] Skip already processed: 1P0A2402_L.png
2026-04-27 16:17:29 [INFO] Skip already processed: 1P0A2405_L.png
2026-04-27 16:17:29 [INFO] Skip already processed: 1P0A2408_L.png
2026-04-27 16:17:29 [INFO] Skip already processed: 1P0A2411_L.png
2026-04-27 16:17:29 [INFO] Skip already processed: 1P0A2420_L.png
2026-04-27 16:17:29 [INFO] Skip already processed: 1P0A2423_L.png
2026-04-27 16:17:29 [INFO] Skip already processed: 1P0A2426_L.png
2026-04-27 16:17:29 [INFO] Skip already processed: 1P0A2430_L.png
2026-04-27 16:17:29 [INFO] Skip already processed: 1P0A2442_L.png
2026-04-27 16:17:29 [INFO] Skip already processed: 1P0A2445_L.png
2026-04-27 16:17:29 [INFO] Skip already processed: 1P0A2448_L.png
2026-04-27 16:17:29 [INFO] Skip already processed: 1P0A2452_L.png
2026-04-27 16:17:29 [INFO] Skip already processed: 1P0A2455_L.png
2026-04-27 16:17:29 [INFO] Skip already processed: 1P0A2458_L.png
2026-04-27 16:17:29 [INFO] Skip already processed: 1P0A2467_L.png
2026-04-27 16:17:29 [INFO] Skip already processed: 1P0A2468_L.png
2026-04-27 16:17:29 [INFO] Skip already processed: 1P0A2470_L.png
2026-04-27 16:17:29 [INFO] Skip already processed: 1P0A2473_L.png
2026-04-27 16:17:29 [INFO] Skip already processed: 1P0A2476_L.png
2026-04-27 16:17:29 [INFO] Skip already processed: 1P0A2479_L.png
2026-04-27 16:17:29 [INFO] Skip already processed: 1P0A2485_L.png
2026-04-27 16:17:29 [INFO] Skip already processed: 1P0A2488_L.png
2026-04-27 16:17:29 [INFO] Skip already processed: 1P0A2491_L.png
2026-04-27 16:17:29 [INFO] Skip already processed: 1P0A2492_L.png
2026-04-27 16:17:29 [INFO] Skip already processed: 1P0A2504_L.png
2026-04-27 16:17:29 [INFO] Skip already processed: 1P0A2510_L.png
2026-04-27 16:17:29 [INFO] Skip already processed: 1P0A2516_L.png
2026-04-27 16:17:29 [INFO] Skip already processed: 1P0A2522_L.png
2026-04-27 16:17:29 [INFO] Skip already processed: 1P0A2525_L.png
2026-04-27 16:17:29 [INFO] Skip already processed: 1P0A2528_L.png
2026-04-27 16:17:29 [INFO] Skip already processed: 1P0A2529_L.png
2026-04-27 16:17:29 [INFO] Skip already processed: 1P0A2532_L.png
2026-04-27 16:17:29 [INFO] Skip already processed: 1P0A2535_L.png
2026-04-27 16:17:29 [INFO] Skip already processed: 1P0A2538_L.png
2026-04-27 16:17:29 [INFO] Skip already processed: 1P0A2544_L.png
2026-04-27 16:17:29 [INFO] Skip already processed: 1P0A0894_L.png
2026-04-27 16:17:29 [INFO] Skip already processed: 1P0A0934_L.png
2026-04-27 16:17:29 [INFO] Skip already processed: 1P0A0945_L.png
2026-04-27 16:17:29 [INFO] Skip already processed: 1P0A0949_L.png
2026-04-27 16:17:29 [INFO] Skip already processed: 1P0A0953_L.png
2026-04-27 16:17:29 [INFO] Skip already processed: 1P0A0961_L.png
2026-04-27 16:17:29 [INFO] Skip already processed: 1P0A0976_L.png
2026-04-27 16:17:29 [INFO] Skip already processed: 1P0A0983_L.png
2026-04-27 16:17:29 [INFO] Skip already processed: 1P0A0989_L.png
2026-04-27 16:17:29 [INFO] Skip already processed: 1P0A1010_L.png
2026-04-27 16:17:29 [INFO] Skip already processed: 1P0A1014_L.png
2026-04-27 16:17:29 [INFO] Skip already processed: 1P0A1015_L.png
2026-04-27 16:17:29 [INFO] Skip already processed: 1P0A1055_L.png
2026-04-27 16:17:29 [INFO] Skip already processed: 1P0A1098_L.png
2026-04-27 16:17:29 [INFO] Skip already processed: 1P0A1310_L.png
2026-04-27 16:17:29 [INFO] Skip already processed: 1P0A1346_L.png
2026-04-27 16:17:29 [INFO] Skip already processed: 1P0A1390_L.png
2026-04-27 16:17:29 [INFO] Skip already processed: 1P0A1394_L.png
2026-04-27 16:17:29 [INFO] Skip already processed: 1P0A1396_L.png
2026-04-27 16:17:29 [INFO] Skip already processed: 1P0A1414_L.png
2026-04-27 16:17:29 [INFO] Skip already processed: 1P0A1420_L.png
2026-04-27 16:17:29 [INFO] Skip already processed: 1P0A1424_L.png
2026-04-27 16:17:29 [INFO] Skip already processed: 1P0A1446_L.png
2026-04-27 16:17:29 [INFO] Skip already processed: 1P0A1462_L.png
2026-04-27 16:17:29 [INFO] Skip already processed: 1P0A1536_L.png
2026-04-27 16:17:29 [INFO] Skip already processed: 1P0A1557_L.png
2026-04-27 16:17:29 [INFO] Skip already processed: 1P0A1564_L.png
2026-04-27 16:17:29 [INFO] Skip already processed: 1P0A1593_L.png
2026-04-27 16:17:29 [INFO] Skip already processed: 1P0A1609_L.png
2026-04-27 16:17:29 [INFO] Skip already processed: 1P0A1635_L.png
2026-04-27 16:17:29 [INFO] Skip already processed: 1P0A1683_L.png
2026-04-27 16:17:29 [INFO] Skip already processed: 1P0A1689_L.png
2026-04-27 16:17:29 [INFO] Skip already processed: 1P0A1750_L.png
2026-04-27 16:17:29 [INFO] Skip already processed: 1P0A1755_L.png
2026-04-27 16:17:29 [INFO] Skip already processed: 1P0A1789_L.png
2026-04-27 16:17:29 [INFO] Skip already processed: 1P0A1796_L.png
2026-04-27 16:17:29 [INFO] Skip already processed: 1P0A1803_L.png
2026-04-27 16:17:29 [INFO] Skip already processed: 1P0A1813_L.png
2026-04-27 16:17:29 [INFO] Skip already processed: 1P0A1838_L.png
2026-04-27 16:17:29 [INFO] Skip already processed: 1P0A1889_L.png
2026-04-27 16:17:29 [INFO] Skip already processed: 1P0A1936_L.png
2026-04-27 16:17:29 [INFO] Skip already processed: 1P0A1946_L.png
2026-04-27 16:17:29 [INFO] Skip already processed: 1P0A2027_L.png
2026-04-27 16:17:29 [INFO] Skip already processed: 1P0A2046_L.png
2026-04-27 16:17:29 [INFO] Skip already processed: 1P0A2051_L.png
2026-04-27 16:17:29 [INFO] Skip already processed: 1P0A2055_L.png
2026-04-27 16:17:29 [INFO] Skip already processed: 1P0A2059_L.png
2026-04-27 16:17:29 [INFO] Skip already processed: 1P0A2105_L.png
2026-04-27 16:17:29 [INFO] Skip already processed: 1P0A2114_L.png
2026-04-27 16:17:29 [INFO] Skip already processed: 1P0A2118_L.png
2026-04-27 16:17:29 [INFO] Skip already processed: 1P0A2135_L.png
2026-04-27 16:17:29 [INFO] Skip already processed: 1P0A2139_L.png
2026-04-27 16:17:29 [INFO] Skip already processed: 1P0A2167_L.png
2026-04-27 16:17:29 [INFO] Skip already processed: 1P0A2190_L.png
2026-04-27 16:17:29 [INFO] Skip already processed: 1P0A2232_L.png
2026-04-27 16:17:29 [INFO] Skip already processed: 1P0A2243_L.png
2026-04-27 16:17:29 [INFO] Skip already processed: 1P0A2289_L.png
2026-04-27 16:17:29 [INFO] Skip already processed: 1P0A2292_L.png
2026-04-27 16:17:29 [INFO] Skip already processed: 1P0A2300_L.png
2026-04-27 16:17:29 [INFO] Skip already processed: 1P0A2310_L.png
2026-04-27 16:17:29 [INFO] Skip already processed: 1P0A2324_L.png
2026-04-27 16:17:29 [INFO] Skip already processed: 1P0A2328_L.png
2026-04-27 16:17:29 [INFO] Skip already processed: 1P0A2332_L.png
2026-04-27 16:17:29 [INFO] Skip already processed: 1P0A2340_L.png
2026-04-27 16:17:29 [INFO] Skip already processed: 1P0A2346_L.png
2026-04-27 16:17:29 [INFO] Skip already processed: 1P0A2429_L.png
2026-04-27 16:17:29 [INFO] Skip already processed: 1P0A2435_L.png
2026-04-27 16:17:29 [INFO] Skip already processed: 1P0A2438_L.png
2026-04-27 16:17:29 [INFO] Skip already processed: 1P0A2441_L.png
2026-04-27 16:17:29 [INFO] Skip already processed: 1P0A2461_L.png
2026-04-27 16:17:29 [INFO] Skip already processed: 1P0A2482_L.png
2026-04-27 16:17:29 [INFO] Skip already processed: 1P0A2497_L.png
2026-04-27 16:17:29 [INFO] Skip already processed: 1P0A2507_L.png
2026-04-27 16:17:29 [INFO] Skip already processed: 1P0A2541_L.png
2026-04-27 16:17:31 [INFO] [sample] sample1.png -> sample1: 35x53, patches=1855
2026-04-27 16:17:31 [INFO] [sample] sample3.png -> sample3: 35x53, patches=1855
2026-04-27 16:17:31 [INFO] [sample] sample4.png -> sample4: 35x53, patches=1855
2026-04-27 16:17:31 [INFO] [sample] sample2.png -> sample2: 35x53, patches=1855
2026-04-27 16:17:31 [INFO] [sample] sample5.png -> sample5: 35x53, patches=1855
2026-04-27 16:17:32 [INFO] [sample] sample6.png -> sample6: 35x53, patches=1855
2026-04-27 16:17:32 [INFO] [sample] sample8.png -> sample8: 35x53, patches=1855
2026-04-27 16:17:32 [INFO] [sample] sample7.png -> sample7: 35x53, patches=1855
2026-04-27 16:17:32 [INFO] [sample] sample9.png -> sample9: 35x53, patches=1855
2026-04-27 16:17:32 [INFO] [sample] sample10.png -> sample10: 35x53, patches=1855
2026-04-27 16:17:32 [INFO] [sample] sample11.png -> sample11: 35x53, patches=1855
2026-04-27 16:17:32 [INFO] [sample] sample12.png -> sample12: 35x53, patches=1855
2026-04-27 16:17:32 [INFO] [sample] sample14.png -> sample14: 35x53, patches=1855
2026-04-27 16:17:32 [INFO] [sample] sample13.png -> sample13: 35x53, patches=1855
2026-04-27 16:17:32 [INFO] [sample] sample15.png -> sample15: 35x53, patches=1855
2026-04-27 16:17:32 [INFO] [sample] sample16.png -> sample16: 35x53, patches=1855
2026-04-27 16:17:32 [INFO] [sample] sample17.png -> sample17: 35x53, patches=1855
2026-04-27 16:17:32 [INFO] [sample] sample19.png -> sample19: 35x53, patches=1855
2026-04-27 16:17:32 [INFO] [sample] sample18.png -> sample18: 35x53, patches=1855
2026-04-27 16:17:32 [INFO] [sample] sample20.png -> sample20: 35x53, patches=1855
2026-04-27 16:17:32 [INFO] [sample] sample21.png -> sample21: 35x53, patches=1855
2026-04-27 16:17:32 [INFO] [sample] sample22.png -> sample22: 35x53, patches=1855
2026-04-27 16:17:32 [INFO] [sample] sample23.png -> sample23: 35x53, patches=1855
2026-04-27 16:17:32 [INFO] [sample] sample25.png -> sample25: 35x53, patches=1855
2026-04-27 16:17:32 [INFO] [sample] sample24.png -> sample24: 35x53, patches=1855
2026-04-27 16:17:33 [INFO] [sample] sample26.png -> sample26: 35x53, patches=1855
2026-04-27 16:17:33 [INFO] [sample] sample27.png -> sample27: 35x53, patches=1855
2026-04-27 16:17:33 [INFO] [sample] sample28.png -> sample28: 35x53, patches=1855
2026-04-27 16:17:33 [INFO] [sample] sample29.png -> sample29: 35x53, patches=1855
2026-04-27 16:17:33 [INFO] [sample] sample30.png -> sample30: 35x53, patches=1855
2026-04-27 16:17:33 [INFO] [sample] sample31.png -> sample31: 35x53, patches=1855
2026-04-27 16:17:33 [INFO] [sample] sample34.png -> sample34: 35x53, patches=1855
2026-04-27 16:17:33 [INFO] [sample] sample33.png -> sample33: 35x53, patches=1855
2026-04-27 16:17:33 [INFO] [sample] sample32.png -> sample32: 35x53, patches=1855
2026-04-27 16:17:33 [INFO] [sample] sample35.png -> sample35: 35x53, patches=1855
2026-04-27 16:17:33 [INFO] [sample] sample36.png -> sample36: 35x53, patches=1855
2026-04-27 16:17:33 [INFO] [sample] sample37.png -> sample37: 35x53, patches=1855
2026-04-27 16:17:33 [INFO] [sample] sample38.png -> sample38: 35x53, patches=1855
2026-04-27 16:17:33 [INFO] [sample] sample39.png -> sample39: 35x53, patches=1855
2026-04-27 16:17:33 [INFO] [sample] sample40.png -> sample40: 35x53, patches=1855
2026-04-27 16:17:33 [INFO] [sample] sample41.png -> sample41: 35x53, patches=1855
2026-04-27 16:17:33 [INFO] [sample] sample42.png -> sample42: 35x53, patches=1855
2026-04-27 16:17:33 [INFO] [sample] sample43.png -> sample43: 35x53, patches=1855
2026-04-27 16:17:33 [INFO] [sample] sample44.png -> sample44: 35x53, patches=1855
2026-04-27 16:17:33 [INFO] [sample] sample45.png -> sample45: 35x53, patches=1855
2026-04-27 16:17:33 [INFO] [sample] sample46.png -> sample46: 35x53, patches=1855
2026-04-27 16:17:34 [INFO] [sample] sample49.png -> sample49: 35x53, patches=1855
2026-04-27 16:17:34 [INFO] [sample] sample47.png -> sample47: 35x53, patches=1855
2026-04-27 16:17:34 [INFO] [sample] sample48.png -> sample48: 35x53, patches=1855
2026-04-27 16:17:34 [INFO] [sample] sample50.png -> sample50: 35x53, patches=1855
2026-04-27 16:17:34 [INFO] [sample] sample51.png -> sample51: 35x53, patches=1855
2026-04-27 16:17:34 [INFO] [sample] sample52.png -> sample52: 35x53, patches=1855
2026-04-27 16:17:34 [INFO] [sample] sample53.png -> sample53: 35x53, patches=1855
2026-04-27 16:17:34 [INFO] [sample] sample54.png -> sample54: 35x53, patches=1855
2026-04-27 16:17:34 [INFO] [sample] sample55.png -> sample55: 35x53, patches=1855
2026-04-27 16:17:34 [INFO] [sample] sample56.png -> sample56: 35x53, patches=1855
2026-04-27 16:17:34 [INFO] [sample] sample57.png -> sample57: 35x53, patches=1855
2026-04-27 16:17:34 [INFO] [sample] sample59.png -> sample59: 35x53, patches=1855
2026-04-27 16:17:34 [INFO] [sample] sample58.png -> sample58: 35x53, patches=1855
2026-04-27 16:17:34 [INFO] [sample] sample60.png -> sample60: 35x53, patches=1855
2026-04-27 16:17:34 [INFO] [sample] sample61.png -> sample61: 35x53, patches=1855
2026-04-27 16:17:34 [INFO] [sample] sample62.png -> sample62: 35x53, patches=1855
2026-04-27 16:17:34 [INFO] [sample] sample63.png -> sample63: 35x53, patches=1855
2026-04-27 16:17:34 [INFO] [sample] sample65.png -> sample65: 35x53, patches=1855
2026-04-27 16:17:34 [INFO] [sample] sample64.png -> sample64: 35x53, patches=1855
2026-04-27 16:17:34 [INFO] [sample] sample66.png -> sample66: 35x53, patches=1855
2026-04-27 16:17:35 [INFO] [sample] sample68.png -> sample68: 35x53, patches=1855
2026-04-27 16:17:35 [INFO] [sample] sample67.png -> sample67: 35x53, patches=1855
2026-04-27 16:17:35 [INFO] [sample] sample69.png -> sample69: 35x53, patches=1855
2026-04-27 16:17:35 [INFO] [sample] sample70.png -> sample70: 35x53, patches=1855
2026-04-27 16:17:35 [INFO] [sample] sample71.png -> sample71: 35x53, patches=1855
2026-04-27 16:17:35 [INFO] [sample] sample72.png -> sample72: 35x53, patches=1855
2026-04-27 16:17:35 [INFO] [sample] sample73.png -> sample73: 35x53, patches=1855
2026-04-27 16:17:35 [INFO] [sample] sample74.png -> sample74: 35x53, patches=1855
2026-04-27 16:17:35 [INFO] [sample] sample75.png -> sample75: 35x53, patches=1855
2026-04-27 16:17:35 [INFO] [sample] sample76.png -> sample76: 35x53, patches=1855
2026-04-27 16:17:35 [INFO] [sample] sample77.png -> sample77: 35x53, patches=1855
2026-04-27 16:17:35 [INFO] [sample] sample78.png -> sample78: 35x53, patches=1855
2026-04-27 16:17:35 [INFO] [sample] sample79.png -> sample79: 35x53, patches=1855
2026-04-27 16:17:35 [INFO] [sample] sample80.png -> sample80: 35x53, patches=1855
2026-04-27 16:17:35 [INFO] [sample] sample81.png -> sample81: 35x53, patches=1855
2026-04-27 16:17:35 [INFO] [sample] sample82.png -> sample82: 35x53, patches=1855
2026-04-27 16:17:35 [INFO] [sample] sample83.png -> sample83: 35x53, patches=1855
2026-04-27 16:17:35 [INFO] [sample] sample84.png -> sample84: 35x53, patches=1855
2026-04-27 16:17:35 [INFO] [sample] sample85.png -> sample85: 35x53, patches=1855
2026-04-27 16:17:35 [INFO] [sample] sample86.png -> sample86: 35x53, patches=1855
2026-04-27 16:17:35 [INFO] [sample] sample87.png -> sample87: 35x53, patches=1855
2026-04-27 16:17:36 [INFO] [sample] sample88.png -> sample88: 35x53, patches=1855
2026-04-27 16:17:36 [INFO] [sample] sample89.png -> sample89: 35x53, patches=1855
2026-04-27 16:17:36 [INFO] [sample] sample91.png -> sample91: 35x53, patches=1855
2026-04-27 16:17:36 [INFO] [sample] sample90.png -> sample90: 35x53, patches=1855
2026-04-27 16:17:36 [INFO] [sample] sample92.png -> sample92: 35x53, patches=1855
2026-04-27 16:17:36 [INFO] [sample] sample93.png -> sample93: 35x53, patches=1855
2026-04-27 16:17:36 [INFO] [sample] sample94.png -> sample94: 35x53, patches=1855
2026-04-27 16:17:36 [INFO] [sample] sample95.png -> sample95: 35x53, patches=1855
2026-04-27 16:17:36 [INFO] [sample] sample96.png -> sample96: 35x53, patches=1855
2026-04-27 16:17:36 [INFO] [sample] sample97.png -> sample97: 35x53, patches=1855
2026-04-27 16:17:36 [INFO] [sample] sample98.png -> sample98: 35x53, patches=1855
2026-04-27 16:17:36 [INFO] [sample] sample99.png -> sample99: 35x53, patches=1855
2026-04-27 16:17:36 [INFO] [sample] sample100.png -> sample100: 35x53, patches=1855
2026-04-27 16:17:36 [INFO] [sample] sample101.png -> sample101: 35x53, patches=1855
2026-04-27 16:17:36 [INFO] [sample] sample102.png -> sample102: 35x53, patches=1855
2026-04-27 16:17:36 [INFO] [sample] sample103.png -> sample103: 35x53, patches=1855
2026-04-27 16:17:36 [INFO] [sample] sample104.png -> sample104: 35x53, patches=1855
2026-04-27 16:17:36 [INFO] [sample] sample105.png -> sample105: 35x53, patches=1855
2026-04-27 16:17:36 [INFO] [sample] sample106.png -> sample106: 35x53, patches=1855
2026-04-27 16:17:37 [INFO] [sample] sample107.png -> sample107: 35x53, patches=1855
2026-04-27 16:17:37 [INFO] [sample] sample108.png -> sample108: 35x53, patches=1855
2026-04-27 16:17:37 [INFO] [sample] sample109.png -> sample109: 35x53, patches=1855
2026-04-27 16:17:37 [INFO] [sample] sample110.png -> sample110: 35x53, patches=1855
2026-04-27 16:17:37 [INFO] [sample] sample111.png -> sample111: 35x53, patches=1855
2026-04-27 16:17:37 [INFO] [sample] sample112.png -> sample112: 35x53, patches=1855
2026-04-27 16:17:37 [INFO] [sample] sample113.png -> sample113: 35x53, patches=1855
2026-04-27 16:17:37 [INFO] [sample] sample114.png -> sample114: 35x53, patches=1855
2026-04-27 16:17:37 [INFO] [sample] sample115.png -> sample115: 35x53, patches=1855
2026-04-27 16:17:37 [INFO] [sample] sample116.png -> sample116: 35x53, patches=1855
2026-04-27 16:17:38 [INFO] [sample] sample117.png -> sample117: 35x53, patches=1855
2026-04-27 16:17:38 [INFO] [sample] sample118.png -> sample118: 35x53, patches=1855
2026-04-27 16:17:38 [INFO] [sample] sample119.png -> sample119: 35x53, patches=1855
2026-04-27 16:17:38 [INFO] [sample] sample120.png -> sample120: 35x53, patches=1855
2026-04-27 16:17:38 [INFO] [sample] sample121.png -> sample121: 35x53, patches=1855
2026-04-27 16:17:38 [INFO] [sample] sample122.png -> sample122: 35x53, patches=1855
2026-04-27 16:17:38 [INFO] [sample] sample123.png -> sample123: 35x53, patches=1855
2026-04-27 16:17:38 [INFO] [sample] sample124.png -> sample124: 35x53, patches=1855
2026-04-27 16:17:38 [INFO] [sample] sample125.png -> sample125: 35x53, patches=1855
2026-04-27 16:17:38 [INFO] [sample] sample126.png -> sample126: 35x53, patches=1855
2026-04-27 16:17:38 [INFO] [sample] sample127.png -> sample127: 35x53, patches=1855
2026-04-27 16:17:38 [INFO] [sample] sample128.png -> sample128: 35x53, patches=1855
2026-04-27 16:17:38 [INFO] [sample] sample129.png -> sample129: 35x53, patches=1855
2026-04-27 16:17:38 [INFO] [sample] sample130.png -> sample130: 35x53, patches=1855
2026-04-27 16:17:38 [INFO] [sample] sample131.png -> sample131: 35x53, patches=1855
2026-04-27 16:17:38 [INFO] [sample] sample132.png -> sample132: 35x53, patches=1855
2026-04-27 16:17:38 [INFO] [sample] sample133.png -> sample133: 35x53, patches=1855
2026-04-27 16:17:38 [INFO] [sample] sample134.png -> sample134: 35x53, patches=1855
2026-04-27 16:17:38 [INFO] [sample] sample136.png -> sample136: 35x53, patches=1855
2026-04-27 16:17:38 [INFO] [sample] sample135.png -> sample135: 35x53, patches=1855
2026-04-27 16:17:39 [INFO] [sample] sample137.png -> sample137: 35x53, patches=1855
2026-04-27 16:17:39 [INFO] [sample] sample138.png -> sample138: 35x53, patches=1855
2026-04-27 16:17:39 [INFO] [sample] sample139.png -> sample139: 35x53, patches=1855
2026-04-27 16:17:39 [INFO] [sample] sample140.png -> sample140: 35x53, patches=1855
2026-04-27 16:17:39 [INFO] [sample] sample141.png -> sample141: 35x53, patches=1855
2026-04-27 16:17:39 [INFO] [sample] sample142.png -> sample142: 35x53, patches=1855
2026-04-27 16:17:39 [INFO] [sample] sample143.png -> sample143: 35x53, patches=1855
2026-04-27 16:17:39 [INFO] [sample] sample144.png -> sample144: 35x53, patches=1855
2026-04-27 16:17:39 [INFO] [sample] sample146.png -> sample146: 35x53, patches=1855
2026-04-27 16:17:39 [INFO] [sample] sample145.png -> sample145: 35x53, patches=1855
2026-04-27 16:17:39 [INFO] [sample] sample147.png -> sample147: 35x53, patches=1855
2026-04-27 16:17:39 [INFO] [sample] sample148.png -> sample148: 35x53, patches=1855
2026-04-27 16:17:39 [INFO] [sample] sample149.png -> sample149: 35x53, patches=1855
2026-04-27 16:17:39 [INFO] [sample] sample150.png -> sample150: 35x53, patches=1855
2026-04-27 16:17:39 [INFO] [sample] sample151.png -> sample151: 35x53, patches=1855
2026-04-27 16:17:39 [INFO] [sample] sample152.png -> sample152: 35x53, patches=1855
2026-04-27 16:17:39 [INFO] [sample] sample154.png -> sample154: 35x53, patches=1855
2026-04-27 16:17:39 [INFO] [sample] sample153.png -> sample153: 35x53, patches=1855
2026-04-27 16:17:39 [INFO] [sample] sample156.png -> sample156: 35x53, patches=1855
2026-04-27 16:17:39 [INFO] [sample] sample155.png -> sample155: 35x53, patches=1855
2026-04-27 16:17:40 [INFO] [sample] sample157.png -> sample157: 35x53, patches=1855
2026-04-27 16:17:40 [INFO] [sample] sample159.png -> sample159: 35x53, patches=1855
2026-04-27 16:17:40 [INFO] [sample] sample158.png -> sample158: 35x53, patches=1855
2026-04-27 16:17:40 [INFO] [sample] sample161.png -> sample161: 35x53, patches=1855
2026-04-27 16:17:40 [INFO] [sample] sample160.png -> sample160: 35x53, patches=1855
2026-04-27 16:17:40 [INFO] [sample] sample162.png -> sample162: 35x53, patches=1855
2026-04-27 16:17:40 [INFO] [sample] sample164.png -> sample164: 35x53, patches=1855
2026-04-27 16:17:40 [INFO] [sample] sample163.png -> sample163: 35x53, patches=1855
2026-04-27 16:17:40 [INFO] [sample] sample165.png -> sample165: 35x53, patches=1855
2026-04-27 16:17:40 [INFO] [sample] sample166.png -> sample166: 35x53, patches=1855
2026-04-27 16:17:40 [INFO] [sample] sample167.png -> sample167: 35x53, patches=1855
2026-04-27 16:17:40 [INFO] [sample] sample168.png -> sample168: 35x53, patches=1855
2026-04-27 16:17:40 [INFO] [sample] sample169.png -> sample169: 35x53, patches=1855
2026-04-27 16:17:40 [INFO] [sample] sample170.png -> sample170: 35x53, patches=1855
2026-04-27 16:17:40 [INFO] [sample] sample172.png -> sample172: 35x53, patches=1855
2026-04-27 16:17:40 [INFO] [sample] sample171.png -> sample171: 35x53, patches=1855
2026-04-27 16:17:40 [INFO] [sample] sample173.png -> sample173: 35x53, patches=1855
2026-04-27 16:17:40 [INFO] [sample] sample174.png -> sample174: 35x53, patches=1855
2026-04-27 16:17:40 [INFO] [sample] sample175.png -> sample175: 35x53, patches=1855
2026-04-27 16:17:40 [INFO] [sample] sample176.png -> sample176: 35x53, patches=1855
2026-04-27 16:17:40 [INFO] [sample] sample177.png -> sample177: 35x53, patches=1855
2026-04-27 16:17:41 [INFO] [sample] sample178.png -> sample178: 35x53, patches=1855
2026-04-27 16:17:41 [INFO] [sample] sample179.png -> sample179: 35x53, patches=1855
2026-04-27 16:17:41 [INFO] [sample] sample180.png -> sample180: 35x53, patches=1855
2026-04-27 16:17:41 [INFO] [sample] sample181.png -> sample181: 35x53, patches=1855
2026-04-27 16:17:41 [INFO] [sample] sample182.png -> sample182: 35x53, patches=1855
2026-04-27 16:17:41 [INFO] [sample] sample183.png -> sample183: 35x53, patches=1855
2026-04-27 16:17:41 [INFO] [sample] sample185.png -> sample185: 35x53, patches=1855
2026-04-27 16:17:41 [INFO] [sample] sample184.png -> sample184: 35x53, patches=1855
2026-04-27 16:17:41 [INFO] [sample] sample186.png -> sample186: 35x53, patches=1855
2026-04-27 16:17:41 [INFO] [sample] sample187.png -> sample187: 35x53, patches=1855
2026-04-27 16:17:41 [INFO] [sample] sample188.png -> sample188: 35x53, patches=1855
2026-04-27 16:17:41 [INFO] [sample] sample189.png -> sample189: 35x53, patches=1855
2026-04-27 16:17:41 [INFO] [sample] sample190.png -> sample190: 35x53, patches=1855
2026-04-27 16:17:41 [INFO] [sample] sample191.png -> sample191: 35x53, patches=1855
2026-04-27 16:17:41 [INFO] [sample] sample192.png -> sample192: 35x53, patches=1855
2026-04-27 16:17:41 [INFO] [sample] sample193.png -> sample193: 35x53, patches=1855
2026-04-27 16:17:41 [INFO] [sample] sample194.png -> sample194: 35x53, patches=1855
2026-04-27 16:17:41 [INFO] [sample] sample195.png -> sample195: 35x53, patches=1855
2026-04-27 16:17:41 [INFO] [sample] sample196.png -> sample196: 35x53, patches=1855
2026-04-27 16:17:42 [INFO] [sample] sample197.png -> sample197: 35x53, patches=1855
2026-04-27 16:17:42 [INFO] [sample] sample199.png -> sample199: 35x53, patches=1855
2026-04-27 16:17:42 [INFO] [sample] sample198.png -> sample198: 35x53, patches=1855
2026-04-27 16:17:42 [INFO] [sample] sample200.png -> sample200: 35x53, patches=1855
2026-04-27 16:17:42 [INFO] [sample] sample201.png -> sample201: 35x53, patches=1855
2026-04-27 16:17:42 [INFO] [sample] sample202.png -> sample202: 35x53, patches=1855
2026-04-27 16:17:42 [INFO] [sample] sample203.png -> sample203: 35x53, patches=1855
2026-04-27 16:17:42 [INFO] [sample] sample204.png -> sample204: 35x53, patches=1855
2026-04-27 16:17:42 [INFO] [sample] sample205.png -> sample205: 35x53, patches=1855
2026-04-27 16:17:42 [INFO] [sample] sample206.png -> sample206: 35x53, patches=1855
2026-04-27 16:17:42 [INFO] [sample] sample207.png -> sample207: 35x53, patches=1855
2026-04-27 16:17:42 [INFO] [sample] sample208.png -> sample208: 35x53, patches=1855
2026-04-27 16:17:42 [INFO] [sample] sample209.png -> sample209: 35x53, patches=1855
2026-04-27 16:17:42 [INFO] [sample] sample210.png -> sample210: 35x53, patches=1855
2026-04-27 16:17:42 [INFO] [sample] sample211.png -> sample211: 35x53, patches=1855
2026-04-27 16:17:42 [INFO] [sample] sample212.png -> sample212: 35x53, patches=1855
2026-04-27 16:17:42 [INFO] [sample] sample213.png -> sample213: 35x53, patches=1855
2026-04-27 16:17:42 [INFO] [sample] sample214.png -> sample214: 35x53, patches=1855
2026-04-27 16:17:42 [INFO] [sample] sample215.png -> sample215: 35x53, patches=1855
2026-04-27 16:17:43 [INFO] [sample] sample216.png -> sample216: 35x53, patches=1855
2026-04-27 16:17:43 [INFO] [sample] sample217.png -> sample217: 35x53, patches=1855
2026-04-27 16:17:43 [INFO] [sample] sample220.png -> sample220: 35x53, patches=1855
2026-04-27 16:17:43 [INFO] [sample] sample219.png -> sample219: 35x53, patches=1855
2026-04-27 16:17:43 [INFO] [sample] sample218.png -> sample218: 35x53, patches=1855
2026-04-27 16:17:43 [INFO] [sample] sample221.png -> sample221: 35x53, patches=1855
2026-04-27 16:17:43 [INFO] [sample] sample222.png -> sample222: 35x53, patches=1855
2026-04-27 16:17:43 [INFO] [sample] sample223.png -> sample223: 35x53, patches=1855
2026-04-27 16:17:43 [INFO] [sample] sample224.png -> sample224: 35x53, patches=1855
2026-04-27 16:17:43 [INFO] [sample] sample225.png -> sample225: 35x53, patches=1855
2026-04-27 16:17:43 [INFO] [sample] sample226.png -> sample226: 35x53, patches=1855
2026-04-27 16:17:43 [INFO] [sample] sample227.png -> sample227: 35x53, patches=1855
2026-04-27 16:17:43 [INFO] [sample] sample229.png -> sample229: 35x53, patches=1855
2026-04-27 16:17:43 [INFO] [sample] sample228.png -> sample228: 35x53, patches=1855
2026-04-27 16:17:43 [INFO] [sample] sample230.png -> sample230: 35x53, patches=1855
2026-04-27 16:17:43 [INFO] [sample] sample231.png -> sample231: 35x53, patches=1855
2026-04-27 16:17:43 [INFO] [sample] sample232.png -> sample232: 35x53, patches=1855
2026-04-27 16:17:43 [INFO] [sample] sample233.png -> sample233: 35x53, patches=1855
2026-04-27 16:17:43 [INFO] [sample] sample235.png -> sample235: 35x53, patches=1855
2026-04-27 16:17:43 [INFO] [sample] sample234.png -> sample234: 35x53, patches=1855
2026-04-27 16:17:43 [INFO] [sample] sample236.png -> sample236: 35x53, patches=1855
2026-04-27 16:17:44 [INFO] [sample] sample237.png -> sample237: 35x53, patches=1855
2026-04-27 16:17:44 [INFO] [sample] sample240.png -> sample240: 35x53, patches=1855
2026-04-27 16:17:44 [INFO] [sample] sample239.png -> sample239: 35x53, patches=1855
2026-04-27 16:17:44 [INFO] [sample] sample238.png -> sample238: 35x53, patches=1855
2026-04-27 16:17:44 [INFO] [sample] sample241.png -> sample241: 35x53, patches=1855
2026-04-27 16:17:44 [INFO] [sample] sample242.png -> sample242: 35x53, patches=1855
2026-04-27 16:17:44 [INFO] [sample] sample244.png -> sample244: 35x53, patches=1855
2026-04-27 16:17:44 [INFO] [sample] sample243.png -> sample243: 35x53, patches=1855
2026-04-27 16:17:44 [INFO] [sample] sample245.png -> sample245: 35x53, patches=1855
2026-04-27 16:17:44 [INFO] [sample] sample246.png -> sample246: 35x53, patches=1855
2026-04-27 16:17:44 [INFO] [sample] sample247.png -> sample247: 35x53, patches=1855
2026-04-27 16:17:44 [INFO] [sample] sample249.png -> sample249: 35x53, patches=1855
2026-04-27 16:17:44 [INFO] [sample] sample248.png -> sample248: 35x53, patches=1855
2026-04-27 16:17:44 [INFO] [sample] sample250.png -> sample250: 35x53, patches=1855
2026-04-27 16:17:44 [INFO] [sample] sample251.png -> sample251: 35x53, patches=1855
2026-04-27 16:17:44 [INFO] [sample] sample252.png -> sample252: 35x53, patches=1855
2026-04-27 16:17:44 [INFO] [sample] sample253.png -> sample253: 35x53, patches=1855
2026-04-27 16:17:44 [INFO] [sample] sample255.png -> sample255: 35x53, patches=1855
2026-04-27 16:17:44 [INFO] [sample] sample254.png -> sample254: 35x53, patches=1855
2026-04-27 16:17:44 [INFO] [sample] sample256.png -> sample256: 35x53, patches=1855
2026-04-27 16:17:44 [INFO] [sample] sample257.png -> sample257: 35x53, patches=1855
2026-04-27 16:17:45 [INFO] [sample] sample258.png -> sample258: 35x53, patches=1855
2026-04-27 16:17:45 [INFO] [sample] sample259.png -> sample259: 35x53, patches=1855
2026-04-27 16:17:45 [INFO] [sample] sample260.png -> sample260: 35x53, patches=1855
2026-04-27 16:17:45 [INFO] [sample] sample261.png -> sample261: 35x53, patches=1855
2026-04-27 16:17:45 [INFO] [sample] sample262.png -> sample262: 35x53, patches=1855
2026-04-27 16:17:45 [INFO] [sample] sample263.png -> sample263: 35x53, patches=1855
2026-04-27 16:17:45 [INFO] [sample] sample264.png -> sample264: 35x53, patches=1855
2026-04-27 16:17:45 [INFO] [sample] sample265.png -> sample265: 35x53, patches=1855
2026-04-27 16:17:45 [INFO] [sample] sample266.png -> sample266: 35x53, patches=1855
2026-04-27 16:17:45 [INFO] [sample] sample267.png -> sample267: 35x53, patches=1855
2026-04-27 16:17:45 [INFO] [sample] sample268.png -> sample268: 35x53, patches=1855
2026-04-27 16:17:45 [INFO] [sample] sample269.png -> sample269: 35x53, patches=1855
2026-04-27 16:17:45 [INFO] [sample] sample270.png -> sample270: 35x53, patches=1855
2026-04-27 16:17:45 [INFO] [sample] sample271.png -> sample271: 35x53, patches=1855
2026-04-27 16:17:45 [INFO] [sample] sample272.png -> sample272: 35x53, patches=1855
2026-04-27 16:17:45 [INFO] [sample] sample273.png -> sample273: 35x53, patches=1855
2026-04-27 16:17:45 [INFO] [sample] sample274.png -> sample274: 35x53, patches=1855
2026-04-27 16:17:45 [INFO] [sample] sample275.png -> sample275: 35x53, patches=1855
2026-04-27 16:17:45 [INFO] [sample] sample276.png -> sample276: 35x53, patches=1855
2026-04-27 16:17:45 [INFO] [sample] sample277.png -> sample277: 35x53, patches=1855
2026-04-27 16:17:46 [INFO] [sample] sample278.png -> sample278: 35x53, patches=1855
2026-04-27 16:17:46 [INFO] [sample] sample279.png -> sample279: 35x53, patches=1855
2026-04-27 16:17:46 [INFO] [sample] sample281.png -> sample281: 35x53, patches=1855
2026-04-27 16:17:46 [INFO] [sample] sample280.png -> sample280: 35x53, patches=1855
2026-04-27 16:17:46 [INFO] [sample] sample282.png -> sample282: 35x53, patches=1855
2026-04-27 16:17:46 [INFO] [sample] sample283.png -> sample283: 35x53, patches=1855
2026-04-27 16:17:46 [INFO] [sample] sample284.png -> sample284: 35x53, patches=1855
2026-04-27 16:17:46 [INFO] [sample] sample285.png -> sample285: 35x53, patches=1855
2026-04-27 16:17:46 [INFO] [sample] sample286.png -> sample286: 35x53, patches=1855
2026-04-27 16:17:46 [INFO] [sample] sample287.png -> sample287: 35x53, patches=1855
2026-04-27 16:17:46 [INFO] [sample] sample288.png -> sample288: 35x53, patches=1855
2026-04-27 16:17:46 [INFO] [sample] sample289.png -> sample289: 35x53, patches=1855
2026-04-27 16:17:46 [INFO] [sample] sample290.png -> sample290: 35x53, patches=1855
2026-04-27 16:17:46 [INFO] [sample] sample292.png -> sample292: 35x53, patches=1855
2026-04-27 16:17:46 [INFO] [sample] sample291.png -> sample291: 35x53, patches=1855
2026-04-27 16:17:46 [INFO] [sample] sample293.png -> sample293: 35x53, patches=1855
2026-04-27 16:17:46 [INFO] [sample] sample294.png -> sample294: 35x53, patches=1855
2026-04-27 16:17:46 [INFO] [sample] sample295.png -> sample295: 35x53, patches=1855
2026-04-27 16:17:46 [INFO] [sample] sample296.png -> sample296: 35x53, patches=1855
2026-04-27 16:17:46 [INFO] [sample] sample297.png -> sample297: 35x53, patches=1855
2026-04-27 16:17:47 [INFO] [sample] sample298.png -> sample298: 35x53, patches=1855
2026-04-27 16:17:47 [INFO] [sample] sample299.png -> sample299: 35x53, patches=1855
2026-04-27 16:17:47 [INFO] [sample] sample300.png -> sample300: 35x53, patches=1855
2026-04-27 16:17:47 [INFO] [sample] sample301.png -> sample301: 35x53, patches=1855
2026-04-27 16:17:47 [INFO] [sample] sample302.png -> sample302: 35x53, patches=1855
2026-04-27 16:17:47 [INFO] [sample] sample303.png -> sample303: 35x53, patches=1855
2026-04-27 16:17:47 [INFO] [sample] sample304.png -> sample304: 35x53, patches=1855
2026-04-27 16:17:47 [INFO] [sample] sample305.png -> sample305: 35x53, patches=1855
2026-04-27 16:17:47 [INFO] [sample] sample306.png -> sample306: 35x53, patches=1855
2026-04-27 16:17:47 [INFO] [sample] sample307.png -> sample307: 35x53, patches=1855
2026-04-27 16:17:47 [INFO] [sample] sample308.png -> sample308: 35x53, patches=1855
2026-04-27 16:17:47 [INFO] [sample] sample310.png -> sample310: 35x53, patches=1855
2026-04-27 16:17:47 [INFO] [sample] sample309.png -> sample309: 35x53, patches=1855
2026-04-27 16:17:47 [INFO] [sample] sample311.png -> sample311: 35x53, patches=1855
2026-04-27 16:17:47 [INFO] [sample] sample312.png -> sample312: 35x53, patches=1855
2026-04-27 16:17:47 [INFO] [sample] sample313.png -> sample313: 35x53, patches=1855
2026-04-27 16:17:47 [INFO] [sample] sample314.png -> sample314: 35x53, patches=1855
2026-04-27 16:17:47 [INFO] [sample] sample315.png -> sample315: 35x53, patches=1855
2026-04-27 16:17:47 [INFO] [sample] sample316.png -> sample316: 35x53, patches=1855
2026-04-27 16:17:47 [INFO] [sample] sample317.png -> sample317: 35x53, patches=1855
2026-04-27 16:17:48 [INFO] [sample] sample319.png -> sample319: 35x53, patches=1855
2026-04-27 16:17:48 [INFO] [sample] sample318.png -> sample318: 35x53, patches=1855
2026-04-27 16:17:48 [INFO] [sample] sample320.png -> sample320: 35x53, patches=1855
2026-04-27 16:17:48 [INFO] [sample] sample321.png -> sample321: 35x53, patches=1855
2026-04-27 16:17:48 [INFO] [sample] sample322.png -> sample322: 35x53, patches=1855
2026-04-27 16:17:48 [INFO] [sample] sample323.png -> sample323: 35x53, patches=1855
2026-04-27 16:17:48 [INFO] [sample] sample324.png -> sample324: 35x53, patches=1855
2026-04-27 16:17:48 [INFO] [sample] sample325.png -> sample325: 35x53, patches=1855
2026-04-27 16:17:48 [INFO] [sample] sample326.png -> sample326: 35x53, patches=1855
2026-04-27 16:17:48 [INFO] [sample] sample327.png -> sample327: 35x53, patches=1855
2026-04-27 16:17:48 [INFO] [sample] sample328.png -> sample328: 35x53, patches=1855
2026-04-27 16:17:48 [INFO] [sample] sample329.png -> sample329: 35x53, patches=1855
2026-04-27 16:17:48 [INFO] [sample] sample330.png -> sample330: 35x53, patches=1855
2026-04-27 16:17:48 [INFO] [sample] sample331.png -> sample331: 35x53, patches=1855
2026-04-27 16:17:48 [INFO] [sample] sample332.png -> sample332: 35x53, patches=1855
2026-04-27 16:17:48 [INFO] [sample] sample333.png -> sample333: 35x53, patches=1855
2026-04-27 16:17:48 [INFO] [sample] sample334.png -> sample334: 35x53, patches=1855
2026-04-27 16:17:48 [INFO] [sample] sample335.png -> sample335: 35x53, patches=1855
2026-04-27 16:17:48 [INFO] [sample] sample336.png -> sample336: 35x53, patches=1855
2026-04-27 16:17:48 [INFO] [sample] sample337.png -> sample337: 35x53, patches=1855
2026-04-27 16:17:49 [INFO] [sample] sample338.png -> sample338: 35x53, patches=1855
2026-04-27 16:17:49 [INFO] [sample] sample339.png -> sample339: 35x53, patches=1855
2026-04-27 16:17:49 [INFO] [sample] sample340.png -> sample340: 35x53, patches=1855
2026-04-27 16:17:49 [INFO] [sample] sample342.png -> sample342: 35x53, patches=1855
2026-04-27 16:17:49 [INFO] [sample] sample341.png -> sample341: 35x53, patches=1855
2026-04-27 16:17:49 [INFO] [sample] sample343.png -> sample343: 35x53, patches=1855
2026-04-27 16:17:49 [INFO] [sample] sample344.png -> sample344: 35x53, patches=1855
2026-04-27 16:17:49 [INFO] [sample] sample345.png -> sample345: 35x53, patches=1855
2026-04-27 16:17:49 [INFO] [sample] sample347.png -> sample347: 35x53, patches=1855
2026-04-27 16:17:49 [INFO] [sample] sample346.png -> sample346: 35x53, patches=1855
2026-04-27 16:17:49 [INFO] [sample] sample348.png -> sample348: 35x53, patches=1855
2026-04-27 16:17:49 [INFO] [sample] sample349.png -> sample349: 35x53, patches=1855
2026-04-27 16:17:49 [INFO] [sample] sample350.png -> sample350: 35x53, patches=1855
2026-04-27 16:17:52 [INFO] [valid_sample] valid_sample1.png -> valid_sample1: 35x53, patches=1855
2026-04-27 16:17:52 [INFO] [valid_sample] valid_sample2.png -> valid_sample2: 35x53, patches=1855
2026-04-27 16:17:52 [INFO] [valid_sample] valid_sample3.png -> valid_sample3: 35x53, patches=1855
2026-04-27 16:17:52 [INFO] [valid_sample] valid_sample4.png -> valid_sample4: 35x53, patches=1855
2026-04-27 16:17:52 [INFO] [valid_sample] valid_sample5.png -> valid_sample5: 35x53, patches=1855
2026-04-27 16:17:52 [INFO] [valid_sample] valid_sample6.png -> valid_sample6: 35x53, patches=1855
2026-04-27 16:17:52 [INFO] [valid_sample] valid_sample8.png -> valid_sample8: 35x53, patches=1855
2026-04-27 16:17:52 [INFO] [valid_sample] valid_sample7.png -> valid_sample7: 35x53, patches=1855
2026-04-27 16:17:52 [INFO] [valid_sample] valid_sample9.png -> valid_sample9: 35x53, patches=1855
2026-04-27 16:17:52 [INFO] [valid_sample] valid_sample10.png -> valid_sample10: 35x53, patches=1855
2026-04-27 16:17:52 [INFO] [valid_sample] valid_sample13.png -> valid_sample13: 35x53, patches=1855
2026-04-27 16:17:52 [INFO] [valid_sample] valid_sample12.png -> valid_sample12: 35x53, patches=1855
2026-04-27 16:17:52 [INFO] [valid_sample] valid_sample11.png -> valid_sample11: 35x53, patches=1855
2026-04-27 16:17:52 [INFO] [valid_sample] valid_sample14.png -> valid_sample14: 35x53, patches=1855
2026-04-27 16:17:52 [INFO] [valid_sample] valid_sample15.png -> valid_sample15: 35x53, patches=1855
2026-04-27 16:17:53 [INFO] [valid_sample] valid_sample16.png -> valid_sample16: 35x53, patches=1855
2026-04-27 16:17:53 [INFO] [valid_sample] valid_sample17.png -> valid_sample17: 35x53, patches=1855
2026-04-27 16:17:53 [INFO] [valid_sample] valid_sample18.png -> valid_sample18: 35x53, patches=1855
2026-04-27 16:17:53 [INFO] [valid_sample] valid_sample19.png -> valid_sample19: 35x53, patches=1855
2026-04-27 16:17:53 [INFO] [valid_sample] valid_sample20.png -> valid_sample20: 35x53, patches=1855
2026-04-27 16:17:53 [INFO] [valid_sample] valid_sample21.png -> valid_sample21: 35x53, patches=1855
2026-04-27 16:17:53 [INFO] [valid_sample] valid_sample22.png -> valid_sample22: 35x53, patches=1855
2026-04-27 16:17:53 [INFO] [valid_sample] valid_sample23.png -> valid_sample23: 35x53, patches=1855
2026-04-27 16:17:53 [INFO] [valid_sample] valid_sample24.png -> valid_sample24: 35x53, patches=1855
2026-04-27 16:17:53 [INFO] [valid_sample] valid_sample25.png -> valid_sample25: 35x53, patches=1855
2026-04-27 16:17:53 [INFO] [valid_sample] valid_sample26.png -> valid_sample26: 35x53, patches=1855
2026-04-27 16:17:53 [INFO] [valid_sample] valid_sample29.png -> valid_sample29: 35x53, patches=1855
2026-04-27 16:17:53 [INFO] [valid_sample] valid_sample27.png -> valid_sample27: 35x53, patches=1855
2026-04-27 16:17:53 [INFO] [valid_sample] valid_sample28.png -> valid_sample28: 35x53, patches=1855
2026-04-27 16:17:53 [INFO] [valid_sample] valid_sample30.png -> valid_sample30: 35x53, patches=1855
2026-04-27 16:17:53 [INFO] [valid_sample] valid_sample31.png -> valid_sample31: 35x53, patches=1855
2026-04-27 16:17:53 [INFO] [valid_sample] valid_sample33.png -> valid_sample33: 35x53, patches=1855
2026-04-27 16:17:53 [INFO] [valid_sample] valid_sample32.png -> valid_sample32: 35x53, patches=1855
2026-04-27 16:17:53 [INFO] [valid_sample] valid_sample34.png -> valid_sample34: 35x53, patches=1855
2026-04-27 16:17:54 [INFO] [valid_sample] valid_sample35.png -> valid_sample35: 35x53, patches=1855
2026-04-27 16:17:54 [INFO] [valid_sample] valid_sample36.png -> valid_sample36: 35x53, patches=1855
2026-04-27 16:17:54 [INFO] [valid_sample] valid_sample37.png -> valid_sample37: 35x53, patches=1855
2026-04-27 16:17:54 [INFO] [valid_sample] valid_sample38.png -> valid_sample38: 35x53, patches=1855
2026-04-27 16:17:54 [INFO] [valid_sample] valid_sample39.png -> valid_sample39: 35x53, patches=1855
2026-04-27 16:17:54 [INFO] [valid_sample] valid_sample40.png -> valid_sample40: 35x53, patches=1855
2026-04-27 16:17:54 [INFO] [valid_sample] valid_sample41.png -> valid_sample41: 35x53, patches=1855
2026-04-27 16:17:54 [INFO] [valid_sample] valid_sample42.png -> valid_sample42: 35x53, patches=1855
2026-04-27 16:17:54 [INFO] [valid_sample] valid_sample43.png -> valid_sample43: 35x53, patches=1855
2026-04-27 16:17:54 [INFO] [valid_sample] valid_sample44.png -> valid_sample44: 35x53, patches=1855
2026-04-27 16:17:54 [INFO] [valid_sample] valid_sample45.png -> valid_sample45: 35x53, patches=1855
2026-04-27 16:17:54 [INFO] [valid_sample] valid_sample46.png -> valid_sample46: 35x53, patches=1855
2026-04-27 16:17:54 [INFO] [valid_sample] valid_sample47.png -> valid_sample47: 35x53, patches=1855
2026-04-27 16:17:54 [INFO] [valid_sample] valid_sample48.png -> valid_sample48: 35x53, patches=1855
2026-04-27 16:17:54 [INFO] [valid_sample] valid_sample49.png -> valid_sample49: 35x53, patches=1855
2026-04-27 16:17:54 [INFO] [valid_sample] valid_sample50.png -> valid_sample50: 35x53, patches=1855
2026-04-27 16:17:54 [INFO] [valid_sample] valid_sample51.png -> valid_sample51: 35x53, patches=1855
2026-04-27 16:17:54 [INFO] [valid_sample] valid_sample52.png -> valid_sample52: 35x53, patches=1855
2026-04-27 16:17:54 [INFO] [valid_sample] valid_sample54.png -> valid_sample54: 35x53, patches=1855
2026-04-27 16:17:54 [INFO] [valid_sample] valid_sample53.png -> valid_sample53: 35x53, patches=1855
2026-04-27 16:17:54 [INFO] [valid_sample] valid_sample55.png -> valid_sample55: 35x53, patches=1855
2026-04-27 16:17:55 [INFO] [valid_sample] valid_sample56.png -> valid_sample56: 35x53, patches=1855
2026-04-27 16:17:55 [INFO] [valid_sample] valid_sample57.png -> valid_sample57: 35x53, patches=1855
2026-04-27 16:17:55 [INFO] [valid_sample] valid_sample59.png -> valid_sample59: 35x53, patches=1855
2026-04-27 16:17:55 [INFO] [valid_sample] valid_sample58.png -> valid_sample58: 35x53, patches=1855
2026-04-27 16:17:55 [INFO] [valid_sample] valid_sample60.png -> valid_sample60: 35x53, patches=1855
2026-04-27 16:17:55 [INFO] [valid_sample] valid_sample61.png -> valid_sample61: 35x53, patches=1855
2026-04-27 16:17:55 [INFO] [valid_sample] valid_sample62.png -> valid_sample62: 35x53, patches=1855
2026-04-27 16:17:55 [INFO] [valid_sample] valid_sample64.png -> valid_sample64: 35x53, patches=1855
2026-04-27 16:17:55 [INFO] [valid_sample] valid_sample63.png -> valid_sample63: 35x53, patches=1855
2026-04-27 16:17:55 [INFO] [valid_sample] valid_sample65.png -> valid_sample65: 35x53, patches=1855
2026-04-27 16:17:55 [INFO] [valid_sample] valid_sample67.png -> valid_sample67: 35x53, patches=1855
2026-04-27 16:17:55 [INFO] [valid_sample] valid_sample66.png -> valid_sample66: 35x53, patches=1855
2026-04-27 16:17:55 [INFO] [valid_sample] valid_sample68.png -> valid_sample68: 35x53, patches=1855
2026-04-27 16:17:55 [INFO] [valid_sample] valid_sample69.png -> valid_sample69: 35x53, patches=1855
2026-04-27 16:17:55 [INFO] [valid_sample] valid_sample70.png -> valid_sample70: 35x53, patches=1855
2026-04-27 16:17:55 [INFO] [valid_sample] valid_sample71.png -> valid_sample71: 35x53, patches=1855
2026-04-27 16:17:55 [INFO] [valid_sample] valid_sample72.png -> valid_sample72: 35x53, patches=1855
2026-04-27 16:17:55 [INFO] [valid_sample] valid_sample73.png -> valid_sample73: 35x53, patches=1855
2026-04-27 16:17:55 [INFO] [valid_sample] valid_sample74.png -> valid_sample74: 35x53, patches=1855
2026-04-27 16:17:56 [INFO] Binary labeling mode enabled: blur_threshold == sharp_threshold == 0.750
2026-04-27 16:17:58 [INFO] Saved: /Volumes/JIAYI/ImageFocusDetection/data/samples_labels/sample264_labels/sample264.csv
2026-04-27 16:17:58 [INFO] Saved: /Volumes/JIAYI/ImageFocusDetection/data/samples_labels/sample263_labels/sample263.csv
2026-04-27 16:17:58 [INFO] Saved: /Volumes/JIAYI/ImageFocusDetection/data/samples_labels/sample297_labels/sample297.csv
2026-04-27 16:17:58 [INFO] Saved: /Volumes/JIAYI/ImageFocusDetection/data/samples_labels/sample290_labels/sample290.csv
2026-04-27 16:17:58 [INFO] Saved: /Volumes/JIAYI/ImageFocusDetection/data/samples_labels/sample5_labels/sample5.csv
2026-04-27 16:17:59 [INFO] Saved: /Volumes/JIAYI/ImageFocusDetection/data/samples_labels/sample2_labels/sample2.csv
2026-04-27 16:17:59 [INFO] Saved: /Volumes/JIAYI/ImageFocusDetection/data/samples_labels/sample252_labels/sample252.csv
2026-04-27 16:17:59 [INFO] Saved: /Volumes/JIAYI/ImageFocusDetection/data/samples_labels/sample299_labels/sample299.csv
2026-04-27 16:17:59 [INFO] Saved: /Volumes/JIAYI/ImageFocusDetection/data/samples_labels/sample255_labels/sample255.csv
2026-04-27 16:17:59 [INFO] Saved: /Volumes/JIAYI/ImageFocusDetection/data/samples_labels/sample201_labels/sample201.csv
2026-04-27 16:17:59 [INFO] Saved: /Volumes/JIAYI/ImageFocusDetection/data/samples_labels/sample206_labels/sample206.csv
2026-04-27 16:17:59 [INFO] Saved: /Volumes/JIAYI/ImageFocusDetection/data/samples_labels/sample239_labels/sample239.csv
2026-04-27 16:17:59 [INFO] Saved: /Volumes/JIAYI/ImageFocusDetection/data/samples_labels/sample230_labels/sample230.csv
2026-04-27 16:17:59 [INFO] Saved: /Volumes/JIAYI/ImageFocusDetection/data/samples_labels/sample208_labels/sample208.csv
2026-04-27 16:17:59 [INFO] Saved: /Volumes/JIAYI/ImageFocusDetection/data/samples_labels/sample237_labels/sample237.csv
2026-04-27 16:18:00 [INFO] Saved: /Volumes/JIAYI/ImageFocusDetection/data/samples_labels/sample3_labels/sample3.csv
2026-04-27 16:18:00 [INFO] Saved: /Volumes/JIAYI/ImageFocusDetection/data/samples_labels/sample254_labels/sample254.csv
2026-04-27 16:18:00 [INFO] Saved: /Volumes/JIAYI/ImageFocusDetection/data/samples_labels/sample4_labels/sample4.csv
2026-04-27 16:18:00 [INFO] Saved: /Volumes/JIAYI/ImageFocusDetection/data/samples_labels/sample298_labels/sample298.csv
2026-04-27 16:18:00 [INFO] Saved: /Volumes/JIAYI/ImageFocusDetection/data/samples_labels/sample253_labels/sample253.csv
2026-04-27 16:18:00 [INFO] Saved: /Volumes/JIAYI/ImageFocusDetection/data/samples_labels/sample291_labels/sample291.csv
2026-04-27 16:18:00 [INFO] Saved: /Volumes/JIAYI/ImageFocusDetection/data/samples_labels/sample265_labels/sample265.csv
2026-04-27 16:18:00 [INFO] Saved: /Volumes/JIAYI/ImageFocusDetection/data/samples_labels/sample296_labels/sample296.csv
2026-04-27 16:18:00 [INFO] Saved: /Volumes/JIAYI/ImageFocusDetection/data/samples_labels/sample262_labels/sample262.csv
2026-04-27 16:18:00 [INFO] Saved: /Volumes/JIAYI/ImageFocusDetection/data/samples_labels/sample236_labels/sample236.csv
2026-04-27 16:18:00 [INFO] Saved: /Volumes/JIAYI/ImageFocusDetection/data/samples_labels/sample209_labels/sample209.csv
2026-04-27 16:18:01 [INFO] Saved: /Volumes/JIAYI/ImageFocusDetection/data/samples_labels/sample207_labels/sample207.csv
2026-04-27 16:18:01 [INFO] Saved: /Volumes/JIAYI/ImageFocusDetection/data/samples_labels/sample231_labels/sample231.csv
2026-04-27 16:18:01 [INFO] Saved: /Volumes/JIAYI/ImageFocusDetection/data/samples_labels/sample238_labels/sample238.csv
2026-04-27 16:18:01 [INFO] Saved: /Volumes/JIAYI/ImageFocusDetection/data/samples_labels/sample200_labels/sample200.csv
2026-04-27 16:18:01 [INFO] Saved: /Volumes/JIAYI/ImageFocusDetection/data/samples_labels/sample14_labels/sample14.csv
2026-04-27 16:18:01 [INFO] Saved: /Volumes/JIAYI/ImageFocusDetection/data/samples_labels/sample13_labels/sample13.csv
2026-04-27 16:18:01 [INFO] Saved: /Volumes/JIAYI/ImageFocusDetection/data/samples_labels/sample140_labels/sample140.csv
2026-04-27 16:18:01 [INFO] Saved: /Volumes/JIAYI/ImageFocusDetection/data/samples_labels/sample178_labels/sample178.csv
2026-04-27 16:18:01 [INFO] Saved: /Volumes/JIAYI/ImageFocusDetection/data/samples_labels/sample147_labels/sample147.csv
2026-04-27 16:18:01 [INFO] Saved: /Volumes/JIAYI/ImageFocusDetection/data/samples_labels/sample25_labels/sample25.csv
2026-04-27 16:18:01 [INFO] Saved: /Volumes/JIAYI/ImageFocusDetection/data/samples_labels/sample343_labels/sample343.csv
2026-04-27 16:18:02 [INFO] Saved: /Volumes/JIAYI/ImageFocusDetection/data/samples_labels/sample185_labels/sample185.csv
2026-04-27 16:18:02 [INFO] Saved: /Volumes/JIAYI/ImageFocusDetection/data/samples_labels/sample171_labels/sample171.csv
2026-04-27 16:18:02 [INFO] Saved: /Volumes/JIAYI/ImageFocusDetection/data/samples_labels/sample22_labels/sample22.csv
2026-04-27 16:18:02 [INFO] Saved: /Volumes/JIAYI/ImageFocusDetection/data/samples_labels/sample149_labels/sample149.csv
2026-04-27 16:18:02 [INFO] Saved: /Volumes/JIAYI/ImageFocusDetection/data/samples_labels/sample182_labels/sample182.csv
2026-04-27 16:18:02 [INFO] Saved: /Volumes/JIAYI/ImageFocusDetection/data/samples_labels/sample344_labels/sample344.csv
2026-04-27 16:18:02 [INFO] Saved: /Volumes/JIAYI/ImageFocusDetection/data/samples_labels/sample176_labels/sample176.csv
2026-04-27 16:18:02 [INFO] Saved: /Volumes/JIAYI/ImageFocusDetection/data/samples_labels/sample49_labels/sample49.csv
2026-04-27 16:18:02 [INFO] Saved: /Volumes/JIAYI/ImageFocusDetection/data/samples_labels/sample310_labels/sample310.csv
2026-04-27 16:18:02 [INFO] Saved: /Volumes/JIAYI/ImageFocusDetection/data/samples_labels/sample122_labels/sample122.csv
2026-04-27 16:18:03 [INFO] Saved: /Volumes/JIAYI/ImageFocusDetection/data/samples_labels/sample82_labels/sample82.csv
2026-04-27 16:18:03 [INFO] Saved: /Volumes/JIAYI/ImageFocusDetection/data/samples_labels/sample76_labels/sample76.csv
2026-04-27 16:18:03 [INFO] Saved: /Volumes/JIAYI/ImageFocusDetection/data/samples_labels/sample125_labels/sample125.csv
2026-04-27 16:18:03 [INFO] Saved: /Volumes/JIAYI/ImageFocusDetection/data/samples_labels/sample317_labels/sample317.csv
2026-04-27 16:18:03 [INFO] Saved: /Volumes/JIAYI/ImageFocusDetection/data/samples_labels/sample328_labels/sample328.csv
2026-04-27 16:18:03 [INFO] Saved: /Volumes/JIAYI/ImageFocusDetection/data/samples_labels/sample85_labels/sample85.csv
2026-04-27 16:18:03 [INFO] Saved: /Volumes/JIAYI/ImageFocusDetection/data/samples_labels/sample71_labels/sample71.csv
2026-04-27 16:18:03 [INFO] Saved: /Volumes/JIAYI/ImageFocusDetection/data/samples_labels/sample113_labels/sample113.csv
2026-04-27 16:18:03 [INFO] Saved: /Volumes/JIAYI/ImageFocusDetection/data/samples_labels/sample321_labels/sample321.csv
2026-04-27 16:18:03 [INFO] Saved: /Volumes/JIAYI/ImageFocusDetection/data/samples_labels/sample78_labels/sample78.csv
2026-04-27 16:18:03 [INFO] Saved: /Volumes/JIAYI/ImageFocusDetection/data/samples_labels/sample47_labels/sample47.csv
2026-04-27 16:18:03 [INFO] Saved: /Volumes/JIAYI/ImageFocusDetection/data/samples_labels/sample326_labels/sample326.csv
2026-04-27 16:18:03 [INFO] Saved: /Volumes/JIAYI/ImageFocusDetection/data/samples_labels/sample114_labels/sample114.csv
2026-04-27 16:18:04 [INFO] Saved: /Volumes/JIAYI/ImageFocusDetection/data/samples_labels/sample319_labels/sample319.csv
2026-04-27 16:18:04 [INFO] Saved: /Volumes/JIAYI/ImageFocusDetection/data/samples_labels/sample40_labels/sample40.csv
2026-04-27 16:18:04 [INFO] Saved: /Volumes/JIAYI/ImageFocusDetection/data/samples_labels/sample148_labels/sample148.csv
2026-04-27 16:18:04 [INFO] Saved: /Volumes/JIAYI/ImageFocusDetection/data/samples_labels/sample23_labels/sample23.csv
2026-04-27 16:18:04 [INFO] Saved: /Volumes/JIAYI/ImageFocusDetection/data/samples_labels/sample345_labels/sample345.csv
2026-04-27 16:18:04 [INFO] Saved: /Volumes/JIAYI/ImageFocusDetection/data/samples_labels/sample183_labels/sample183.csv
2026-04-27 16:18:04 [INFO] Saved: /Volumes/JIAYI/ImageFocusDetection/data/samples_labels/sample177_labels/sample177.csv
2026-04-27 16:18:04 [INFO] Saved: /Volumes/JIAYI/ImageFocusDetection/data/samples_labels/sample24_labels/sample24.csv
2026-04-27 16:18:04 [INFO] Saved: /Volumes/JIAYI/ImageFocusDetection/data/samples_labels/sample184_labels/sample184.csv
2026-04-27 16:18:04 [INFO] Saved: /Volumes/JIAYI/ImageFocusDetection/data/samples_labels/sample170_labels/sample170.csv
2026-04-27 16:18:05 [INFO] Saved: /Volumes/JIAYI/ImageFocusDetection/data/samples_labels/sample12_labels/sample12.csv
2026-04-27 16:18:05 [INFO] Saved: /Volumes/JIAYI/ImageFocusDetection/data/samples_labels/sample342_labels/sample342.csv
2026-04-27 16:18:05 [INFO] Saved: /Volumes/JIAYI/ImageFocusDetection/data/samples_labels/sample179_labels/sample179.csv
2026-04-27 16:18:05 [INFO] Saved: /Volumes/JIAYI/ImageFocusDetection/data/samples_labels/sample146_labels/sample146.csv
2026-04-27 16:18:05 [INFO] Saved: /Volumes/JIAYI/ImageFocusDetection/data/samples_labels/sample15_labels/sample15.csv
2026-04-27 16:18:05 [INFO] Saved: /Volumes/JIAYI/ImageFocusDetection/data/samples_labels/sample141_labels/sample141.csv
2026-04-27 16:18:05 [INFO] Saved: /Volumes/JIAYI/ImageFocusDetection/data/samples_labels/sample115_labels/sample115.csv
2026-04-27 16:18:05 [INFO] Saved: /Volumes/JIAYI/ImageFocusDetection/data/samples_labels/sample327_labels/sample327.csv
2026-04-27 16:18:05 [INFO] Saved: /Volumes/JIAYI/ImageFocusDetection/data/samples_labels/sample318_labels/sample318.csv
2026-04-27 16:18:05 [INFO] Saved: /Volumes/JIAYI/ImageFocusDetection/data/samples_labels/sample41_labels/sample41.csv
2026-04-27 16:18:05 [INFO] Saved: /Volumes/JIAYI/ImageFocusDetection/data/samples_labels/sample320_labels/sample320.csv
2026-04-27 16:18:05 [INFO] Saved: /Volumes/JIAYI/ImageFocusDetection/data/samples_labels/sample79_labels/sample79.csv
2026-04-27 16:18:06 [INFO] Saved: /Volumes/JIAYI/ImageFocusDetection/data/samples_labels/sample112_labels/sample112.csv
2026-04-27 16:18:06 [INFO] Saved: /Volumes/JIAYI/ImageFocusDetection/data/samples_labels/sample316_labels/sample316.csv
2026-04-27 16:18:06 [INFO] Saved: /Volumes/JIAYI/ImageFocusDetection/data/samples_labels/sample46_labels/sample46.csv
2026-04-27 16:18:06 [INFO] Saved: /Volumes/JIAYI/ImageFocusDetection/data/samples_labels/sample124_labels/sample124.csv
2026-04-27 16:18:06 [INFO] Saved: /Volumes/JIAYI/ImageFocusDetection/data/samples_labels/sample84_labels/sample84.csv
2026-04-27 16:18:06 [INFO] Saved: /Volumes/JIAYI/ImageFocusDetection/data/samples_labels/sample329_labels/sample329.csv
2026-04-27 16:18:06 [INFO] Saved: /Volumes/JIAYI/ImageFocusDetection/data/samples_labels/sample123_labels/sample123.csv
2026-04-27 16:18:06 [INFO] Saved: /Volumes/JIAYI/ImageFocusDetection/data/samples_labels/sample70_labels/sample70.csv
2026-04-27 16:18:06 [INFO] Saved: /Volumes/JIAYI/ImageFocusDetection/data/samples_labels/sample48_labels/sample48.csv
2026-04-27 16:18:06 [INFO] Saved: /Volumes/JIAYI/ImageFocusDetection/data/samples_labels/sample311_labels/sample311.csv
2026-04-27 16:18:06 [INFO] Saved: /Volumes/JIAYI/ImageFocusDetection/data/samples_labels/sample77_labels/sample77.csv
2026-04-27 16:18:06 [INFO] Saved: /Volumes/JIAYI/ImageFocusDetection/data/samples_labels/sample83_labels/sample83.csv
2026-04-27 16:18:07 [INFO] Saved: /Volumes/JIAYI/ImageFocusDetection/data/samples_labels/sample55_labels/sample55.csv
2026-04-27 16:18:07 [INFO] Saved: /Volumes/JIAYI/ImageFocusDetection/data/samples_labels/sample333_labels/sample333.csv
2026-04-27 16:18:07 [INFO] Saved: /Volumes/JIAYI/ImageFocusDetection/data/samples_labels/sample101_labels/sample101.csv
2026-04-27 16:18:07 [INFO] Saved: /Volumes/JIAYI/ImageFocusDetection/data/samples_labels/sample52_labels/sample52.csv
2026-04-27 16:18:07 [INFO] Saved: /Volumes/JIAYI/ImageFocusDetection/data/samples_labels/sample139_labels/sample139.csv
2026-04-27 16:18:07 [INFO] Saved: /Volumes/JIAYI/ImageFocusDetection/data/samples_labels/sample99_labels/sample99.csv
2026-04-27 16:18:07 [INFO] Saved: /Volumes/JIAYI/ImageFocusDetection/data/samples_labels/sample334_labels/sample334.csv
2026-04-27 16:18:07 [INFO] Saved: /Volumes/JIAYI/ImageFocusDetection/data/samples_labels/sample106_labels/sample106.csv
2026-04-27 16:18:07 [INFO] Saved: /Volumes/JIAYI/ImageFocusDetection/data/samples_labels/sample90_labels/sample90.csv
2026-04-27 16:18:07 [INFO] Saved: /Volumes/JIAYI/ImageFocusDetection/data/samples_labels/sample64_labels/sample64.csv
2026-04-27 16:18:07 [INFO] Saved: /Volumes/JIAYI/ImageFocusDetection/data/samples_labels/sample130_labels/sample130.csv
2026-04-27 16:18:08 [INFO] Saved: /Volumes/JIAYI/ImageFocusDetection/data/samples_labels/sample108_labels/sample108.csv
2026-04-27 16:18:08 [INFO] Saved: /Volumes/JIAYI/ImageFocusDetection/data/samples_labels/sample302_labels/sample302.csv
2026-04-27 16:18:08 [INFO] Saved: /Volumes/JIAYI/ImageFocusDetection/data/samples_labels/sample63_labels/sample63.csv
2026-04-27 16:18:08 [INFO] Saved: /Volumes/JIAYI/ImageFocusDetection/data/samples_labels/sample97_labels/sample97.csv
2026-04-27 16:18:08 [INFO] Saved: /Volumes/JIAYI/ImageFocusDetection/data/samples_labels/sample305_labels/sample305.csv
2026-04-27 16:18:08 [INFO] Saved: /Volumes/JIAYI/ImageFocusDetection/data/samples_labels/sample137_labels/sample137.csv
2026-04-27 16:18:08 [INFO] Saved: /Volumes/JIAYI/ImageFocusDetection/data/samples_labels/sample163_labels/sample163.csv
2026-04-27 16:18:08 [INFO] Saved: /Volumes/JIAYI/ImageFocusDetection/data/samples_labels/sample197_labels/sample197.csv
2026-04-27 16:18:08 [INFO] Saved: /Volumes/JIAYI/ImageFocusDetection/data/samples_labels/sample37_labels/sample37.csv
2026-04-27 16:18:08 [INFO] Saved: /Volumes/JIAYI/ImageFocusDetection/data/samples_labels/sample190_labels/sample190.csv
2026-04-27 16:18:09 [INFO] Saved: /Volumes/JIAYI/ImageFocusDetection/data/samples_labels/sample164_labels/sample164.csv
2026-04-27 16:18:09 [INFO] Saved: /Volumes/JIAYI/ImageFocusDetection/data/samples_labels/sample39_labels/sample39.csv
2026-04-27 16:18:09 [INFO] Saved: /Volumes/JIAYI/ImageFocusDetection/data/samples_labels/sample30_labels/sample30.csv
2026-04-27 16:18:09 [INFO] Saved: /Volumes/JIAYI/ImageFocusDetection/data/samples_labels/sample152_labels/sample152.csv
2026-04-27 16:18:09 [INFO] Saved: /Volumes/JIAYI/ImageFocusDetection/data/samples_labels/sample199_labels/sample199.csv
2026-04-27 16:18:09 [INFO] Saved: /Volumes/JIAYI/ImageFocusDetection/data/samples_labels/sample155_labels/sample155.csv
2026-04-27 16:18:09 [INFO] Saved: /Volumes/JIAYI/ImageFocusDetection/data/samples_labels/sample62_labels/sample62.csv
2026-04-27 16:18:09 [INFO] Saved: /Volumes/JIAYI/ImageFocusDetection/data/samples_labels/sample96_labels/sample96.csv
2026-04-27 16:18:09 [INFO] Saved: /Volumes/JIAYI/ImageFocusDetection/data/samples_labels/sample109_labels/sample109.csv
2026-04-27 16:18:09 [INFO] Saved: /Volumes/JIAYI/ImageFocusDetection/data/samples_labels/sample136_labels/sample136.csv
2026-04-27 16:18:09 [INFO] Saved: /Volumes/JIAYI/ImageFocusDetection/data/samples_labels/sample304_labels/sample304.csv
2026-04-27 16:18:10 [INFO] Saved: /Volumes/JIAYI/ImageFocusDetection/data/samples_labels/sample65_labels/sample65.csv
2026-04-27 16:18:10 [INFO] Saved: /Volumes/JIAYI/ImageFocusDetection/data/samples_labels/sample91_labels/sample91.csv
2026-04-27 16:18:10 [INFO] Saved: /Volumes/JIAYI/ImageFocusDetection/data/samples_labels/sample303_labels/sample303.csv
2026-04-27 16:18:10 [INFO] Saved: /Volumes/JIAYI/ImageFocusDetection/data/samples_labels/sample131_labels/sample131.csv
2026-04-27 16:18:10 [INFO] Saved: /Volumes/JIAYI/ImageFocusDetection/data/samples_labels/sample138_labels/sample138.csv
2026-04-27 16:18:10 [INFO] Saved: /Volumes/JIAYI/ImageFocusDetection/data/samples_labels/sample53_labels/sample53.csv
2026-04-27 16:18:10 [INFO] Saved: /Volumes/JIAYI/ImageFocusDetection/data/samples_labels/sample335_labels/sample335.csv
2026-04-27 16:18:10 [INFO] Saved: /Volumes/JIAYI/ImageFocusDetection/data/samples_labels/sample107_labels/sample107.csv
2026-04-27 16:18:10 [INFO] Saved: /Volumes/JIAYI/ImageFocusDetection/data/samples_labels/sample98_labels/sample98.csv
2026-04-27 16:18:10 [INFO] Saved: /Volumes/JIAYI/ImageFocusDetection/data/samples_labels/sample54_labels/sample54.csv
2026-04-27 16:18:10 [INFO] Saved: /Volumes/JIAYI/ImageFocusDetection/data/samples_labels/sample100_labels/sample100.csv
2026-04-27 16:18:10 [INFO] Saved: /Volumes/JIAYI/ImageFocusDetection/data/samples_labels/sample332_labels/sample332.csv
2026-04-27 16:18:10 [INFO] Saved: /Volumes/JIAYI/ImageFocusDetection/data/samples_labels/sample154_labels/sample154.csv
2026-04-27 16:18:10 [INFO] Saved: /Volumes/JIAYI/ImageFocusDetection/data/samples_labels/sample153_labels/sample153.csv
2026-04-27 16:18:11 [INFO] Saved: /Volumes/JIAYI/ImageFocusDetection/data/samples_labels/sample38_labels/sample38.csv
2026-04-27 16:18:11 [INFO] Saved: /Volumes/JIAYI/ImageFocusDetection/data/samples_labels/sample198_labels/sample198.csv
2026-04-27 16:18:11 [INFO] Saved: /Volumes/JIAYI/ImageFocusDetection/data/samples_labels/sample165_labels/sample165.csv
2026-04-27 16:18:11 [INFO] Saved: /Volumes/JIAYI/ImageFocusDetection/data/samples_labels/sample191_labels/sample191.csv
2026-04-27 16:18:11 [INFO] Saved: /Volumes/JIAYI/ImageFocusDetection/data/samples_labels/sample31_labels/sample31.csv
2026-04-27 16:18:11 [INFO] Saved: /Volumes/JIAYI/ImageFocusDetection/data/samples_labels/sample196_labels/sample196.csv
2026-04-27 16:18:11 [INFO] Saved: /Volumes/JIAYI/ImageFocusDetection/data/samples_labels/sample350_labels/sample350.csv
2026-04-27 16:18:11 [INFO] Saved: /Volumes/JIAYI/ImageFocusDetection/data/samples_labels/sample36_labels/sample36.csv
2026-04-27 16:18:11 [INFO] Saved: /Volumes/JIAYI/ImageFocusDetection/data/samples_labels/sample162_labels/sample162.csv
2026-04-27 16:18:11 [INFO] Saved: /Volumes/JIAYI/ImageFocusDetection/data/samples_labels/sample222_labels/sample222.csv
2026-04-27 16:18:12 [INFO] Saved: /Volumes/JIAYI/ImageFocusDetection/data/samples_labels/sample225_labels/sample225.csv
2026-04-27 16:18:12 [INFO] Saved: /Volumes/JIAYI/ImageFocusDetection/data/samples_labels/sample213_labels/sample213.csv
2026-04-27 16:18:12 [INFO] Saved: /Volumes/JIAYI/ImageFocusDetection/data/samples_labels/sample240_labels/sample240.csv
2026-04-27 16:18:12 [INFO] Saved: /Volumes/JIAYI/ImageFocusDetection/data/samples_labels/sample214_labels/sample214.csv
2026-04-27 16:18:12 [INFO] Saved: /Volumes/JIAYI/ImageFocusDetection/data/samples_labels/sample247_labels/sample247.csv
2026-04-27 16:18:12 [INFO] Saved: /Volumes/JIAYI/ImageFocusDetection/data/samples_labels/sample278_labels/sample278.csv
2026-04-27 16:18:12 [INFO] Saved: /Volumes/JIAYI/ImageFocusDetection/data/samples_labels/sample285_labels/sample285.csv
2026-04-27 16:18:12 [INFO] Saved: /Volumes/JIAYI/ImageFocusDetection/data/samples_labels/sample276_labels/sample276.csv
2026-04-27 16:18:12 [INFO] Saved: /Volumes/JIAYI/ImageFocusDetection/data/samples_labels/sample271_labels/sample271.csv
2026-04-27 16:18:12 [INFO] Saved: /Volumes/JIAYI/ImageFocusDetection/data/samples_labels/sample282_labels/sample282.csv
2026-04-27 16:18:12 [INFO] Saved: /Volumes/JIAYI/ImageFocusDetection/data/samples_labels/sample249_labels/sample249.csv
2026-04-27 16:18:13 [INFO] Saved: /Volumes/JIAYI/ImageFocusDetection/data/samples_labels/sample215_labels/sample215.csv
2026-04-27 16:18:13 [INFO] Saved: /Volumes/JIAYI/ImageFocusDetection/data/samples_labels/sample212_labels/sample212.csv
2026-04-27 16:18:13 [INFO] Saved: /Volumes/JIAYI/ImageFocusDetection/data/samples_labels/sample224_labels/sample224.csv
2026-04-27 16:18:13 [INFO] Saved: /Volumes/JIAYI/ImageFocusDetection/data/samples_labels/sample223_labels/sample223.csv
2026-04-27 16:18:13 [INFO] Saved: /Volumes/JIAYI/ImageFocusDetection/data/samples_labels/sample283_labels/sample283.csv
2026-04-27 16:18:13 [INFO] Saved: /Volumes/JIAYI/ImageFocusDetection/data/samples_labels/sample277_labels/sample277.csv
2026-04-27 16:18:13 [INFO] Saved: /Volumes/JIAYI/ImageFocusDetection/data/samples_labels/sample248_labels/sample248.csv
2026-04-27 16:18:13 [INFO] Saved: /Volumes/JIAYI/ImageFocusDetection/data/samples_labels/sample270_labels/sample270.csv
2026-04-27 16:18:13 [INFO] Saved: /Volumes/JIAYI/ImageFocusDetection/data/samples_labels/sample284_labels/sample284.csv
2026-04-27 16:18:13 [INFO] Saved: /Volumes/JIAYI/ImageFocusDetection/data/samples_labels/sample246_labels/sample246.csv
2026-04-27 16:18:14 [INFO] Saved: /Volumes/JIAYI/ImageFocusDetection/data/samples_labels/sample279_labels/sample279.csv
2026-04-27 16:18:14 [INFO] Saved: /Volumes/JIAYI/ImageFocusDetection/data/samples_labels/sample241_labels/sample241.csv
2026-04-27 16:18:14 [INFO] Saved: /Volumes/JIAYI/ImageFocusDetection/data/samples_labels/sample205_labels/sample205.csv
2026-04-27 16:18:14 [INFO] Saved: /Volumes/JIAYI/ImageFocusDetection/data/samples_labels/sample202_labels/sample202.csv
2026-04-27 16:18:14 [INFO] Saved: /Volumes/JIAYI/ImageFocusDetection/data/samples_labels/sample234_labels/sample234.csv
2026-04-27 16:18:14 [INFO] Saved: /Volumes/JIAYI/ImageFocusDetection/data/samples_labels/sample233_labels/sample233.csv
2026-04-27 16:18:14 [INFO] Saved: /Volumes/JIAYI/ImageFocusDetection/data/samples_labels/sample258_labels/sample258.csv
2026-04-27 16:18:14 [INFO] Saved: /Volumes/JIAYI/ImageFocusDetection/data/samples_labels/sample267_labels/sample267.csv
2026-04-27 16:18:14 [INFO] Saved: /Volumes/JIAYI/ImageFocusDetection/data/samples_labels/sample293_labels/sample293.csv
2026-04-27 16:18:14 [INFO] Saved: /Volumes/JIAYI/ImageFocusDetection/data/samples_labels/sample8_labels/sample8.csv
2026-04-27 16:18:14 [INFO] Saved: /Volumes/JIAYI/ImageFocusDetection/data/samples_labels/sample294_labels/sample294.csv
2026-04-27 16:18:15 [INFO] Saved: /Volumes/JIAYI/ImageFocusDetection/data/samples_labels/sample260_labels/sample260.csv
2026-04-27 16:18:15 [INFO] Saved: /Volumes/JIAYI/ImageFocusDetection/data/samples_labels/sample1_labels/sample1.csv
2026-04-27 16:18:15 [INFO] Saved: /Volumes/JIAYI/ImageFocusDetection/data/samples_labels/sample269_labels/sample269.csv
2026-04-27 16:18:15 [INFO] Saved: /Volumes/JIAYI/ImageFocusDetection/data/samples_labels/sample256_labels/sample256.csv
2026-04-27 16:18:15 [INFO] Saved: /Volumes/JIAYI/ImageFocusDetection/data/samples_labels/sample6_labels/sample6.csv
2026-04-27 16:18:15 [INFO] Saved: /Volumes/JIAYI/ImageFocusDetection/data/samples_labels/sample251_labels/sample251.csv
2026-04-27 16:18:15 [INFO] Saved: /Volumes/JIAYI/ImageFocusDetection/data/samples_labels/sample232_labels/sample232.csv
2026-04-27 16:18:15 [INFO] Saved: /Volumes/JIAYI/ImageFocusDetection/data/samples_labels/sample235_labels/sample235.csv
2026-04-27 16:18:15 [INFO] Saved: /Volumes/JIAYI/ImageFocusDetection/data/samples_labels/sample203_labels/sample203.csv
2026-04-27 16:18:15 [INFO] Saved: /Volumes/JIAYI/ImageFocusDetection/data/samples_labels/sample204_labels/sample204.csv
2026-04-27 16:18:16 [INFO] Saved: /Volumes/JIAYI/ImageFocusDetection/data/samples_labels/sample7_labels/sample7.csv
2026-04-27 16:18:16 [INFO] Saved: /Volumes/JIAYI/ImageFocusDetection/data/samples_labels/sample250_labels/sample250.csv
2026-04-27 16:18:16 [INFO] Saved: /Volumes/JIAYI/ImageFocusDetection/data/samples_labels/sample268_labels/sample268.csv
2026-04-27 16:18:16 [INFO] Saved: /Volumes/JIAYI/ImageFocusDetection/data/samples_labels/sample257_labels/sample257.csv
2026-04-27 16:18:16 [INFO] Saved: /Volumes/JIAYI/ImageFocusDetection/data/samples_labels/sample261_labels/sample261.csv
2026-04-27 16:18:16 [INFO] Saved: /Volumes/JIAYI/ImageFocusDetection/data/samples_labels/sample9_labels/sample9.csv
2026-04-27 16:18:16 [INFO] Saved: /Volumes/JIAYI/ImageFocusDetection/data/samples_labels/sample295_labels/sample295.csv
2026-04-27 16:18:16 [INFO] Saved: /Volumes/JIAYI/ImageFocusDetection/data/samples_labels/sample259_labels/sample259.csv
2026-04-27 16:18:16 [INFO] Saved: /Volumes/JIAYI/ImageFocusDetection/data/samples_labels/sample292_labels/sample292.csv
2026-04-27 16:18:16 [INFO] Saved: /Volumes/JIAYI/ImageFocusDetection/data/samples_labels/sample266_labels/sample266.csv
2026-04-27 16:18:16 [INFO] Saved: /Volumes/JIAYI/ImageFocusDetection/data/samples_labels/sample314_labels/sample314.csv
2026-04-27 16:18:17 [INFO] Saved: /Volumes/JIAYI/ImageFocusDetection/data/samples_labels/sample126_labels/sample126.csv
2026-04-27 16:18:17 [INFO] Saved: /Volumes/JIAYI/ImageFocusDetection/data/samples_labels/sample119_labels/sample119.csv
2026-04-27 16:18:17 [INFO] Saved: /Volumes/JIAYI/ImageFocusDetection/data/samples_labels/sample72_labels/sample72.csv
2026-04-27 16:18:17 [INFO] Saved: /Volumes/JIAYI/ImageFocusDetection/data/samples_labels/sample86_labels/sample86.csv
2026-04-27 16:18:17 [INFO] Saved: /Volumes/JIAYI/ImageFocusDetection/data/samples_labels/sample121_labels/sample121.csv
2026-04-27 16:18:17 [INFO] Saved: /Volumes/JIAYI/ImageFocusDetection/data/samples_labels/sample313_labels/sample313.csv
2026-04-27 16:18:17 [INFO] Saved: /Volumes/JIAYI/ImageFocusDetection/data/samples_labels/sample81_labels/sample81.csv
2026-04-27 16:18:17 [INFO] Saved: /Volumes/JIAYI/ImageFocusDetection/data/samples_labels/sample75_labels/sample75.csv
2026-04-27 16:18:17 [INFO] Saved: /Volumes/JIAYI/ImageFocusDetection/data/samples_labels/sample88_labels/sample88.csv
2026-04-27 16:18:17 [INFO] Saved: /Volumes/JIAYI/ImageFocusDetection/data/samples_labels/sample117_labels/sample117.csv
2026-04-27 16:18:17 [INFO] Saved: /Volumes/JIAYI/ImageFocusDetection/data/samples_labels/sample325_labels/sample325.csv
2026-04-27 16:18:18 [INFO] Saved: /Volumes/JIAYI/ImageFocusDetection/data/samples_labels/sample43_labels/sample43.csv
2026-04-27 16:18:18 [INFO] Saved: /Volumes/JIAYI/ImageFocusDetection/data/samples_labels/sample128_labels/sample128.csv
2026-04-27 16:18:18 [INFO] Saved: /Volumes/JIAYI/ImageFocusDetection/data/samples_labels/sample322_labels/sample322.csv
2026-04-27 16:18:18 [INFO] Saved: /Volumes/JIAYI/ImageFocusDetection/data/samples_labels/sample110_labels/sample110.csv
2026-04-27 16:18:18 [INFO] Saved: /Volumes/JIAYI/ImageFocusDetection/data/samples_labels/sample44_labels/sample44.csv
2026-04-27 16:18:18 [INFO] Saved: /Volumes/JIAYI/ImageFocusDetection/data/samples_labels/sample349_labels/sample349.csv
2026-04-27 16:18:18 [INFO] Saved: /Volumes/JIAYI/ImageFocusDetection/data/samples_labels/sample10_labels/sample10.csv
2026-04-27 16:18:18 [INFO] Saved: /Volumes/JIAYI/ImageFocusDetection/data/samples_labels/sample144_labels/sample144.csv
2026-04-27 16:18:18 [INFO] Saved: /Volumes/JIAYI/ImageFocusDetection/data/samples_labels/sample188_labels/sample188.csv
2026-04-27 16:18:18 [INFO] Saved: /Volumes/JIAYI/ImageFocusDetection/data/samples_labels/sample17_labels/sample17.csv
2026-04-27 16:18:19 [INFO] Saved: /Volumes/JIAYI/ImageFocusDetection/data/samples_labels/sample143_labels/sample143.csv
2026-04-27 16:18:19 [INFO] Saved: /Volumes/JIAYI/ImageFocusDetection/data/samples_labels/sample28_labels/sample28.csv
2026-04-27 16:18:19 [INFO] Saved: /Volumes/JIAYI/ImageFocusDetection/data/samples_labels/sample21_labels/sample21.csv
2026-04-27 16:18:19 [INFO] Saved: /Volumes/JIAYI/ImageFocusDetection/data/samples_labels/sample181_labels/sample181.csv
2026-04-27 16:18:19 [INFO] Saved: /Volumes/JIAYI/ImageFocusDetection/data/samples_labels/sample347_labels/sample347.csv
2026-04-27 16:18:19 [INFO] Saved: /Volumes/JIAYI/ImageFocusDetection/data/samples_labels/sample26_labels/sample26.csv
2026-04-27 16:18:19 [INFO] Saved: /Volumes/JIAYI/ImageFocusDetection/data/samples_labels/sample175_labels/sample175.csv
2026-04-27 16:18:19 [INFO] Saved: /Volumes/JIAYI/ImageFocusDetection/data/samples_labels/sample172_labels/sample172.csv
2026-04-27 16:18:19 [INFO] Saved: /Volumes/JIAYI/ImageFocusDetection/data/samples_labels/sample19_labels/sample19.csv
2026-04-27 16:18:19 [INFO] Saved: /Volumes/JIAYI/ImageFocusDetection/data/samples_labels/sample340_labels/sample340.csv
2026-04-27 16:18:20 [INFO] Saved: /Volumes/JIAYI/ImageFocusDetection/data/samples_labels/sample111_labels/sample111.csv
2026-04-27 16:18:20 [INFO] Saved: /Volumes/JIAYI/ImageFocusDetection/data/samples_labels/sample186_labels/sample186.csv
2026-04-27 16:18:20 [INFO] Saved: /Volumes/JIAYI/ImageFocusDetection/data/samples_labels/sample323_labels/sample323.csv
2026-04-27 16:18:20 [INFO] Saved: /Volumes/JIAYI/ImageFocusDetection/data/samples_labels/sample45_labels/sample45.csv
2026-04-27 16:18:20 [INFO] Saved: /Volumes/JIAYI/ImageFocusDetection/data/samples_labels/sample324_labels/sample324.csv
2026-04-27 16:18:20 [INFO] Saved: /Volumes/JIAYI/ImageFocusDetection/data/samples_labels/sample89_labels/sample89.csv
2026-04-27 16:18:20 [INFO] Saved: /Volumes/JIAYI/ImageFocusDetection/data/samples_labels/sample116_labels/sample116.csv
2026-04-27 16:18:20 [INFO] Saved: /Volumes/JIAYI/ImageFocusDetection/data/samples_labels/sample129_labels/sample129.csv
2026-04-27 16:18:20 [INFO] Saved: /Volumes/JIAYI/ImageFocusDetection/data/samples_labels/sample42_labels/sample42.csv
2026-04-27 16:18:20 [INFO] Saved: /Volumes/JIAYI/ImageFocusDetection/data/samples_labels/sample312_labels/sample312.csv
2026-04-27 16:18:21 [INFO] Saved: /Volumes/JIAYI/ImageFocusDetection/data/samples_labels/sample120_labels/sample120.csv
2026-04-27 16:18:21 [INFO] Saved: /Volumes/JIAYI/ImageFocusDetection/data/samples_labels/sample74_labels/sample74.csv
2026-04-27 16:18:21 [INFO] Saved: /Volumes/JIAYI/ImageFocusDetection/data/samples_labels/sample80_labels/sample80.csv
2026-04-27 16:18:21 [INFO] Saved: /Volumes/JIAYI/ImageFocusDetection/data/samples_labels/sample127_labels/sample127.csv
2026-04-27 16:18:21 [INFO] Saved: /Volumes/JIAYI/ImageFocusDetection/data/samples_labels/sample315_labels/sample315.csv
2026-04-27 16:18:21 [INFO] Saved: /Volumes/JIAYI/ImageFocusDetection/data/samples_labels/sample87_labels/sample87.csv
2026-04-27 16:18:21 [INFO] Saved: /Volumes/JIAYI/ImageFocusDetection/data/samples_labels/sample73_labels/sample73.csv
2026-04-27 16:18:21 [INFO] Saved: /Volumes/JIAYI/ImageFocusDetection/data/samples_labels/sample118_labels/sample118.csv
2026-04-27 16:18:21 [INFO] Saved: /Volumes/JIAYI/ImageFocusDetection/data/samples_labels/sample27_labels/sample27.csv
2026-04-27 16:18:21 [INFO] Saved: /Volumes/JIAYI/ImageFocusDetection/data/samples_labels/sample187_labels/sample187.csv
2026-04-27 16:18:21 [INFO] Saved: /Volumes/JIAYI/ImageFocusDetection/data/samples_labels/sample341_labels/sample341.csv
2026-04-27 16:18:22 [INFO] Saved: /Volumes/JIAYI/ImageFocusDetection/data/samples_labels/sample18_labels/sample18.csv
2026-04-27 16:18:22 [INFO] Saved: /Volumes/JIAYI/ImageFocusDetection/data/samples_labels/sample173_labels/sample173.csv
2026-04-27 16:18:22 [INFO] Saved: /Volumes/JIAYI/ImageFocusDetection/data/samples_labels/sample20_labels/sample20.csv
2026-04-27 16:18:22 [INFO] Saved: /Volumes/JIAYI/ImageFocusDetection/data/samples_labels/sample174_labels/sample174.csv
2026-04-27 16:18:22 [INFO] Saved: /Volumes/JIAYI/ImageFocusDetection/data/samples_labels/sample16_labels/sample16.csv
2026-04-27 16:18:22 [INFO] Saved: /Volumes/JIAYI/ImageFocusDetection/data/samples_labels/sample346_labels/sample346.csv
2026-04-27 16:18:22 [INFO] Saved: /Volumes/JIAYI/ImageFocusDetection/data/samples_labels/sample180_labels/sample180.csv
2026-04-27 16:18:22 [INFO] Saved: /Volumes/JIAYI/ImageFocusDetection/data/samples_labels/sample189_labels/sample189.csv
2026-04-27 16:18:22 [INFO] Saved: /Volumes/JIAYI/ImageFocusDetection/data/samples_labels/sample142_labels/sample142.csv
2026-04-27 16:18:22 [INFO] Saved: /Volumes/JIAYI/ImageFocusDetection/data/samples_labels/sample29_labels/sample29.csv
2026-04-27 16:18:22 [INFO] Saved: /Volumes/JIAYI/ImageFocusDetection/data/samples_labels/sample348_labels/sample348.csv
2026-04-27 16:18:23 [INFO] Saved: /Volumes/JIAYI/ImageFocusDetection/data/samples_labels/sample11_labels/sample11.csv
2026-04-27 16:18:23 [INFO] Saved: /Volumes/JIAYI/ImageFocusDetection/data/samples_labels/sample145_labels/sample145.csv
2026-04-27 16:18:23 [INFO] Saved: /Volumes/JIAYI/ImageFocusDetection/data/samples_labels/sample193_labels/sample193.csv
2026-04-27 16:18:23 [INFO] Saved: /Volumes/JIAYI/ImageFocusDetection/data/samples_labels/sample167_labels/sample167.csv
2026-04-27 16:18:23 [INFO] Saved: /Volumes/JIAYI/ImageFocusDetection/data/samples_labels/sample33_labels/sample33.csv
2026-04-27 16:18:23 [INFO] Saved: /Volumes/JIAYI/ImageFocusDetection/data/samples_labels/sample158_labels/sample158.csv
2026-04-27 16:18:23 [INFO] Saved: /Volumes/JIAYI/ImageFocusDetection/data/samples_labels/sample160_labels/sample160.csv
2026-04-27 16:18:23 [INFO] Saved: /Volumes/JIAYI/ImageFocusDetection/data/samples_labels/sample194_labels/sample194.csv
2026-04-27 16:18:23 [INFO] Saved: /Volumes/JIAYI/ImageFocusDetection/data/samples_labels/sample34_labels/sample34.csv
2026-04-27 16:18:23 [INFO] Saved: /Volumes/JIAYI/ImageFocusDetection/data/samples_labels/sample156_labels/sample156.csv
2026-04-27 16:18:24 [INFO] Saved: /Volumes/JIAYI/ImageFocusDetection/data/samples_labels/sample169_labels/sample169.csv
2026-04-27 16:18:24 [INFO] Saved: /Volumes/JIAYI/ImageFocusDetection/data/samples_labels/sample151_labels/sample151.csv
2026-04-27 16:18:24 [INFO] Saved: /Volumes/JIAYI/ImageFocusDetection/data/samples_labels/sample308_labels/sample308.csv
2026-04-27 16:18:24 [INFO] Saved: /Volumes/JIAYI/ImageFocusDetection/data/samples_labels/sample51_labels/sample51.csv
2026-04-27 16:18:24 [INFO] Saved: /Volumes/JIAYI/ImageFocusDetection/data/samples_labels/sample337_labels/sample337.csv
2026-04-27 16:18:24 [INFO] Saved: /Volumes/JIAYI/ImageFocusDetection/data/samples_labels/sample105_labels/sample105.csv
2026-04-27 16:18:24 [INFO] Saved: /Volumes/JIAYI/ImageFocusDetection/data/samples_labels/sample56_labels/sample56.csv
2026-04-27 16:18:24 [INFO] Saved: /Volumes/JIAYI/ImageFocusDetection/data/samples_labels/sample102_labels/sample102.csv
2026-04-27 16:18:24 [INFO] Saved: /Volumes/JIAYI/ImageFocusDetection/data/samples_labels/sample330_labels/sample330.csv
2026-04-27 16:18:24 [INFO] Saved: /Volumes/JIAYI/ImageFocusDetection/data/samples_labels/sample69_labels/sample69.csv
2026-04-27 16:18:24 [INFO] Saved: /Volumes/JIAYI/ImageFocusDetection/data/samples_labels/sample60_labels/sample60.csv
2026-04-27 16:18:25 [INFO] Saved: /Volumes/JIAYI/ImageFocusDetection/data/samples_labels/sample339_labels/sample339.csv
2026-04-27 16:18:25 [INFO] Saved: /Volumes/JIAYI/ImageFocusDetection/data/samples_labels/sample94_labels/sample94.csv
2026-04-27 16:18:25 [INFO] Saved: /Volumes/JIAYI/ImageFocusDetection/data/samples_labels/sample306_labels/sample306.csv
2026-04-27 16:18:25 [INFO] Saved: /Volumes/JIAYI/ImageFocusDetection/data/samples_labels/sample134_labels/sample134.csv
2026-04-27 16:18:25 [INFO] Saved: /Volumes/JIAYI/ImageFocusDetection/data/samples_labels/sample93_labels/sample93.csv
2026-04-27 16:18:25 [INFO] Saved: /Volumes/JIAYI/ImageFocusDetection/data/samples_labels/sample67_labels/sample67.csv
2026-04-27 16:18:25 [INFO] Saved: /Volumes/JIAYI/ImageFocusDetection/data/samples_labels/sample301_labels/sample301.csv
2026-04-27 16:18:25 [INFO] Saved: /Volumes/JIAYI/ImageFocusDetection/data/samples_labels/sample58_labels/sample58.csv
2026-04-27 16:18:25 [INFO] Saved: /Volumes/JIAYI/ImageFocusDetection/data/samples_labels/sample133_labels/sample133.csv
2026-04-27 16:18:25 [INFO] Saved: /Volumes/JIAYI/ImageFocusDetection/data/samples_labels/sample150_labels/sample150.csv
2026-04-27 16:18:25 [INFO] Saved: /Volumes/JIAYI/ImageFocusDetection/data/samples_labels/sample157_labels/sample157.csv
2026-04-27 16:18:26 [INFO] Saved: /Volumes/JIAYI/ImageFocusDetection/data/samples_labels/sample168_labels/sample168.csv
2026-04-27 16:18:26 [INFO] Saved: /Volumes/JIAYI/ImageFocusDetection/data/samples_labels/sample195_labels/sample195.csv
2026-04-27 16:18:26 [INFO] Saved: /Volumes/JIAYI/ImageFocusDetection/data/samples_labels/sample161_labels/sample161.csv
2026-04-27 16:18:26 [INFO] Saved: /Volumes/JIAYI/ImageFocusDetection/data/samples_labels/sample35_labels/sample35.csv
2026-04-27 16:18:26 [INFO] Saved: /Volumes/JIAYI/ImageFocusDetection/data/samples_labels/sample166_labels/sample166.csv
2026-04-27 16:18:26 [INFO] Saved: /Volumes/JIAYI/ImageFocusDetection/data/samples_labels/sample192_labels/sample192.csv
2026-04-27 16:18:26 [INFO] Saved: /Volumes/JIAYI/ImageFocusDetection/data/samples_labels/sample159_labels/sample159.csv
2026-04-27 16:18:26 [INFO] Saved: /Volumes/JIAYI/ImageFocusDetection/data/samples_labels/sample32_labels/sample32.csv
2026-04-27 16:18:26 [INFO] Saved: /Volumes/JIAYI/ImageFocusDetection/data/samples_labels/sample66_labels/sample66.csv
2026-04-27 16:18:26 [INFO] Saved: /Volumes/JIAYI/ImageFocusDetection/data/samples_labels/sample92_labels/sample92.csv
2026-04-27 16:18:27 [INFO] Saved: /Volumes/JIAYI/ImageFocusDetection/data/samples_labels/sample132_labels/sample132.csv
2026-04-27 16:18:27 [INFO] Saved: /Volumes/JIAYI/ImageFocusDetection/data/samples_labels/sample59_labels/sample59.csv
2026-04-27 16:18:27 [INFO] Saved: /Volumes/JIAYI/ImageFocusDetection/data/samples_labels/sample300_labels/sample300.csv
2026-04-27 16:18:27 [INFO] Saved: /Volumes/JIAYI/ImageFocusDetection/data/samples_labels/sample95_labels/sample95.csv
2026-04-27 16:18:27 [INFO] Saved: /Volumes/JIAYI/ImageFocusDetection/data/samples_labels/sample61_labels/sample61.csv
2026-04-27 16:18:27 [INFO] Saved: /Volumes/JIAYI/ImageFocusDetection/data/samples_labels/sample338_labels/sample338.csv
2026-04-27 16:18:27 [INFO] Saved: /Volumes/JIAYI/ImageFocusDetection/data/samples_labels/sample135_labels/sample135.csv
2026-04-27 16:18:27 [INFO] Saved: /Volumes/JIAYI/ImageFocusDetection/data/samples_labels/sample307_labels/sample307.csv
2026-04-27 16:18:27 [INFO] Saved: /Volumes/JIAYI/ImageFocusDetection/data/samples_labels/sample57_labels/sample57.csv
2026-04-27 16:18:27 [INFO] Saved: /Volumes/JIAYI/ImageFocusDetection/data/samples_labels/sample68_labels/sample68.csv
2026-04-27 16:18:27 [INFO] Saved: /Volumes/JIAYI/ImageFocusDetection/data/samples_labels/sample331_labels/sample331.csv
2026-04-27 16:18:28 [INFO] Saved: /Volumes/JIAYI/ImageFocusDetection/data/samples_labels/sample309_labels/sample309.csv
2026-04-27 16:18:28 [INFO] Saved: /Volumes/JIAYI/ImageFocusDetection/data/samples_labels/sample103_labels/sample103.csv
2026-04-27 16:18:28 [INFO] Saved: /Volumes/JIAYI/ImageFocusDetection/data/samples_labels/sample50_labels/sample50.csv
2026-04-27 16:18:28 [INFO] Saved: /Volumes/JIAYI/ImageFocusDetection/data/samples_labels/sample104_labels/sample104.csv
2026-04-27 16:18:28 [INFO] Saved: /Volumes/JIAYI/ImageFocusDetection/data/samples_labels/sample336_labels/sample336.csv
2026-04-27 16:18:28 [INFO] Saved: /Volumes/JIAYI/ImageFocusDetection/data/samples_labels/sample244_labels/sample244.csv
2026-04-27 16:18:28 [INFO] Saved: /Volumes/JIAYI/ImageFocusDetection/data/samples_labels/sample243_labels/sample243.csv
2026-04-27 16:18:28 [INFO] Saved: /Volumes/JIAYI/ImageFocusDetection/data/samples_labels/sample288_labels/sample288.csv
2026-04-27 16:18:28 [INFO] Saved: /Volumes/JIAYI/ImageFocusDetection/data/samples_labels/sample275_labels/sample275.csv
2026-04-27 16:18:28 [INFO] Saved: /Volumes/JIAYI/ImageFocusDetection/data/samples_labels/sample281_labels/sample281.csv
2026-04-27 16:18:29 [INFO] Saved: /Volumes/JIAYI/ImageFocusDetection/data/samples_labels/sample272_labels/sample272.csv
2026-04-27 16:18:29 [INFO] Saved: /Volumes/JIAYI/ImageFocusDetection/data/samples_labels/sample286_labels/sample286.csv
2026-04-27 16:18:29 [INFO] Saved: /Volumes/JIAYI/ImageFocusDetection/data/samples_labels/sample219_labels/sample219.csv
2026-04-27 16:18:29 [INFO] Saved: /Volumes/JIAYI/ImageFocusDetection/data/samples_labels/sample226_labels/sample226.csv
2026-04-27 16:18:29 [INFO] Saved: /Volumes/JIAYI/ImageFocusDetection/data/samples_labels/sample221_labels/sample221.csv
2026-04-27 16:18:29 [INFO] Saved: /Volumes/JIAYI/ImageFocusDetection/data/samples_labels/sample217_labels/sample217.csv
2026-04-27 16:18:29 [INFO] Saved: /Volumes/JIAYI/ImageFocusDetection/data/samples_labels/sample228_labels/sample228.csv
2026-04-27 16:18:29 [INFO] Saved: /Volumes/JIAYI/ImageFocusDetection/data/samples_labels/sample210_labels/sample210.csv
2026-04-27 16:18:29 [INFO] Saved: /Volumes/JIAYI/ImageFocusDetection/data/samples_labels/sample273_labels/sample273.csv
2026-04-27 16:18:29 [INFO] Saved: /Volumes/JIAYI/ImageFocusDetection/data/samples_labels/sample287_labels/sample287.csv
2026-04-27 16:18:30 [INFO] Saved: /Volumes/JIAYI/ImageFocusDetection/data/samples_labels/sample274_labels/sample274.csv
2026-04-27 16:18:30 [INFO] Saved: /Volumes/JIAYI/ImageFocusDetection/data/samples_labels/sample280_labels/sample280.csv
2026-04-27 16:18:30 [INFO] Saved: /Volumes/JIAYI/ImageFocusDetection/data/samples_labels/sample242_labels/sample242.csv
2026-04-27 16:18:30 [INFO] Saved: /Volumes/JIAYI/ImageFocusDetection/data/samples_labels/sample289_labels/sample289.csv
2026-04-27 16:18:30 [INFO] Saved: /Volumes/JIAYI/ImageFocusDetection/data/samples_labels/sample245_labels/sample245.csv
2026-04-27 16:18:30 [INFO] Saved: /Volumes/JIAYI/ImageFocusDetection/data/samples_labels/sample229_labels/sample229.csv
2026-04-27 16:18:30 [INFO] Saved: /Volumes/JIAYI/ImageFocusDetection/data/samples_labels/sample211_labels/sample211.csv
2026-04-27 16:18:30 [INFO] Saved: /Volumes/JIAYI/ImageFocusDetection/data/samples_labels/sample216_labels/sample216.csv
2026-04-27 16:18:30 [INFO] Saved: /Volumes/JIAYI/ImageFocusDetection/data/samples_labels/sample220_labels/sample220.csv
2026-04-27 16:18:30 [INFO] Saved: /Volumes/JIAYI/ImageFocusDetection/data/samples_labels/sample218_labels/sample218.csv
2026-04-27 16:18:30 [INFO] Saved: /Volumes/JIAYI/ImageFocusDetection/data/samples_labels/sample227_labels/sample227.csv
2026-04-27 16:18:31 [INFO] Binary labeling mode enabled: blur_threshold == sharp_threshold == 0.750
2026-04-27 16:18:34 [INFO] Saved: /Volumes/JIAYI/ImageFocusDetection/data/valid_samples_labels/valid_sample53_labels/valid_sample53.csv
2026-04-27 16:18:34 [INFO] Saved: /Volumes/JIAYI/ImageFocusDetection/data/valid_samples_labels/valid_sample54_labels/valid_sample54.csv
2026-04-27 16:18:34 [INFO] Saved: /Volumes/JIAYI/ImageFocusDetection/data/valid_samples_labels/valid_sample65_labels/valid_sample65.csv
2026-04-27 16:18:34 [INFO] Saved: /Volumes/JIAYI/ImageFocusDetection/data/valid_samples_labels/valid_sample38_labels/valid_sample38.csv
2026-04-27 16:18:34 [INFO] Saved: /Volumes/JIAYI/ImageFocusDetection/data/valid_samples_labels/valid_sample62_labels/valid_sample62.csv
2026-04-27 16:18:34 [INFO] Saved: /Volumes/JIAYI/ImageFocusDetection/data/valid_samples_labels/valid_sample55_labels/valid_sample55.csv
2026-04-27 16:18:34 [INFO] Saved: /Volumes/JIAYI/ImageFocusDetection/data/valid_samples_labels/valid_sample7_labels/valid_sample7.csv
2026-04-27 16:18:34 [INFO] Saved: /Volumes/JIAYI/ImageFocusDetection/data/valid_samples_labels/valid_sample31_labels/valid_sample31.csv
2026-04-27 16:18:34 [INFO] Saved: /Volumes/JIAYI/ImageFocusDetection/data/valid_samples_labels/valid_sample36_labels/valid_sample36.csv
2026-04-27 16:18:34 [INFO] Saved: /Volumes/JIAYI/ImageFocusDetection/data/valid_samples_labels/valid_sample9_labels/valid_sample9.csv
2026-04-27 16:18:34 [INFO] Saved: /Volumes/JIAYI/ImageFocusDetection/data/valid_samples_labels/valid_sample52_labels/valid_sample52.csv
2026-04-27 16:18:34 [INFO] Saved: /Volumes/JIAYI/ImageFocusDetection/data/valid_samples_labels/valid_sample64_labels/valid_sample64.csv
2026-04-27 16:18:34 [INFO] Saved: /Volumes/JIAYI/ImageFocusDetection/data/valid_samples_labels/valid_sample63_labels/valid_sample63.csv
2026-04-27 16:18:34 [INFO] Saved: /Volumes/JIAYI/ImageFocusDetection/data/valid_samples_labels/valid_sample8_labels/valid_sample8.csv
2026-04-27 16:18:34 [INFO] Saved: /Volumes/JIAYI/ImageFocusDetection/data/valid_samples_labels/valid_sample37_labels/valid_sample37.csv
2026-04-27 16:18:35 [INFO] Saved: /Volumes/JIAYI/ImageFocusDetection/data/valid_samples_labels/valid_sample39_labels/valid_sample39.csv
2026-04-27 16:18:35 [INFO] Saved: /Volumes/JIAYI/ImageFocusDetection/data/valid_samples_labels/valid_sample30_labels/valid_sample30.csv
2026-04-27 16:18:35 [INFO] Saved: /Volumes/JIAYI/ImageFocusDetection/data/valid_samples_labels/valid_sample6_labels/valid_sample6.csv
2026-04-27 16:18:35 [INFO] Saved: /Volumes/JIAYI/ImageFocusDetection/data/valid_samples_labels/valid_sample1_labels/valid_sample1.csv
2026-04-27 16:18:35 [INFO] Saved: /Volumes/JIAYI/ImageFocusDetection/data/valid_samples_labels/valid_sample23_labels/valid_sample23.csv
2026-04-27 16:18:35 [INFO] Saved: /Volumes/JIAYI/ImageFocusDetection/data/valid_samples_labels/valid_sample24_labels/valid_sample24.csv
2026-04-27 16:18:35 [INFO] Saved: /Volumes/JIAYI/ImageFocusDetection/data/valid_samples_labels/valid_sample12_labels/valid_sample12.csv
2026-04-27 16:18:35 [INFO] Saved: /Volumes/JIAYI/ImageFocusDetection/data/valid_samples_labels/valid_sample15_labels/valid_sample15.csv
2026-04-27 16:18:35 [INFO] Saved: /Volumes/JIAYI/ImageFocusDetection/data/valid_samples_labels/valid_sample41_labels/valid_sample41.csv
2026-04-27 16:18:35 [INFO] Saved: /Volumes/JIAYI/ImageFocusDetection/data/valid_samples_labels/valid_sample46_labels/valid_sample46.csv
2026-04-27 16:18:36 [INFO] Saved: /Volumes/JIAYI/ImageFocusDetection/data/valid_samples_labels/valid_sample70_labels/valid_sample70.csv
2026-04-27 16:18:36 [INFO] Saved: /Volumes/JIAYI/ImageFocusDetection/data/valid_samples_labels/valid_sample14_labels/valid_sample14.csv
2026-04-27 16:18:36 [INFO] Saved: /Volumes/JIAYI/ImageFocusDetection/data/valid_samples_labels/valid_sample48_labels/valid_sample48.csv
2026-04-27 16:18:36 [INFO] Saved: /Volumes/JIAYI/ImageFocusDetection/data/valid_samples_labels/valid_sample13_labels/valid_sample13.csv
2026-04-27 16:18:36 [INFO] Saved: /Volumes/JIAYI/ImageFocusDetection/data/valid_samples_labels/valid_sample25_labels/valid_sample25.csv
2026-04-27 16:18:36 [INFO] Saved: /Volumes/JIAYI/ImageFocusDetection/data/valid_samples_labels/valid_sample22_labels/valid_sample22.csv
2026-04-27 16:18:36 [INFO] Saved: /Volumes/JIAYI/ImageFocusDetection/data/valid_samples_labels/valid_sample49_labels/valid_sample49.csv
2026-04-27 16:18:36 [INFO] Saved: /Volumes/JIAYI/ImageFocusDetection/data/valid_samples_labels/valid_sample71_labels/valid_sample71.csv
2026-04-27 16:18:36 [INFO] Saved: /Volumes/JIAYI/ImageFocusDetection/data/valid_samples_labels/valid_sample47_labels/valid_sample47.csv
2026-04-27 16:18:36 [INFO] Saved: /Volumes/JIAYI/ImageFocusDetection/data/valid_samples_labels/valid_sample40_labels/valid_sample40.csv
2026-04-27 16:18:37 [INFO] Saved: /Volumes/JIAYI/ImageFocusDetection/data/valid_samples_labels/valid_sample4_labels/valid_sample4.csv
2026-04-27 16:18:37 [INFO] Saved: /Volumes/JIAYI/ImageFocusDetection/data/valid_samples_labels/valid_sample3_labels/valid_sample3.csv
2026-04-27 16:18:37 [INFO] Saved: /Volumes/JIAYI/ImageFocusDetection/data/valid_samples_labels/valid_sample32_labels/valid_sample32.csv
2026-04-27 16:18:37 [INFO] Saved: /Volumes/JIAYI/ImageFocusDetection/data/valid_samples_labels/valid_sample35_labels/valid_sample35.csv
2026-04-27 16:18:37 [INFO] Saved: /Volumes/JIAYI/ImageFocusDetection/data/valid_samples_labels/valid_sample59_labels/valid_sample59.csv
2026-04-27 16:18:37 [INFO] Saved: /Volumes/JIAYI/ImageFocusDetection/data/valid_samples_labels/valid_sample66_labels/valid_sample66.csv
2026-04-27 16:18:37 [INFO] Saved: /Volumes/JIAYI/ImageFocusDetection/data/valid_samples_labels/valid_sample61_labels/valid_sample61.csv
2026-04-27 16:18:37 [INFO] Saved: /Volumes/JIAYI/ImageFocusDetection/data/valid_samples_labels/valid_sample68_labels/valid_sample68.csv
2026-04-27 16:18:37 [INFO] Saved: /Volumes/JIAYI/ImageFocusDetection/data/valid_samples_labels/valid_sample57_labels/valid_sample57.csv
2026-04-27 16:18:37 [INFO] Saved: /Volumes/JIAYI/ImageFocusDetection/data/valid_samples_labels/valid_sample50_labels/valid_sample50.csv
2026-04-27 16:18:38 [INFO] Saved: /Volumes/JIAYI/ImageFocusDetection/data/valid_samples_labels/valid_sample33_labels/valid_sample33.csv
2026-04-27 16:18:38 [INFO] Saved: /Volumes/JIAYI/ImageFocusDetection/data/valid_samples_labels/valid_sample34_labels/valid_sample34.csv
2026-04-27 16:18:38 [INFO] Saved: /Volumes/JIAYI/ImageFocusDetection/data/valid_samples_labels/valid_sample2_labels/valid_sample2.csv
2026-04-27 16:18:38 [INFO] Saved: /Volumes/JIAYI/ImageFocusDetection/data/valid_samples_labels/valid_sample5_labels/valid_sample5.csv
2026-04-27 16:18:38 [INFO] Saved: /Volumes/JIAYI/ImageFocusDetection/data/valid_samples_labels/valid_sample51_labels/valid_sample51.csv
2026-04-27 16:18:38 [INFO] Saved: /Volumes/JIAYI/ImageFocusDetection/data/valid_samples_labels/valid_sample69_labels/valid_sample69.csv
2026-04-27 16:18:38 [INFO] Saved: /Volumes/JIAYI/ImageFocusDetection/data/valid_samples_labels/valid_sample56_labels/valid_sample56.csv
2026-04-27 16:18:38 [INFO] Saved: /Volumes/JIAYI/ImageFocusDetection/data/valid_samples_labels/valid_sample60_labels/valid_sample60.csv
2026-04-27 16:18:38 [INFO] Saved: /Volumes/JIAYI/ImageFocusDetection/data/valid_samples_labels/valid_sample58_labels/valid_sample58.csv
2026-04-27 16:18:38 [INFO] Saved: /Volumes/JIAYI/ImageFocusDetection/data/valid_samples_labels/valid_sample67_labels/valid_sample67.csv
2026-04-27 16:18:39 [INFO] Saved: /Volumes/JIAYI/ImageFocusDetection/data/valid_samples_labels/valid_sample42_labels/valid_sample42.csv
2026-04-27 16:18:39 [INFO] Saved: /Volumes/JIAYI/ImageFocusDetection/data/valid_samples_labels/valid_sample45_labels/valid_sample45.csv
2026-04-27 16:18:39 [INFO] Saved: /Volumes/JIAYI/ImageFocusDetection/data/valid_samples_labels/valid_sample74_labels/valid_sample74.csv
2026-04-27 16:18:39 [INFO] Saved: /Volumes/JIAYI/ImageFocusDetection/data/valid_samples_labels/valid_sample73_labels/valid_sample73.csv
2026-04-27 16:18:39 [INFO] Saved: /Volumes/JIAYI/ImageFocusDetection/data/valid_samples_labels/valid_sample18_labels/valid_sample18.csv
2026-04-27 16:18:39 [INFO] Saved: /Volumes/JIAYI/ImageFocusDetection/data/valid_samples_labels/valid_sample20_labels/valid_sample20.csv
2026-04-27 16:18:39 [INFO] Saved: /Volumes/JIAYI/ImageFocusDetection/data/valid_samples_labels/valid_sample27_labels/valid_sample27.csv
2026-04-27 16:18:39 [INFO] Saved: /Volumes/JIAYI/ImageFocusDetection/data/valid_samples_labels/valid_sample29_labels/valid_sample29.csv
2026-04-27 16:18:39 [INFO] Saved: /Volumes/JIAYI/ImageFocusDetection/data/valid_samples_labels/valid_sample16_labels/valid_sample16.csv
2026-04-27 16:18:39 [INFO] Saved: /Volumes/JIAYI/ImageFocusDetection/data/valid_samples_labels/valid_sample11_labels/valid_sample11.csv
2026-04-27 16:18:40 [INFO] Saved: /Volumes/JIAYI/ImageFocusDetection/data/valid_samples_labels/valid_sample72_labels/valid_sample72.csv
2026-04-27 16:18:40 [INFO] Saved: /Volumes/JIAYI/ImageFocusDetection/data/valid_samples_labels/valid_sample43_labels/valid_sample43.csv
2026-04-27 16:18:40 [INFO] Saved: /Volumes/JIAYI/ImageFocusDetection/data/valid_samples_labels/valid_sample44_labels/valid_sample44.csv
2026-04-27 16:18:40 [INFO] Saved: /Volumes/JIAYI/ImageFocusDetection/data/valid_samples_labels/valid_sample10_labels/valid_sample10.csv
2026-04-27 16:18:40 [INFO] Saved: /Volumes/JIAYI/ImageFocusDetection/data/valid_samples_labels/valid_sample28_labels/valid_sample28.csv
2026-04-27 16:18:40 [INFO] Saved: /Volumes/JIAYI/ImageFocusDetection/data/valid_samples_labels/valid_sample17_labels/valid_sample17.csv
2026-04-27 16:18:40 [INFO] Saved: /Volumes/JIAYI/ImageFocusDetection/data/valid_samples_labels/valid_sample19_labels/valid_sample19.csv
2026-04-27 16:18:40 [INFO] Saved: /Volumes/JIAYI/ImageFocusDetection/data/valid_samples_labels/valid_sample21_labels/valid_sample21.csv
2026-04-27 16:18:40 [INFO] Saved: /Volumes/JIAYI/ImageFocusDetection/data/valid_samples_labels/valid_sample26_labels/valid_sample26.csv
2026-04-27 16:18:47 [INFO] Finished: sample127 (grid=35x53)
2026-04-27 16:18:48 [INFO] Finished: sample69 (grid=35x53)
2026-04-27 16:18:48 [INFO] Finished: sample290 (grid=35x53)
2026-04-27 16:18:48 [INFO] Finished: sample77 (grid=35x53)
2026-04-27 16:18:48 [INFO] Finished: sample6 (grid=35x53)
2026-04-27 16:18:52 [INFO] Finished: sample144 (grid=35x53)
2026-04-27 16:18:52 [INFO] Finished: sample148 (grid=35x53)
2026-04-27 16:18:52 [INFO] Finished: sample65 (grid=35x53)
2026-04-27 16:18:52 [INFO] Finished: sample14 (grid=35x53)
2026-04-27 16:18:52 [INFO] Finished: sample139 (grid=35x53)
2026-04-27 16:18:54 [INFO] Finished: sample282 (grid=35x53)
2026-04-27 16:18:56 [INFO] Finished: sample156 (grid=35x53)
2026-04-27 16:18:56 [INFO] Finished: sample135 (grid=35x53)
2026-04-27 16:18:57 [INFO] Finished: sample18 (grid=35x53)
2026-04-27 16:18:57 [INFO] Finished: sample53 (grid=35x53)
2026-04-27 16:18:58 [INFO] Finished: sample103 (grid=35x53)
2026-04-27 16:18:58 [INFO] Finished: sample160 (grid=35x53)
2026-04-27 16:18:59 [INFO] Finished: sample30 (grid=35x53)
2026-04-27 16:18:59 [INFO] Finished: sample41 (grid=35x53)
2026-04-27 16:18:59 [INFO] Finished: sample111 (grid=35x53)
2026-04-27 16:19:01 [INFO] Finished: sample172 (grid=35x53)
2026-04-27 16:19:03 [INFO] Finished: sample22 (grid=35x53)
2026-04-27 16:19:03 [INFO] Finished: sample312 (grid=35x53)
2026-04-27 16:19:03 [INFO] Finished: sample212 (grid=35x53)
2026-04-27 16:19:03 [INFO] Finished: sample88 (grid=35x53)
2026-04-27 16:19:03 [INFO] Finished: sample271 (grid=35x53)
2026-04-27 16:19:07 [INFO] Finished: sample96 (grid=35x53)
2026-04-27 16:19:08 [INFO] Finished: sample200 (grid=35x53)
2026-04-27 16:19:08 [INFO] Finished: sample263 (grid=35x53)
2026-04-27 16:19:08 [INFO] Finished: sample300 (grid=35x53)
2026-04-27 16:19:08 [INFO] Finished: sample84 (grid=35x53)
2026-04-27 16:19:12 [INFO] Finished: sample236 (grid=35x53)
2026-04-27 16:19:12 [INFO] Finished: sample336 (grid=35x53)
2026-04-27 16:19:12 [INFO] Finished: sample181 (grid=35x53)
2026-04-27 16:19:12 [INFO] Finished: sample228 (grid=35x53)
2026-04-27 16:19:12 [INFO] Finished: sample255 (grid=35x53)
2026-04-27 16:19:16 [INFO] Finished: sample328 (grid=35x53)
2026-04-27 16:19:16 [INFO] Finished: sample259 (grid=35x53)
2026-04-27 16:19:17 [INFO] Finished: sample324 (grid=35x53)
2026-04-27 16:19:17 [INFO] Finished: sample193 (grid=35x53)
2026-04-27 16:19:17 [INFO] Finished: sample224 (grid=35x53)
2026-04-27 16:19:21 [INFO] Finished: sample247 (grid=35x53)
2026-04-27 16:19:21 [INFO] Finished: sample347 (grid=35x53)
2026-04-27 16:19:21 [INFO] Finished: sample261 (grid=35x53)
2026-04-27 16:19:21 [INFO] Finished: sample202 (grid=35x53)
2026-04-27 16:19:21 [INFO] Finished: sample86 (grid=35x53)
2026-04-27 16:19:24 [INFO] Finished: sample98 (grid=35x53)
2026-04-27 16:19:25 [INFO] Finished: sample302 (grid=35x53)
2026-04-27 16:19:26 [INFO] Finished: sample94 (grid=35x53)
2026-04-27 16:19:26 [INFO] Finished: sample310 (grid=35x53)
2026-04-27 16:19:26 [INFO] Finished: sample273 (grid=35x53)
2026-04-27 16:19:27 [INFO] Finished: sample210 (grid=35x53)
2026-04-27 16:19:28 [INFO] Finished: sample345 (grid=35x53)
2026-04-27 16:19:29 [INFO] Finished: sample245 (grid=35x53)
2026-04-27 16:19:29 [INFO] Finished: sample338 (grid=35x53)
2026-04-27 16:19:29 [INFO] Finished: sample238 (grid=35x53)
2026-04-27 16:19:31 [INFO] Finished: sample191 (grid=35x53)
2026-04-27 16:19:32 [INFO] Finished: sample326 (grid=35x53)
2026-04-27 16:19:32 [INFO] Finished: sample226 (grid=35x53)
2026-04-27 16:19:33 [INFO] Finished: sample257 (grid=35x53)
2026-04-27 16:19:33 [INFO] Finished: sample249 (grid=35x53)
2026-04-27 16:19:35 [INFO] Finished: sample349 (grid=35x53)
2026-04-27 16:19:36 [INFO] Finished: sample234 (grid=35x53)
2026-04-27 16:19:36 [INFO] Finished: sample334 (grid=35x53)
2026-04-27 16:19:36 [INFO] Finished: sample183 (grid=35x53)
2026-04-27 16:19:36 [INFO] Finished: sample79 (grid=35x53)
2026-04-27 16:19:37 [INFO] Finished: sample154 (grid=35x53)
2026-04-27 16:19:40 [INFO] Finished: sample8 (grid=35x53)
2026-04-27 16:19:40 [INFO] Finished: sample280 (grid=35x53)
2026-04-27 16:19:40 [INFO] Finished: sample67 (grid=35x53)
2026-04-27 16:19:40 [INFO] Finished: sample129 (grid=35x53)
2026-04-27 16:19:40 [INFO] Finished: sample137 (grid=35x53)
2026-04-27 16:19:44 [INFO] Finished: sample146 (grid=35x53)
2026-04-27 16:19:44 [INFO] Finished: sample16 (grid=35x53)
2026-04-27 16:19:44 [INFO] Finished: sample75 (grid=35x53)
2026-04-27 16:19:45 [INFO] Finished: sample4 (grid=35x53)
2026-04-27 16:19:45 [INFO] Finished: sample158 (grid=35x53)
2026-04-27 16:19:48 [INFO] Finished: sample125 (grid=35x53)
2026-04-27 16:19:48 [INFO] Finished: sample170 (grid=35x53)
2026-04-27 16:19:48 [INFO] Finished: sample20 (grid=35x53)
2026-04-27 16:19:49 [INFO] Finished: sample292 (grid=35x53)
2026-04-27 16:19:49 [INFO] Finished: sample43 (grid=35x53)
2026-04-27 16:19:52 [INFO] Finished: sample32 (grid=35x53)
2026-04-27 16:19:52 [INFO] Finished: sample113 (grid=35x53)
2026-04-27 16:19:53 [INFO] Finished: sample162 (grid=35x53)
2026-04-27 16:19:53 [INFO] Finished: sample101 (grid=35x53)
2026-04-27 16:19:53 [INFO] Finished: sample51 (grid=35x53)
2026-04-27 16:19:56 [INFO] Finished: sample199 (grid=35x53)
2026-04-27 16:19:56 [INFO] Finished: sample253 (grid=35x53)
2026-04-27 16:19:56 [INFO] Finished: sample230 (grid=35x53)
2026-04-27 16:19:57 [INFO] Finished: sample330 (grid=35x53)
2026-04-27 16:19:57 [INFO] Finished: sample187 (grid=35x53)
2026-04-27 16:20:00 [INFO] Finished: sample341 (grid=35x53)
2026-04-27 16:20:01 [INFO] Finished: sample195 (grid=35x53)
2026-04-27 16:20:01 [INFO] Finished: sample241 (grid=35x53)
2026-04-27 16:20:01 [INFO] Finished: sample322 (grid=35x53)
2026-04-27 16:20:01 [INFO] Finished: sample222 (grid=35x53)
2026-04-27 16:20:05 [INFO] Finished: sample90 (grid=35x53)
2026-04-27 16:20:05 [INFO] Finished: sample277 (grid=35x53)
2026-04-27 16:20:05 [INFO] Finished: sample214 (grid=35x53)
2026-04-27 16:20:06 [INFO] Finished: sample269 (grid=35x53)
2026-04-27 16:20:06 [INFO] Finished: sample314 (grid=35x53)
2026-04-27 16:20:09 [INFO] Finished: sample218 (grid=35x53)
2026-04-27 16:20:10 [INFO] Finished: sample318 (grid=35x53)
2026-04-27 16:20:10 [INFO] Finished: sample206 (grid=35x53)
2026-04-27 16:20:10 [INFO] Finished: sample82 (grid=35x53)
2026-04-27 16:20:10 [INFO] Finished: sample265 (grid=35x53)
2026-04-27 16:20:12 [INFO] Finished: sample306 (grid=35x53)
2026-04-27 16:20:14 [INFO] Finished: sample36 (grid=35x53)
2026-04-27 16:20:14 [INFO] Finished: sample166 (grid=35x53)
2026-04-27 16:20:15 [INFO] Finished: sample105 (grid=35x53)
2026-04-27 16:20:15 [INFO] Finished: sample28 (grid=35x53)
2026-04-27 16:20:16 [INFO] Finished: sample178 (grid=35x53)
2026-04-27 16:20:18 [INFO] Finished: sample109 (grid=35x53)
2026-04-27 16:20:18 [INFO] Finished: sample55 (grid=35x53)
2026-04-27 16:20:19 [INFO] Finished: sample24 (grid=35x53)
2026-04-27 16:20:19 [INFO] Finished: sample174 (grid=35x53)
2026-04-27 16:20:20 [INFO] Finished: sample59 (grid=35x53)
2026-04-27 16:20:21 [INFO] Finished: sample47 (grid=35x53)
2026-04-27 16:20:21 [INFO] Finished: sample117 (grid=35x53)
2026-04-27 16:20:23 [INFO] Finished: sample288 (grid=35x53)
2026-04-27 16:20:24 [INFO] Finished: sample12 (grid=35x53)
2026-04-27 16:20:24 [INFO] Finished: sample142 (grid=35x53)
2026-04-27 16:20:24 [INFO] Finished: sample121 (grid=35x53)
2026-04-27 16:20:25 [INFO] Finished: sample296 (grid=35x53)
2026-04-27 16:20:26 [INFO] Finished: sample71 (grid=35x53)
2026-04-27 16:20:27 [INFO] Finished: sample133 (grid=35x53)
2026-04-27 16:20:27 [INFO] Finished: sample150 (grid=35x53)
2026-04-27 16:20:29 [INFO] Finished: sample284 (grid=35x53)
2026-04-27 16:20:29 [INFO] Finished: sample63 (grid=35x53)
2026-04-27 16:20:31 [INFO] Finished: sample115 (grid=35x53)
2026-04-27 16:20:31 [INFO] Finished: sample38 (grid=35x53)
2026-04-27 16:20:32 [INFO] Finished: sample168 (grid=35x53)
2026-04-27 16:20:32 [INFO] Finished: sample26 (grid=35x53)
2026-04-27 16:20:33 [INFO] Finished: sample45 (grid=35x53)
2026-04-27 16:20:33 [INFO] Finished: sample176 (grid=35x53)
2026-04-27 16:20:38 [INFO] Finished: sample107 (grid=35x53)
2026-04-27 16:20:38 [INFO] Finished: sample57 (grid=35x53)
2026-04-27 16:20:38 [INFO] Finished: sample119 (grid=35x53)
2026-04-27 16:20:40 [INFO] Finished: sample164 (grid=35x53)
2026-04-27 16:20:40 [INFO] Finished: sample34 (grid=35x53)
2026-04-27 16:20:43 [INFO] Finished: sample49 (grid=35x53)
2026-04-27 16:20:43 [INFO] Finished: sample286 (grid=35x53)
2026-04-27 16:20:45 [INFO] Finished: sample131 (grid=35x53)
2026-04-27 16:20:45 [INFO] Finished: sample61 (grid=35x53)
2026-04-27 16:20:46 [INFO] Finished: sample298 (grid=35x53)
2026-04-27 16:20:49 [INFO] Finished: sample152 (grid=35x53)
2026-04-27 16:20:50 [INFO] Finished: sample123 (grid=35x53)
2026-04-27 16:20:51 [INFO] Finished: sample294 (grid=35x53)
2026-04-27 16:20:51 [INFO] Finished: sample73 (grid=35x53)
2026-04-27 16:20:53 [INFO] Finished: sample2 (grid=35x53)
2026-04-27 16:20:54 [INFO] Finished: sample10 (grid=35x53)
2026-04-27 16:20:56 [INFO] Finished: sample140 (grid=35x53)
2026-04-27 16:20:58 [INFO] Finished: sample197 (grid=35x53)
2026-04-27 16:20:59 [INFO] Finished: sample320 (grid=35x53)
2026-04-27 16:21:00 [INFO] Finished: sample220 (grid=35x53)
2026-04-27 16:21:01 [INFO] Finished: sample189 (grid=35x53)
2026-04-27 16:21:03 [INFO] Finished: sample343 (grid=35x53)
2026-04-27 16:21:05 [INFO] Finished: sample243 (grid=35x53)
2026-04-27 16:21:08 [INFO] Finished: sample232 (grid=35x53)
2026-04-27 16:21:08 [INFO] Finished: sample185 (grid=35x53)
2026-04-27 16:21:09 [INFO] Finished: sample251 (grid=35x53)
2026-04-27 16:21:09 [INFO] Finished: sample332 (grid=35x53)
2026-04-27 16:21:09 [INFO] Finished: sample204 (grid=35x53)
2026-04-27 16:21:13 [INFO] Finished: sample304 (grid=35x53)
2026-04-27 16:21:13 [INFO] Finished: sample279 (grid=35x53)
2026-04-27 16:21:13 [INFO] Finished: sample80 (grid=35x53)
2026-04-27 16:21:13 [INFO] Finished: sample267 (grid=35x53)
2026-04-27 16:21:13 [INFO] Finished: sample316 (grid=35x53)
2026-04-27 16:21:16 [INFO] Finished: sample216 (grid=35x53)
2026-04-27 16:21:17 [INFO] Finished: sample92 (grid=35x53)
2026-04-27 16:21:17 [INFO] Finished: sample275 (grid=35x53)
2026-04-27 16:21:17 [INFO] Finished: sample308 (grid=35x53)
2026-04-27 16:21:17 [INFO] Finished: sample208 (grid=35x53)
2026-04-27 16:21:21 [INFO] Finished: sample329 (grid=35x53)
2026-04-27 16:21:21 [INFO] Finished: sample229 (grid=35x53)
2026-04-27 16:21:21 [INFO] Finished: sample337 (grid=35x53)
2026-04-27 16:21:21 [INFO] Finished: sample254 (grid=35x53)
2026-04-27 16:21:22 [INFO] Finished: sample180 (grid=35x53)
2026-04-27 16:21:25 [INFO] Finished: sample346 (grid=35x53)
2026-04-27 16:21:25 [INFO] Finished: sample246 (grid=35x53)
2026-04-27 16:21:25 [INFO] Finished: sample237 (grid=35x53)
2026-04-27 16:21:25 [INFO] Finished: sample225 (grid=35x53)
2026-04-27 16:21:25 [INFO] Finished: sample192 (grid=35x53)
2026-04-27 16:21:29 [INFO] Finished: sample325 (grid=35x53)
2026-04-27 16:21:30 [INFO] Finished: sample270 (grid=35x53)
2026-04-27 16:21:30 [INFO] Finished: sample97 (grid=35x53)
2026-04-27 16:21:30 [INFO] Finished: sample258 (grid=35x53)
2026-04-27 16:21:30 [INFO] Finished: sample213 (grid=35x53)
2026-04-27 16:21:34 [INFO] Finished: sample313 (grid=35x53)
2026-04-27 16:21:35 [INFO] Finished: sample89 (grid=35x53)
2026-04-27 16:21:35 [INFO] Finished: sample85 (grid=35x53)
2026-04-27 16:21:35 [INFO] Finished: sample301 (grid=35x53)
2026-04-27 16:21:35 [INFO] Finished: sample262 (grid=35x53)
2026-04-27 16:21:38 [INFO] Finished: sample201 (grid=35x53)
2026-04-27 16:21:39 [INFO] Finished: sample31 (grid=35x53)
2026-04-27 16:21:39 [INFO] Finished: sample161 (grid=35x53)
2026-04-27 16:21:39 [INFO] Finished: sample52 (grid=35x53)
2026-04-27 16:21:39 [INFO] Finished: sample102 (grid=35x53)
2026-04-27 16:21:42 [INFO] Finished: sample23 (grid=35x53)
2026-04-27 16:21:42 [INFO] Finished: sample173 (grid=35x53)
2026-04-27 16:21:42 [INFO] Finished: sample40 (grid=35x53)
2026-04-27 16:21:43 [INFO] Finished: sample15 (grid=35x53)
2026-04-27 16:21:43 [INFO] Finished: sample110 (grid=35x53)
2026-04-27 16:21:47 [INFO] Finished: sample138 (grid=35x53)
2026-04-27 16:21:48 [INFO] Finished: sample145 (grid=35x53)
2026-04-27 16:21:48 [INFO] Finished: sample68 (grid=35x53)
2026-04-27 16:21:48 [INFO] Finished: sample126 (grid=35x53)
2026-04-27 16:21:48 [INFO] Finished: sample291 (grid=35x53)
2026-04-27 16:21:51 [INFO] Finished: sample76 (grid=35x53)
2026-04-27 16:21:52 [INFO] Finished: sample157 (grid=35x53)
2026-04-27 16:21:52 [INFO] Finished: sample19 (grid=35x53)
2026-04-27 16:21:52 [INFO] Finished: sample7 (grid=35x53)
2026-04-27 16:21:52 [INFO] Finished: sample134 (grid=35x53)
2026-04-27 16:21:55 [INFO] Finished: sample283 (grid=35x53)
2026-04-27 16:21:56 [INFO] Finished: sample64 (grid=35x53)
2026-04-27 16:21:56 [INFO] Finished: sample149 (grid=35x53)
2026-04-27 16:21:56 [INFO] Finished: sample42 (grid=35x53)
2026-04-27 16:21:56 [INFO] Finished: sample112 (grid=35x53)
2026-04-27 16:21:59 [INFO] Finished: sample21 (grid=35x53)
2026-04-27 16:21:59 [INFO] Finished: sample100 (grid=35x53)
2026-04-27 16:21:59 [INFO] Finished: sample33 (grid=35x53)
2026-04-27 16:21:59 [INFO] Finished: sample171 (grid=35x53)
2026-04-27 16:22:00 [INFO] Finished: sample50 (grid=35x53)
2026-04-27 16:22:03 [INFO] Finished: sample136 (grid=35x53)
2026-04-27 16:22:03 [INFO] Finished: sample66 (grid=35x53)
2026-04-27 16:22:03 [INFO] Finished: sample163 (grid=35x53)
2026-04-27 16:22:03 [INFO] Finished: sample128 (grid=35x53)
2026-04-27 16:22:03 [INFO] Finished: sample281 (grid=35x53)
2026-04-27 16:22:07 [INFO] Finished: sample78 (grid=35x53)
2026-04-27 16:22:08 [INFO] Finished: sample9 (grid=35x53)
2026-04-27 16:22:08 [INFO] Finished: sample293 (grid=35x53)
2026-04-27 16:22:08 [INFO] Finished: sample124 (grid=35x53)
2026-04-27 16:22:08 [INFO] Finished: sample155 (grid=35x53)
2026-04-27 16:22:10 [INFO] Finished: sample5 (grid=35x53)
2026-04-27 16:22:12 [INFO] Finished: sample159 (grid=35x53)
2026-04-27 16:22:12 [INFO] Finished: sample74 (grid=35x53)
2026-04-27 16:22:13 [INFO] Finished: sample17 (grid=35x53)
2026-04-27 16:22:13 [INFO] Finished: sample147 (grid=35x53)
2026-04-27 16:22:13 [INFO] Finished: sample227 (grid=35x53)
2026-04-27 16:22:15 [INFO] Finished: sample190 (grid=35x53)
2026-04-27 16:22:16 [INFO] Finished: sample327 (grid=35x53)
2026-04-27 16:22:16 [INFO] Finished: sample239 (grid=35x53)
2026-04-27 16:22:17 [INFO] Finished: sample244 (grid=35x53)
2026-04-27 16:22:17 [INFO] Finished: sample339 (grid=35x53)
2026-04-27 16:22:18 [INFO] Finished: sample344 (grid=35x53)
2026-04-27 16:22:18 [INFO] Finished: sample335 (grid=35x53)
2026-04-27 16:22:19 [INFO] Finished: sample182 (grid=35x53)
2026-04-27 16:22:19 [INFO] Finished: sample235 (grid=35x53)
2026-04-27 16:22:20 [INFO] Finished: sample348 (grid=35x53)
2026-04-27 16:22:21 [INFO] Finished: sample248 (grid=35x53)
2026-04-27 16:22:23 [INFO] Finished: sample256 (grid=35x53)
2026-04-27 16:22:23 [INFO] Finished: sample99 (grid=35x53)
2026-04-27 16:22:24 [INFO] Finished: sample303 (grid=35x53)
2026-04-27 16:22:25 [INFO] Finished: sample203 (grid=35x53)
2026-04-27 16:22:26 [INFO] Finished: sample87 (grid=35x53)
2026-04-27 16:22:26 [INFO] Finished: sample260 (grid=35x53)
2026-04-27 16:22:28 [INFO] Finished: sample211 (grid=35x53)
2026-04-27 16:22:28 [INFO] Finished: sample311 (grid=35x53)
2026-04-27 16:22:29 [INFO] Finished: sample95 (grid=35x53)
2026-04-27 16:22:29 [INFO] Finished: sample272 (grid=35x53)
2026-04-27 16:22:30 [INFO] Finished: sample1 (grid=35x53)
2026-04-27 16:22:31 [INFO] Finished: sample297 (grid=35x53)
2026-04-27 16:22:31 [INFO] Finished: sample70 (grid=35x53)
2026-04-27 16:22:32 [INFO] Finished: sample143 (grid=35x53)
2026-04-27 16:22:32 [INFO] Finished: sample120 (grid=35x53)
2026-04-27 16:22:33 [INFO] Finished: sample289 (grid=35x53)
2026-04-27 16:22:35 [INFO] Finished: sample13 (grid=35x53)
2026-04-27 16:22:35 [INFO] Finished: sample62 (grid=35x53)
2026-04-27 16:22:36 [INFO] Finished: sample132 (grid=35x53)
2026-04-27 16:22:36 [INFO] Finished: sample285 (grid=35x53)
2026-04-27 16:22:37 [INFO] Finished: sample151 (grid=35x53)
2026-04-27 16:22:38 [INFO] Finished: sample179 (grid=35x53)
2026-04-27 16:22:39 [INFO] Finished: sample54 (grid=35x53)
2026-04-27 16:22:40 [INFO] Finished: sample104 (grid=35x53)
2026-04-27 16:22:40 [INFO] Finished: sample29 (grid=35x53)
2026-04-27 16:22:40 [INFO] Finished: sample167 (grid=35x53)
2026-04-27 16:22:42 [INFO] Finished: sample37 (grid=35x53)
2026-04-27 16:22:42 [INFO] Finished: sample46 (grid=35x53)
2026-04-27 16:22:43 [INFO] Finished: sample175 (grid=35x53)
2026-04-27 16:22:44 [INFO] Finished: sample58 (grid=35x53)
2026-04-27 16:22:44 [INFO] Finished: sample116 (grid=35x53)
2026-04-27 16:22:45 [INFO] Finished: sample108 (grid=35x53)
2026-04-27 16:22:46 [INFO] Finished: sample25 (grid=35x53)
2026-04-27 16:22:48 [INFO] Finished: sample268 (grid=35x53)
2026-04-27 16:22:48 [INFO] Finished: sample215 (grid=35x53)
2026-04-27 16:22:48 [INFO] Finished: sample315 (grid=35x53)
2026-04-27 16:22:49 [INFO] Finished: sample276 (grid=35x53)
2026-04-27 16:22:50 [INFO] Finished: sample91 (grid=35x53)
2026-04-27 16:22:51 [INFO] Finished: sample307 (grid=35x53)
2026-04-27 16:22:52 [INFO] Finished: sample207 (grid=35x53)
2026-04-27 16:22:53 [INFO] Finished: sample264 (grid=35x53)
2026-04-27 16:22:54 [INFO] Finished: sample319 (grid=35x53)
2026-04-27 16:22:55 [INFO] Finished: sample83 (grid=35x53)
2026-04-27 16:22:55 [INFO] Finished: sample219 (grid=35x53)
2026-04-27 16:22:56 [INFO] Finished: sample331 (grid=35x53)
2026-04-27 16:22:57 [INFO] Finished: sample186 (grid=35x53)
2026-04-27 16:22:58 [INFO] Finished: sample231 (grid=35x53)
2026-04-27 16:22:58 [INFO] Finished: sample252 (grid=35x53)
2026-04-27 16:22:58 [INFO] Finished: sample198 (grid=35x53)
2026-04-27 16:22:59 [INFO] Finished: sample223 (grid=35x53)
2026-04-27 16:23:00 [INFO] Finished: sample194 (grid=35x53)
2026-04-27 16:23:02 [INFO] Finished: sample323 (grid=35x53)
2026-04-27 16:23:03 [INFO] Finished: sample340 (grid=35x53)
2026-04-27 16:23:03 [INFO] Finished: sample240 (grid=35x53)
2026-04-27 16:23:03 [INFO] Finished: sample266 (grid=35x53)
2026-04-27 16:23:04 [INFO] Finished: sample81 (grid=35x53)
2026-04-27 16:23:06 [INFO] Finished: sample278 (grid=35x53)
2026-04-27 16:23:07 [INFO] Finished: sample205 (grid=35x53)
2026-04-27 16:23:08 [INFO] Finished: sample305 (grid=35x53)
2026-04-27 16:23:08 [INFO] Finished: sample274 (grid=35x53)
2026-04-27 16:23:08 [INFO] Finished: sample209 (grid=35x53)
2026-04-27 16:23:09 [INFO] Finished: sample93 (grid=35x53)
2026-04-27 16:23:11 [INFO] Finished: sample309 (grid=35x53)
2026-04-27 16:23:12 [INFO] Finished: sample317 (grid=35x53)
2026-04-27 16:23:12 [INFO] Finished: sample217 (grid=35x53)
2026-04-27 16:23:12 [INFO] Finished: sample242 (grid=35x53)
2026-04-27 16:23:13 [INFO] Finished: sample342 (grid=35x53)
2026-04-27 16:23:14 [INFO] Finished: sample188 (grid=35x53)
2026-04-27 16:23:17 [INFO] Finished: sample221 (grid=35x53)
2026-04-27 16:23:17 [INFO] Finished: sample196 (grid=35x53)
2026-04-27 16:23:17 [INFO] Finished: sample321 (grid=35x53)
2026-04-27 16:23:17 [INFO] Finished: sample350 (grid=35x53)
2026-04-27 16:23:17 [INFO] Finished: sample250 (grid=35x53)
2026-04-27 16:23:21 [INFO] Finished: sample184 (grid=35x53)
2026-04-27 16:23:21 [INFO] Finished: sample233 (grid=35x53)
2026-04-27 16:23:22 [INFO] Finished: sample333 (grid=35x53)
2026-04-27 16:23:22 [INFO] Finished: sample153 (grid=35x53)
2026-04-27 16:23:22 [INFO] Finished: sample299 (grid=35x53)
2026-04-27 16:23:25 [INFO] Finished: sample60 (grid=35x53)
2026-04-27 16:23:26 [INFO] Finished: sample130 (grid=35x53)
2026-04-27 16:23:26 [INFO] Finished: sample287 (grid=35x53)
2026-04-27 16:23:26 [INFO] Finished: sample141 (grid=35x53)
2026-04-27 16:23:26 [INFO] Finished: sample11 (grid=35x53)
2026-04-27 16:23:29 [INFO] Finished: sample72 (grid=35x53)
2026-04-27 16:23:29 [INFO] Finished: sample3 (grid=35x53)
2026-04-27 16:23:30 [INFO] Finished: sample122 (grid=35x53)
2026-04-27 16:23:30 [INFO] Finished: sample295 (grid=35x53)
2026-04-27 16:23:30 [INFO] Finished: sample177 (grid=35x53)
2026-04-27 16:23:33 [INFO] Finished: sample27 (grid=35x53)
2026-04-27 16:23:34 [INFO] Finished: sample169 (grid=35x53)
2026-04-27 16:23:34 [INFO] Finished: sample44 (grid=35x53)
2026-04-27 16:23:34 [INFO] Finished: sample114 (grid=35x53)
2026-04-27 16:23:34 [INFO] Finished: sample39 (grid=35x53)
2026-04-27 16:23:37 [INFO] Finished: sample165 (grid=35x53)
2026-04-27 16:23:38 [INFO] Finished: sample48 (grid=35x53)
2026-04-27 16:23:38 [INFO] Finished: sample35 (grid=35x53)
2026-04-27 16:23:38 [INFO] Finished: sample118 (grid=35x53)
2026-04-27 16:23:38 [INFO] Finished: sample56 (grid=35x53)
2026-04-27 16:23:39 [INFO] Finished: sample106 (grid=35x53)
2026-04-27 16:23:46 [INFO] Finished: valid_sample33 (grid=35x53)
2026-04-27 16:23:46 [INFO] Finished: valid_sample74 (grid=35x53)
2026-04-27 16:23:46 [INFO] Finished: valid_sample42 (grid=35x53)
2026-04-27 16:23:46 [INFO] Finished: valid_sample50 (grid=35x53)
2026-04-27 16:23:46 [INFO] Finished: valid_sample21 (grid=35x53)
2026-04-27 16:23:50 [INFO] Finished: valid_sample5 (grid=35x53)
2026-04-27 16:23:50 [INFO] Finished: valid_sample9 (grid=35x53)
2026-04-27 16:23:50 [INFO] Finished: valid_sample17 (grid=35x53)
2026-04-27 16:23:50 [INFO] Finished: valid_sample66 (grid=35x53)
2026-04-27 16:23:50 [INFO] Finished: valid_sample23 (grid=35x53)
2026-04-27 16:23:54 [INFO] Finished: valid_sample40 (grid=35x53)
2026-04-27 16:23:54 [INFO] Finished: valid_sample64 (grid=35x53)
2026-04-27 16:23:54 [INFO] Finished: valid_sample31 (grid=35x53)
2026-04-27 16:23:54 [INFO] Finished: valid_sample52 (grid=35x53)
2026-04-27 16:23:54 [INFO] Finished: valid_sample19 (grid=35x53)
2026-04-27 16:23:58 [INFO] Finished: valid_sample7 (grid=35x53)
2026-04-27 16:23:59 [INFO] Finished: valid_sample11 (grid=35x53)
2026-04-27 16:23:59 [INFO] Finished: valid_sample68 (grid=35x53)
2026-04-27 16:23:59 [INFO] Finished: valid_sample3 (grid=35x53)
2026-04-27 16:23:59 [INFO] Finished: valid_sample15 (grid=35x53)
2026-04-27 16:24:02 [INFO] Finished: valid_sample72 (grid=35x53)
2026-04-27 16:24:03 [INFO] Finished: valid_sample60 (grid=35x53)
2026-04-27 16:24:03 [INFO] Finished: valid_sample48 (grid=35x53)
2026-04-27 16:24:04 [INFO] Finished: valid_sample35 (grid=35x53)
2026-04-27 16:24:04 [INFO] Finished: valid_sample56 (grid=35x53)
2026-04-27 16:24:05 [INFO] Finished: valid_sample27 (grid=35x53)
2026-04-27 16:24:06 [INFO] Finished: valid_sample39 (grid=35x53)
2026-04-27 16:24:07 [INFO] Finished: valid_sample44 (grid=35x53)
2026-04-27 16:24:07 [INFO] Finished: valid_sample62 (grid=35x53)
2026-04-27 16:24:07 [INFO] Finished: valid_sample70 (grid=35x53)
2026-04-27 16:24:08 [INFO] Finished: valid_sample13 (grid=35x53)
2026-04-27 16:24:09 [INFO] Finished: valid_sample1 (grid=35x53)
2026-04-27 16:24:10 [INFO] Finished: valid_sample46 (grid=35x53)
2026-04-27 16:24:10 [INFO] Finished: valid_sample58 (grid=35x53)
2026-04-27 16:24:11 [INFO] Finished: valid_sample25 (grid=35x53)
2026-04-27 16:24:12 [INFO] Finished: valid_sample29 (grid=35x53)
2026-04-27 16:24:14 [INFO] Finished: valid_sample54 (grid=35x53)
2026-04-27 16:24:14 [INFO] Finished: valid_sample37 (grid=35x53)
2026-04-27 16:24:14 [INFO] Finished: valid_sample16 (grid=35x53)
2026-04-27 16:24:15 [INFO] Finished: valid_sample4 (grid=35x53)
2026-04-27 16:24:16 [INFO] Finished: valid_sample8 (grid=35x53)
2026-04-27 16:24:18 [INFO] Finished: valid_sample67 (grid=35x53)
2026-04-27 16:24:18 [INFO] Finished: valid_sample32 (grid=35x53)
2026-04-27 16:24:18 [INFO] Finished: valid_sample51 (grid=35x53)
2026-04-27 16:24:20 [INFO] Finished: valid_sample20 (grid=35x53)
2026-04-27 16:24:20 [INFO] Finished: valid_sample43 (grid=35x53)
2026-04-27 16:24:21 [INFO] Finished: valid_sample65 (grid=35x53)
2026-04-27 16:24:21 [INFO] Finished: valid_sample18 (grid=35x53)
2026-04-27 16:24:22 [INFO] Finished: valid_sample14 (grid=35x53)
2026-04-27 16:24:23 [INFO] Finished: valid_sample6 (grid=35x53)
2026-04-27 16:24:24 [INFO] Finished: valid_sample69 (grid=35x53)
2026-04-27 16:24:25 [INFO] Finished: valid_sample41 (grid=35x53)
2026-04-27 16:24:25 [INFO] Finished: valid_sample53 (grid=35x53)
2026-04-27 16:24:25 [INFO] Finished: valid_sample22 (grid=35x53)
2026-04-27 16:24:27 [INFO] Finished: valid_sample30 (grid=35x53)
2026-04-27 16:24:28 [INFO] Finished: valid_sample57 (grid=35x53)
2026-04-27 16:24:28 [INFO] Finished: valid_sample49 (grid=35x53)
2026-04-27 16:24:29 [INFO] Finished: valid_sample45 (grid=35x53)
2026-04-27 16:24:30 [INFO] Finished: valid_sample34 (grid=35x53)
2026-04-27 16:24:30 [INFO] Finished: valid_sample38 (grid=35x53)
2026-04-27 16:24:31 [INFO] Finished: valid_sample26 (grid=35x53)
2026-04-27 16:24:33 [INFO] Finished: valid_sample73 (grid=35x53)
2026-04-27 16:24:33 [INFO] Finished: valid_sample2 (grid=35x53)
2026-04-27 16:24:34 [INFO] Finished: valid_sample61 (grid=35x53)
2026-04-27 16:24:34 [INFO] Finished: valid_sample10 (grid=35x53)
2026-04-27 16:24:35 [INFO] Finished: valid_sample59 (grid=35x53)
2026-04-27 16:24:36 [INFO] Finished: valid_sample24 (grid=35x53)
2026-04-27 16:24:37 [INFO] Finished: valid_sample47 (grid=35x53)
2026-04-27 16:24:39 [INFO] Finished: valid_sample36 (grid=35x53)
2026-04-27 16:24:39 [INFO] Finished: valid_sample55 (grid=35x53)
2026-04-27 16:24:40 [INFO] Finished: valid_sample28 (grid=35x53)
2026-04-27 16:24:40 [INFO] Finished: valid_sample63 (grid=35x53)
2026-04-27 16:24:40 [INFO] Finished: valid_sample12 (grid=35x53)
2026-04-27 16:24:41 [INFO] Finished: valid_sample71 (grid=35x53)
2026-04-27 16:24:41 [INFO] Preprocessing total time: 486.76s
2026-04-27 16:24:41 [INFO] === Mode: Train + Evaluate ===
2026-04-27 16:24:41 [INFO] === Run 1/5 | models.cnn.epochs=10 ===
2026-04-27 16:24:41 [INFO] Evaluate output tag: CNN_epochs_10
2026-04-27 16:24:41 [INFO] Enabled models: cnn
2026-04-27 16:24:41 [INFO] === Step 2: Training ===
2026-04-27 16:24:41 [INFO] Removed 162 rows with label=-1 from: /Volumes/JIAYI/ImageFocusDetection/data/samples_labels/sample6_labels/sample6.csv
2026-04-27 16:24:41 [INFO] Removed 2 rows with label=-1 from: /Volumes/JIAYI/ImageFocusDetection/data/samples_labels/sample69_labels/sample69.csv
2026-04-27 16:24:41 [INFO] Removed 1 rows with label=-1 from: /Volumes/JIAYI/ImageFocusDetection/data/samples_labels/sample144_labels/sample144.csv
2026-04-27 16:24:41 [INFO] Removed 28 rows with label=-1 from: /Volumes/JIAYI/ImageFocusDetection/data/samples_labels/sample14_labels/sample14.csv
2026-04-27 16:24:41 [INFO] Removed 99 rows with label=-1 from: /Volumes/JIAYI/ImageFocusDetection/data/samples_labels/sample65_labels/sample65.csv
2026-04-27 16:24:41 [INFO] Removed 11 rows with label=-1 from: /Volumes/JIAYI/ImageFocusDetection/data/samples_labels/sample148_labels/sample148.csv
2026-04-27 16:24:41 [INFO] Removed 30 rows with label=-1 from: /Volumes/JIAYI/ImageFocusDetection/data/samples_labels/sample282_labels/sample282.csv
2026-04-27 16:24:41 [INFO] Removed 68 rows with label=-1 from: /Volumes/JIAYI/ImageFocusDetection/data/samples_labels/sample30_labels/sample30.csv
2026-04-27 16:24:41 [INFO] Removed 6 rows with label=-1 from: /Volumes/JIAYI/ImageFocusDetection/data/samples_labels/sample111_labels/sample111.csv
2026-04-27 16:24:41 [INFO] Removed 74 rows with label=-1 from: /Volumes/JIAYI/ImageFocusDetection/data/samples_labels/sample172_labels/sample172.csv
2026-04-27 16:24:41 [INFO] Removed 1 rows with label=-1 from: /Volumes/JIAYI/ImageFocusDetection/data/samples_labels/sample22_labels/sample22.csv
2026-04-27 16:24:41 [INFO] Removed 26 rows with label=-1 from: /Volumes/JIAYI/ImageFocusDetection/data/samples_labels/sample212_labels/sample212.csv
2026-04-27 16:24:41 [INFO] Removed 2 rows with label=-1 from: /Volumes/JIAYI/ImageFocusDetection/data/samples_labels/sample300_labels/sample300.csv
2026-04-27 16:24:41 [INFO] Removed 2 rows with label=-1 from: /Volumes/JIAYI/ImageFocusDetection/data/samples_labels/sample263_labels/sample263.csv
2026-04-27 16:24:41 [INFO] Removed 63 rows with label=-1 from: /Volumes/JIAYI/ImageFocusDetection/data/samples_labels/sample236_labels/sample236.csv
2026-04-27 16:24:41 [INFO] Removed 167 rows with label=-1 from: /Volumes/JIAYI/ImageFocusDetection/data/samples_labels/sample193_labels/sample193.csv
2026-04-27 16:24:41 [INFO] Removed 124 rows with label=-1 from: /Volumes/JIAYI/ImageFocusDetection/data/samples_labels/sample224_labels/sample224.csv
2026-04-27 16:24:41 [INFO] Removed 1 rows with label=-1 from: /Volumes/JIAYI/ImageFocusDetection/data/samples_labels/sample347_labels/sample347.csv
2026-04-27 16:24:41 [INFO] Removed 6 rows with label=-1 from: /Volumes/JIAYI/ImageFocusDetection/data/samples_labels/sample202_labels/sample202.csv
2026-04-27 16:24:41 [INFO] Removed 5 rows with label=-1 from: /Volumes/JIAYI/ImageFocusDetection/data/samples_labels/sample302_labels/sample302.csv
2026-04-27 16:24:41 [INFO] Removed 44 rows with label=-1 from: /Volumes/JIAYI/ImageFocusDetection/data/samples_labels/sample273_labels/sample273.csv
2026-04-27 16:24:41 [INFO] Removed 6 rows with label=-1 from: /Volumes/JIAYI/ImageFocusDetection/data/samples_labels/sample310_labels/sample310.csv
2026-04-27 16:24:41 [INFO] Removed 182 rows with label=-1 from: /Volumes/JIAYI/ImageFocusDetection/data/samples_labels/sample210_labels/sample210.csv
2026-04-27 16:24:41 [INFO] Removed 22 rows with label=-1 from: /Volumes/JIAYI/ImageFocusDetection/data/samples_labels/sample345_labels/sample345.csv
2026-04-27 16:24:41 [INFO] Removed 25 rows with label=-1 from: /Volumes/JIAYI/ImageFocusDetection/data/samples_labels/sample238_labels/sample238.csv
2026-04-27 16:24:41 [INFO] Removed 31 rows with label=-1 from: /Volumes/JIAYI/ImageFocusDetection/data/samples_labels/sample191_labels/sample191.csv
2026-04-27 16:24:41 [INFO] Removed 9 rows with label=-1 from: /Volumes/JIAYI/ImageFocusDetection/data/samples_labels/sample226_labels/sample226.csv
2026-04-27 16:24:41 [INFO] Removed 11 rows with label=-1 from: /Volumes/JIAYI/ImageFocusDetection/data/samples_labels/sample257_labels/sample257.csv
2026-04-27 16:24:41 [INFO] Removed 226 rows with label=-1 from: /Volumes/JIAYI/ImageFocusDetection/data/samples_labels/sample249_labels/sample249.csv
2026-04-27 16:24:41 [INFO] Removed 47 rows with label=-1 from: /Volumes/JIAYI/ImageFocusDetection/data/samples_labels/sample183_labels/sample183.csv
2026-04-27 16:24:41 [INFO] Removed 66 rows with label=-1 from: /Volumes/JIAYI/ImageFocusDetection/data/samples_labels/sample79_labels/sample79.csv
2026-04-27 16:24:41 [INFO] Removed 1 rows with label=-1 from: /Volumes/JIAYI/ImageFocusDetection/data/samples_labels/sample8_labels/sample8.csv
2026-04-27 16:24:41 [INFO] Removed 64 rows with label=-1 from: /Volumes/JIAYI/ImageFocusDetection/data/samples_labels/sample129_labels/sample129.csv
2026-04-27 16:24:41 [INFO] Removed 100 rows with label=-1 from: /Volumes/JIAYI/ImageFocusDetection/data/samples_labels/sample280_labels/sample280.csv
2026-04-27 16:24:41 [INFO] Removed 8 rows with label=-1 from: /Volumes/JIAYI/ImageFocusDetection/data/samples_labels/sample158_labels/sample158.csv
2026-04-27 16:24:41 [INFO] Removed 3 rows with label=-1 from: /Volumes/JIAYI/ImageFocusDetection/data/samples_labels/sample20_labels/sample20.csv
2026-04-27 16:24:41 [INFO] Removed 101 rows with label=-1 from: /Volumes/JIAYI/ImageFocusDetection/data/samples_labels/sample162_labels/sample162.csv
2026-04-27 16:24:41 [INFO] Removed 118 rows with label=-1 from: /Volumes/JIAYI/ImageFocusDetection/data/samples_labels/sample32_labels/sample32.csv
2026-04-27 16:24:41 [INFO] Removed 15 rows with label=-1 from: /Volumes/JIAYI/ImageFocusDetection/data/samples_labels/sample253_labels/sample253.csv
2026-04-27 16:24:41 [INFO] Removed 425 rows with label=-1 from: /Volumes/JIAYI/ImageFocusDetection/data/samples_labels/sample230_labels/sample230.csv
2026-04-27 16:24:41 [INFO] Removed 193 rows with label=-1 from: /Volumes/JIAYI/ImageFocusDetection/data/samples_labels/sample241_labels/sample241.csv
2026-04-27 16:24:41 [INFO] Removed 95 rows with label=-1 from: /Volumes/JIAYI/ImageFocusDetection/data/samples_labels/sample222_labels/sample222.csv
2026-04-27 16:24:41 [INFO] Removed 27 rows with label=-1 from: /Volumes/JIAYI/ImageFocusDetection/data/samples_labels/sample277_labels/sample277.csv
2026-04-27 16:24:41 [INFO] Removed 1 rows with label=-1 from: /Volumes/JIAYI/ImageFocusDetection/data/samples_labels/sample314_labels/sample314.csv
2026-04-27 16:24:41 [INFO] Removed 148 rows with label=-1 from: /Volumes/JIAYI/ImageFocusDetection/data/samples_labels/sample269_labels/sample269.csv
2026-04-27 16:24:41 [INFO] Removed 180 rows with label=-1 from: /Volumes/JIAYI/ImageFocusDetection/data/samples_labels/sample218_labels/sample218.csv
2026-04-27 16:24:41 [INFO] Removed 23 rows with label=-1 from: /Volumes/JIAYI/ImageFocusDetection/data/samples_labels/sample318_labels/sample318.csv
2026-04-27 16:24:41 [INFO] Removed 1 rows with label=-1 from: /Volumes/JIAYI/ImageFocusDetection/data/samples_labels/sample265_labels/sample265.csv
2026-04-27 16:24:41 [INFO] Removed 1 rows with label=-1 from: /Volumes/JIAYI/ImageFocusDetection/data/samples_labels/sample166_labels/sample166.csv
2026-04-27 16:24:41 [INFO] Removed 14 rows with label=-1 from: /Volumes/JIAYI/ImageFocusDetection/data/samples_labels/sample105_labels/sample105.csv
2026-04-27 16:24:41 [INFO] Removed 17 rows with label=-1 from: /Volumes/JIAYI/ImageFocusDetection/data/samples_labels/sample28_labels/sample28.csv
2026-04-27 16:24:41 [INFO] Removed 42 rows with label=-1 from: /Volumes/JIAYI/ImageFocusDetection/data/samples_labels/sample178_labels/sample178.csv
2026-04-27 16:24:41 [INFO] Removed 47 rows with label=-1 from: /Volumes/JIAYI/ImageFocusDetection/data/samples_labels/sample55_labels/sample55.csv
2026-04-27 16:24:41 [INFO] Removed 5 rows with label=-1 from: /Volumes/JIAYI/ImageFocusDetection/data/samples_labels/sample109_labels/sample109.csv
2026-04-27 16:24:41 [INFO] Removed 144 rows with label=-1 from: /Volumes/JIAYI/ImageFocusDetection/data/samples_labels/sample59_labels/sample59.csv
2026-04-27 16:24:41 [INFO] Removed 292 rows with label=-1 from: /Volumes/JIAYI/ImageFocusDetection/data/samples_labels/sample288_labels/sample288.csv
2026-04-27 16:24:41 [INFO] Removed 4 rows with label=-1 from: /Volumes/JIAYI/ImageFocusDetection/data/samples_labels/sample296_labels/sample296.csv
2026-04-27 16:24:41 [INFO] Removed 65 rows with label=-1 from: /Volumes/JIAYI/ImageFocusDetection/data/samples_labels/sample71_labels/sample71.csv
2026-04-27 16:24:41 [INFO] Removed 1 rows with label=-1 from: /Volumes/JIAYI/ImageFocusDetection/data/samples_labels/sample150_labels/sample150.csv
2026-04-27 16:24:41 [INFO] Removed 20 rows with label=-1 from: /Volumes/JIAYI/ImageFocusDetection/data/samples_labels/sample284_labels/sample284.csv
2026-04-27 16:24:41 [INFO] Removed 145 rows with label=-1 from: /Volumes/JIAYI/ImageFocusDetection/data/samples_labels/sample63_labels/sample63.csv
2026-04-27 16:24:41 [INFO] Removed 13 rows with label=-1 from: /Volumes/JIAYI/ImageFocusDetection/data/samples_labels/sample176_labels/sample176.csv
2026-04-27 16:24:41 [INFO] Removed 1 rows with label=-1 from: /Volumes/JIAYI/ImageFocusDetection/data/samples_labels/sample107_labels/sample107.csv
2026-04-27 16:24:41 [INFO] Removed 9 rows with label=-1 from: /Volumes/JIAYI/ImageFocusDetection/data/samples_labels/sample34_labels/sample34.csv
2026-04-27 16:24:41 [INFO] Removed 133 rows with label=-1 from: /Volumes/JIAYI/ImageFocusDetection/data/samples_labels/sample164_labels/sample164.csv
2026-04-27 16:24:41 [INFO] Removed 8 rows with label=-1 from: /Volumes/JIAYI/ImageFocusDetection/data/samples_labels/sample286_labels/sample286.csv
2026-04-27 16:24:41 [INFO] Removed 5 rows with label=-1 from: /Volumes/JIAYI/ImageFocusDetection/data/samples_labels/sample61_labels/sample61.csv
2026-04-27 16:24:41 [INFO] Removed 18 rows with label=-1 from: /Volumes/JIAYI/ImageFocusDetection/data/samples_labels/sample152_labels/sample152.csv
2026-04-27 16:24:41 [INFO] Removed 75 rows with label=-1 from: /Volumes/JIAYI/ImageFocusDetection/data/samples_labels/sample294_labels/sample294.csv
2026-04-27 16:24:41 [INFO] Removed 3 rows with label=-1 from: /Volumes/JIAYI/ImageFocusDetection/data/samples_labels/sample73_labels/sample73.csv
2026-04-27 16:24:41 [INFO] Removed 37 rows with label=-1 from: /Volumes/JIAYI/ImageFocusDetection/data/samples_labels/sample2_labels/sample2.csv
2026-04-27 16:24:41 [INFO] Removed 8 rows with label=-1 from: /Volumes/JIAYI/ImageFocusDetection/data/samples_labels/sample140_labels/sample140.csv
2026-04-27 16:24:41 [INFO] Removed 85 rows with label=-1 from: /Volumes/JIAYI/ImageFocusDetection/data/samples_labels/sample197_labels/sample197.csv
2026-04-27 16:24:41 [INFO] Removed 219 rows with label=-1 from: /Volumes/JIAYI/ImageFocusDetection/data/samples_labels/sample320_labels/sample320.csv
2026-04-27 16:24:41 [INFO] Removed 4 rows with label=-1 from: /Volumes/JIAYI/ImageFocusDetection/data/samples_labels/sample220_labels/sample220.csv
2026-04-27 16:24:41 [INFO] Removed 24 rows with label=-1 from: /Volumes/JIAYI/ImageFocusDetection/data/samples_labels/sample189_labels/sample189.csv
2026-04-27 16:24:41 [INFO] Removed 27 rows with label=-1 from: /Volumes/JIAYI/ImageFocusDetection/data/samples_labels/sample343_labels/sample343.csv
2026-04-27 16:24:41 [INFO] Removed 50 rows with label=-1 from: /Volumes/JIAYI/ImageFocusDetection/data/samples_labels/sample243_labels/sample243.csv
2026-04-27 16:24:41 [INFO] Removed 37 rows with label=-1 from: /Volumes/JIAYI/ImageFocusDetection/data/samples_labels/sample232_labels/sample232.csv
2026-04-27 16:24:41 [INFO] Removed 6 rows with label=-1 from: /Volumes/JIAYI/ImageFocusDetection/data/samples_labels/sample332_labels/sample332.csv
2026-04-27 16:24:41 [INFO] Removed 19 rows with label=-1 from: /Volumes/JIAYI/ImageFocusDetection/data/samples_labels/sample185_labels/sample185.csv
2026-04-27 16:24:41 [INFO] Removed 59 rows with label=-1 from: /Volumes/JIAYI/ImageFocusDetection/data/samples_labels/sample204_labels/sample204.csv
2026-04-27 16:24:41 [INFO] Removed 7 rows with label=-1 from: /Volumes/JIAYI/ImageFocusDetection/data/samples_labels/sample304_labels/sample304.csv
2026-04-27 16:24:41 [INFO] Removed 5 rows with label=-1 from: /Volumes/JIAYI/ImageFocusDetection/data/samples_labels/sample80_labels/sample80.csv
2026-04-27 16:24:41 [INFO] Removed 2 rows with label=-1 from: /Volumes/JIAYI/ImageFocusDetection/data/samples_labels/sample308_labels/sample308.csv
2026-04-27 16:24:41 [INFO] Removed 6 rows with label=-1 from: /Volumes/JIAYI/ImageFocusDetection/data/samples_labels/sample208_labels/sample208.csv
2026-04-27 16:24:41 [INFO] Removed 186 rows with label=-1 from: /Volumes/JIAYI/ImageFocusDetection/data/samples_labels/sample275_labels/sample275.csv
2026-04-27 16:24:41 [INFO] Removed 2 rows with label=-1 from: /Volumes/JIAYI/ImageFocusDetection/data/samples_labels/sample329_labels/sample329.csv
2026-04-27 16:24:41 [INFO] Removed 2 rows with label=-1 from: /Volumes/JIAYI/ImageFocusDetection/data/samples_labels/sample229_labels/sample229.csv
2026-04-27 16:24:41 [INFO] Removed 15 rows with label=-1 from: /Volumes/JIAYI/ImageFocusDetection/data/samples_labels/sample254_labels/sample254.csv
2026-04-27 16:24:41 [INFO] Removed 18 rows with label=-1 from: /Volumes/JIAYI/ImageFocusDetection/data/samples_labels/sample237_labels/sample237.csv
2026-04-27 16:24:41 [INFO] Removed 3 rows with label=-1 from: /Volumes/JIAYI/ImageFocusDetection/data/samples_labels/sample192_labels/sample192.csv
2026-04-27 16:24:41 [INFO] Removed 247 rows with label=-1 from: /Volumes/JIAYI/ImageFocusDetection/data/samples_labels/sample325_labels/sample325.csv
2026-04-27 16:24:41 [INFO] Removed 24 rows with label=-1 from: /Volumes/JIAYI/ImageFocusDetection/data/samples_labels/sample258_labels/sample258.csv
2026-04-27 16:24:41 [INFO] Removed 30 rows with label=-1 from: /Volumes/JIAYI/ImageFocusDetection/data/samples_labels/sample270_labels/sample270.csv
2026-04-27 16:24:41 [INFO] Removed 12 rows with label=-1 from: /Volumes/JIAYI/ImageFocusDetection/data/samples_labels/sample213_labels/sample213.csv
2026-04-27 16:24:41 [INFO] Removed 266 rows with label=-1 from: /Volumes/JIAYI/ImageFocusDetection/data/samples_labels/sample313_labels/sample313.csv
2026-04-27 16:24:41 [INFO] Removed 7 rows with label=-1 from: /Volumes/JIAYI/ImageFocusDetection/data/samples_labels/sample89_labels/sample89.csv
2026-04-27 16:24:41 [INFO] Removed 7 rows with label=-1 from: /Volumes/JIAYI/ImageFocusDetection/data/samples_labels/sample85_labels/sample85.csv
2026-04-27 16:24:41 [INFO] Removed 2 rows with label=-1 from: /Volumes/JIAYI/ImageFocusDetection/data/samples_labels/sample262_labels/sample262.csv
2026-04-27 16:24:41 [INFO] Removed 6 rows with label=-1 from: /Volumes/JIAYI/ImageFocusDetection/data/samples_labels/sample161_labels/sample161.csv
2026-04-27 16:24:41 [INFO] Removed 18 rows with label=-1 from: /Volumes/JIAYI/ImageFocusDetection/data/samples_labels/sample102_labels/sample102.csv
2026-04-27 16:24:41 [INFO] Removed 114 rows with label=-1 from: /Volumes/JIAYI/ImageFocusDetection/data/samples_labels/sample173_labels/sample173.csv
2026-04-27 16:24:41 [INFO] Removed 88 rows with label=-1 from: /Volumes/JIAYI/ImageFocusDetection/data/samples_labels/sample110_labels/sample110.csv
2026-04-27 16:24:41 [INFO] Removed 12 rows with label=-1 from: /Volumes/JIAYI/ImageFocusDetection/data/samples_labels/sample15_labels/sample15.csv
2026-04-27 16:24:41 [INFO] Removed 3 rows with label=-1 from: /Volumes/JIAYI/ImageFocusDetection/data/samples_labels/sample68_labels/sample68.csv
2026-04-27 16:24:41 [INFO] Removed 4 rows with label=-1 from: /Volumes/JIAYI/ImageFocusDetection/data/samples_labels/sample291_labels/sample291.csv
2026-04-27 16:24:41 [INFO] Removed 1 rows with label=-1 from: /Volumes/JIAYI/ImageFocusDetection/data/samples_labels/sample7_labels/sample7.csv
2026-04-27 16:24:41 [INFO] Removed 37 rows with label=-1 from: /Volumes/JIAYI/ImageFocusDetection/data/samples_labels/sample283_labels/sample283.csv
2026-04-27 16:24:41 [INFO] Removed 31 rows with label=-1 from: /Volumes/JIAYI/ImageFocusDetection/data/samples_labels/sample21_labels/sample21.csv
2026-04-27 16:24:41 [INFO] Removed 3 rows with label=-1 from: /Volumes/JIAYI/ImageFocusDetection/data/samples_labels/sample100_labels/sample100.csv
2026-04-27 16:24:41 [INFO] Removed 36 rows with label=-1 from: /Volumes/JIAYI/ImageFocusDetection/data/samples_labels/sample50_labels/sample50.csv
2026-04-27 16:24:41 [INFO] Removed 8 rows with label=-1 from: /Volumes/JIAYI/ImageFocusDetection/data/samples_labels/sample163_labels/sample163.csv
2026-04-27 16:24:41 [INFO] Removed 8 rows with label=-1 from: /Volumes/JIAYI/ImageFocusDetection/data/samples_labels/sample281_labels/sample281.csv
2026-04-27 16:24:41 [INFO] Removed 97 rows with label=-1 from: /Volumes/JIAYI/ImageFocusDetection/data/samples_labels/sample66_labels/sample66.csv
2026-04-27 16:24:41 [INFO] Removed 527 rows with label=-1 from: /Volumes/JIAYI/ImageFocusDetection/data/samples_labels/sample128_labels/sample128.csv
2026-04-27 16:24:41 [INFO] Removed 140 rows with label=-1 from: /Volumes/JIAYI/ImageFocusDetection/data/samples_labels/sample155_labels/sample155.csv
2026-04-27 16:24:41 [INFO] Removed 1 rows with label=-1 from: /Volumes/JIAYI/ImageFocusDetection/data/samples_labels/sample9_labels/sample9.csv
2026-04-27 16:24:41 [INFO] Removed 2 rows with label=-1 from: /Volumes/JIAYI/ImageFocusDetection/data/samples_labels/sample293_labels/sample293.csv
2026-04-27 16:24:41 [INFO] Removed 91 rows with label=-1 from: /Volumes/JIAYI/ImageFocusDetection/data/samples_labels/sample74_labels/sample74.csv
2026-04-27 16:24:41 [INFO] Removed 12 rows with label=-1 from: /Volumes/JIAYI/ImageFocusDetection/data/samples_labels/sample159_labels/sample159.csv
2026-04-27 16:24:41 [INFO] Removed 5 rows with label=-1 from: /Volumes/JIAYI/ImageFocusDetection/data/samples_labels/sample227_labels/sample227.csv
2026-04-27 16:24:41 [INFO] Removed 1 rows with label=-1 from: /Volumes/JIAYI/ImageFocusDetection/data/samples_labels/sample239_labels/sample239.csv
2026-04-27 16:24:41 [INFO] Removed 2 rows with label=-1 from: /Volumes/JIAYI/ImageFocusDetection/data/samples_labels/sample339_labels/sample339.csv
2026-04-27 16:24:41 [INFO] Removed 1 rows with label=-1 from: /Volumes/JIAYI/ImageFocusDetection/data/samples_labels/sample244_labels/sample244.csv
2026-04-27 16:24:41 [INFO] Removed 233 rows with label=-1 from: /Volumes/JIAYI/ImageFocusDetection/data/samples_labels/sample344_labels/sample344.csv
2026-04-27 16:24:41 [INFO] Removed 5 rows with label=-1 from: /Volumes/JIAYI/ImageFocusDetection/data/samples_labels/sample335_labels/sample335.csv
2026-04-27 16:24:41 [INFO] Removed 85 rows with label=-1 from: /Volumes/JIAYI/ImageFocusDetection/data/samples_labels/sample348_labels/sample348.csv
2026-04-27 16:24:41 [INFO] Removed 15 rows with label=-1 from: /Volumes/JIAYI/ImageFocusDetection/data/samples_labels/sample87_labels/sample87.csv
2026-04-27 16:24:42 [INFO] Removed 15 rows with label=-1 from: /Volumes/JIAYI/ImageFocusDetection/data/samples_labels/sample95_labels/sample95.csv
2026-04-27 16:24:42 [INFO] Removed 46 rows with label=-1 from: /Volumes/JIAYI/ImageFocusDetection/data/samples_labels/sample272_labels/sample272.csv
2026-04-27 16:24:42 [INFO] Removed 366 rows with label=-1 from: /Volumes/JIAYI/ImageFocusDetection/data/samples_labels/sample1_labels/sample1.csv
2026-04-27 16:24:42 [INFO] Removed 33 rows with label=-1 from: /Volumes/JIAYI/ImageFocusDetection/data/samples_labels/sample297_labels/sample297.csv
2026-04-27 16:24:42 [INFO] Removed 7 rows with label=-1 from: /Volumes/JIAYI/ImageFocusDetection/data/samples_labels/sample143_labels/sample143.csv
2026-04-27 16:24:42 [INFO] Removed 6 rows with label=-1 from: /Volumes/JIAYI/ImageFocusDetection/data/samples_labels/sample289_labels/sample289.csv
2026-04-27 16:24:42 [INFO] Removed 56 rows with label=-1 from: /Volumes/JIAYI/ImageFocusDetection/data/samples_labels/sample13_labels/sample13.csv
2026-04-27 16:24:42 [INFO] Removed 12 rows with label=-1 from: /Volumes/JIAYI/ImageFocusDetection/data/samples_labels/sample132_labels/sample132.csv
2026-04-27 16:24:42 [INFO] Removed 160 rows with label=-1 from: /Volumes/JIAYI/ImageFocusDetection/data/samples_labels/sample285_labels/sample285.csv
2026-04-27 16:24:42 [INFO] Removed 36 rows with label=-1 from: /Volumes/JIAYI/ImageFocusDetection/data/samples_labels/sample104_labels/sample104.csv
2026-04-27 16:24:42 [INFO] Removed 19 rows with label=-1 from: /Volumes/JIAYI/ImageFocusDetection/data/samples_labels/sample29_labels/sample29.csv
2026-04-27 16:24:42 [INFO] Removed 3 rows with label=-1 from: /Volumes/JIAYI/ImageFocusDetection/data/samples_labels/sample37_labels/sample37.csv
2026-04-27 16:24:42 [INFO] Removed 1 rows with label=-1 from: /Volumes/JIAYI/ImageFocusDetection/data/samples_labels/sample116_labels/sample116.csv
2026-04-27 16:24:42 [INFO] Removed 92 rows with label=-1 from: /Volumes/JIAYI/ImageFocusDetection/data/samples_labels/sample175_labels/sample175.csv
2026-04-27 16:24:42 [INFO] Removed 13 rows with label=-1 from: /Volumes/JIAYI/ImageFocusDetection/data/samples_labels/sample108_labels/sample108.csv
2026-04-27 16:24:42 [INFO] Removed 54 rows with label=-1 from: /Volumes/JIAYI/ImageFocusDetection/data/samples_labels/sample268_labels/sample268.csv
2026-04-27 16:24:42 [INFO] Removed 14 rows with label=-1 from: /Volumes/JIAYI/ImageFocusDetection/data/samples_labels/sample215_labels/sample215.csv
2026-04-27 16:24:42 [INFO] Removed 1 rows with label=-1 from: /Volumes/JIAYI/ImageFocusDetection/data/samples_labels/sample315_labels/sample315.csv
2026-04-27 16:24:42 [INFO] Removed 46 rows with label=-1 from: /Volumes/JIAYI/ImageFocusDetection/data/samples_labels/sample276_labels/sample276.csv
2026-04-27 16:24:42 [INFO] Removed 7 rows with label=-1 from: /Volumes/JIAYI/ImageFocusDetection/data/samples_labels/sample307_labels/sample307.csv
2026-04-27 16:24:42 [INFO] Removed 4 rows with label=-1 from: /Volumes/JIAYI/ImageFocusDetection/data/samples_labels/sample264_labels/sample264.csv
2026-04-27 16:24:42 [INFO] Removed 183 rows with label=-1 from: /Volumes/JIAYI/ImageFocusDetection/data/samples_labels/sample319_labels/sample319.csv
2026-04-27 16:24:42 [INFO] Removed 186 rows with label=-1 from: /Volumes/JIAYI/ImageFocusDetection/data/samples_labels/sample219_labels/sample219.csv
2026-04-27 16:24:42 [INFO] Removed 391 rows with label=-1 from: /Volumes/JIAYI/ImageFocusDetection/data/samples_labels/sample231_labels/sample231.csv
2026-04-27 16:24:42 [INFO] Removed 366 rows with label=-1 from: /Volumes/JIAYI/ImageFocusDetection/data/samples_labels/sample252_labels/sample252.csv
2026-04-27 16:24:42 [INFO] Removed 312 rows with label=-1 from: /Volumes/JIAYI/ImageFocusDetection/data/samples_labels/sample198_labels/sample198.csv
2026-04-27 16:24:42 [INFO] Removed 82 rows with label=-1 from: /Volumes/JIAYI/ImageFocusDetection/data/samples_labels/sample223_labels/sample223.csv
2026-04-27 16:24:42 [INFO] Removed 93 rows with label=-1 from: /Volumes/JIAYI/ImageFocusDetection/data/samples_labels/sample194_labels/sample194.csv
2026-04-27 16:24:42 [INFO] Removed 39 rows with label=-1 from: /Volumes/JIAYI/ImageFocusDetection/data/samples_labels/sample323_labels/sample323.csv
2026-04-27 16:24:42 [INFO] Removed 30 rows with label=-1 from: /Volumes/JIAYI/ImageFocusDetection/data/samples_labels/sample240_labels/sample240.csv
2026-04-27 16:24:42 [INFO] Removed 2 rows with label=-1 from: /Volumes/JIAYI/ImageFocusDetection/data/samples_labels/sample340_labels/sample340.csv
2026-04-27 16:24:42 [INFO] Removed 7 rows with label=-1 from: /Volumes/JIAYI/ImageFocusDetection/data/samples_labels/sample81_labels/sample81.csv
2026-04-27 16:24:42 [INFO] Removed 33 rows with label=-1 from: /Volumes/JIAYI/ImageFocusDetection/data/samples_labels/sample278_labels/sample278.csv
2026-04-27 16:24:42 [INFO] Removed 8 rows with label=-1 from: /Volumes/JIAYI/ImageFocusDetection/data/samples_labels/sample305_labels/sample305.csv
2026-04-27 16:24:42 [INFO] Removed 4 rows with label=-1 from: /Volumes/JIAYI/ImageFocusDetection/data/samples_labels/sample274_labels/sample274.csv
2026-04-27 16:24:42 [INFO] Removed 27 rows with label=-1 from: /Volumes/JIAYI/ImageFocusDetection/data/samples_labels/sample209_labels/sample209.csv
2026-04-27 16:24:42 [INFO] Removed 5 rows with label=-1 from: /Volumes/JIAYI/ImageFocusDetection/data/samples_labels/sample309_labels/sample309.csv
2026-04-27 16:24:42 [INFO] Removed 212 rows with label=-1 from: /Volumes/JIAYI/ImageFocusDetection/data/samples_labels/sample217_labels/sample217.csv
2026-04-27 16:24:42 [INFO] Removed 54 rows with label=-1 from: /Volumes/JIAYI/ImageFocusDetection/data/samples_labels/sample242_labels/sample242.csv
2026-04-27 16:24:42 [INFO] Removed 153 rows with label=-1 from: /Volumes/JIAYI/ImageFocusDetection/data/samples_labels/sample342_labels/sample342.csv
2026-04-27 16:24:42 [INFO] Removed 16 rows with label=-1 from: /Volumes/JIAYI/ImageFocusDetection/data/samples_labels/sample188_labels/sample188.csv
2026-04-27 16:24:42 [INFO] Removed 136 rows with label=-1 from: /Volumes/JIAYI/ImageFocusDetection/data/samples_labels/sample221_labels/sample221.csv
2026-04-27 16:24:42 [INFO] Removed 27 rows with label=-1 from: /Volumes/JIAYI/ImageFocusDetection/data/samples_labels/sample196_labels/sample196.csv
2026-04-27 16:24:42 [INFO] Removed 20 rows with label=-1 from: /Volumes/JIAYI/ImageFocusDetection/data/samples_labels/sample350_labels/sample350.csv
2026-04-27 16:24:42 [INFO] Removed 5 rows with label=-1 from: /Volumes/JIAYI/ImageFocusDetection/data/samples_labels/sample333_labels/sample333.csv
2026-04-27 16:24:42 [INFO] Removed 143 rows with label=-1 from: /Volumes/JIAYI/ImageFocusDetection/data/samples_labels/sample233_labels/sample233.csv
2026-04-27 16:24:42 [INFO] Removed 7 rows with label=-1 from: /Volumes/JIAYI/ImageFocusDetection/data/samples_labels/sample299_labels/sample299.csv
2026-04-27 16:24:42 [INFO] Removed 7 rows with label=-1 from: /Volumes/JIAYI/ImageFocusDetection/data/samples_labels/sample287_labels/sample287.csv
2026-04-27 16:24:42 [INFO] Removed 154 rows with label=-1 from: /Volumes/JIAYI/ImageFocusDetection/data/samples_labels/sample72_labels/sample72.csv
2026-04-27 16:24:42 [INFO] Removed 3 rows with label=-1 from: /Volumes/JIAYI/ImageFocusDetection/data/samples_labels/sample3_labels/sample3.csv
2026-04-27 16:24:42 [INFO] Removed 12 rows with label=-1 from: /Volumes/JIAYI/ImageFocusDetection/data/samples_labels/sample295_labels/sample295.csv
2026-04-27 16:24:42 [INFO] Removed 2 rows with label=-1 from: /Volumes/JIAYI/ImageFocusDetection/data/samples_labels/sample177_labels/sample177.csv
2026-04-27 16:24:42 [INFO] Removed 56 rows with label=-1 from: /Volumes/JIAYI/ImageFocusDetection/data/samples_labels/sample169_labels/sample169.csv
2026-04-27 16:24:42 [INFO] Removed 170 rows with label=-1 from: /Volumes/JIAYI/ImageFocusDetection/data/samples_labels/sample114_labels/sample114.csv
2026-04-27 16:24:42 [INFO] Removed 9 rows with label=-1 from: /Volumes/JIAYI/ImageFocusDetection/data/samples_labels/sample165_labels/sample165.csv
2026-04-27 16:24:42 [INFO] Removed 16 rows with label=-1 from: /Volumes/JIAYI/ImageFocusDetection/data/samples_labels/sample118_labels/sample118.csv
2026-04-27 16:24:42 [INFO] Removed 9 rows with label=-1 from: /Volumes/JIAYI/ImageFocusDetection/data/samples_labels/sample35_labels/sample35.csv
2026-04-27 16:24:42 [INFO] Removed 13 rows with label=-1 from: /Volumes/JIAYI/ImageFocusDetection/data/samples_labels/sample106_labels/sample106.csv
2026-04-27 16:24:43 [INFO] Merged CSV saved: /Volumes/JIAYI/ImageFocusDetection/data/samples_labels/merged_samples_labels.csv
2026-04-27 16:24:53 [INFO] Deleted existing model folder: /Volumes/JIAYI/ImageFocusDetection/src/training/model_save
2026-04-27 16:24:53 [INFO] [CNN] Detected classes: [0, 1], num_classes=2
2026-04-27 16:24:53 [INFO] ==== Device & Training Configuration ====
2026-04-27 16:24:53 [INFO] MPS Device detected
2026-04-27 16:24:53 [INFO] Using device: mps, AMP enabled: False
2026-04-27 16:24:53 [INFO] Batch size: 128, num_workers: 5
2026-04-27 16:24:53 [INFO] ========================================
2026-04-27 16:24:53 [INFO] [LMDB] Building cache: /Volumes/JIAYI/ImageFocusDetection/data/samples_labels/patches_ps32.lmdb
2026-04-27 16:24:54 [INFO] [LMDB] Processed 10000/638153
2026-04-27 16:24:56 [INFO] [LMDB] Processed 20000/638153
2026-04-27 16:24:57 [INFO] [LMDB] Processed 30000/638153
2026-04-27 16:24:58 [INFO] [LMDB] Processed 40000/638153
2026-04-27 16:25:00 [INFO] [LMDB] Processed 50000/638153
2026-04-27 16:25:01 [INFO] [LMDB] Processed 60000/638153
2026-04-27 16:25:03 [INFO] [LMDB] Processed 70000/638153
2026-04-27 16:25:04 [INFO] [LMDB] Processed 80000/638153
2026-04-27 16:25:05 [INFO] [LMDB] Processed 90000/638153
2026-04-27 16:25:11 [INFO] [LMDB] Processed 100000/638153
2026-04-27 16:25:36 [INFO] [LMDB] Processed 110000/638153
2026-04-27 16:25:40 [INFO] [LMDB] Processed 120000/638153
2026-04-27 16:25:42 [INFO] [LMDB] Processed 130000/638153
2026-04-27 16:25:43 [INFO] [LMDB] Processed 140000/638153
2026-04-27 16:25:45 [INFO] [LMDB] Processed 150000/638153
2026-04-27 16:25:46 [INFO] [LMDB] Processed 160000/638153
2026-04-27 16:25:47 [INFO] [LMDB] Processed 170000/638153
2026-04-27 16:25:49 [INFO] [LMDB] Processed 180000/638153
2026-04-27 16:25:50 [INFO] [LMDB] Processed 190000/638153
2026-04-27 16:25:52 [INFO] [LMDB] Processed 200000/638153
2026-04-27 16:25:53 [INFO] [LMDB] Processed 210000/638153
2026-04-27 16:25:54 [INFO] [LMDB] Processed 220000/638153
2026-04-27 16:25:56 [INFO] [LMDB] Processed 230000/638153
2026-04-27 16:25:57 [INFO] [LMDB] Processed 240000/638153
2026-04-27 16:25:58 [INFO] [LMDB] Processed 250000/638153
2026-04-27 16:26:00 [INFO] [LMDB] Processed 260000/638153
2026-04-27 16:26:01 [INFO] [LMDB] Processed 270000/638153
2026-04-27 16:26:02 [INFO] [LMDB] Processed 280000/638153
2026-04-27 16:26:04 [INFO] [LMDB] Processed 290000/638153
2026-04-27 16:26:05 [INFO] [LMDB] Processed 300000/638153
2026-04-27 16:26:06 [INFO] [LMDB] Processed 310000/638153
2026-04-27 16:26:08 [INFO] [LMDB] Processed 320000/638153
2026-04-27 16:26:09 [INFO] [LMDB] Processed 330000/638153
2026-04-27 16:26:11 [INFO] [LMDB] Processed 340000/638153
2026-04-27 16:26:12 [INFO] [LMDB] Processed 350000/638153
2026-04-27 16:26:13 [INFO] [LMDB] Processed 360000/638153
2026-04-27 16:26:15 [INFO] [LMDB] Processed 370000/638153
2026-04-27 16:26:16 [INFO] [LMDB] Processed 380000/638153
2026-04-27 16:26:17 [INFO] [LMDB] Processed 390000/638153
2026-04-27 16:26:19 [INFO] [LMDB] Processed 400000/638153
2026-04-27 16:26:20 [INFO] [LMDB] Processed 410000/638153
2026-04-27 16:26:21 [INFO] [LMDB] Processed 420000/638153
2026-04-27 16:26:23 [INFO] [LMDB] Processed 430000/638153
2026-04-27 16:26:24 [INFO] [LMDB] Processed 440000/638153
2026-04-27 16:26:25 [INFO] [LMDB] Processed 450000/638153
2026-04-27 16:26:27 [INFO] [LMDB] Processed 460000/638153
2026-04-27 16:26:28 [INFO] [LMDB] Processed 470000/638153
2026-04-27 16:26:29 [INFO] [LMDB] Processed 480000/638153
2026-04-27 16:26:31 [INFO] [LMDB] Processed 490000/638153
2026-04-27 16:26:32 [INFO] [LMDB] Processed 500000/638153
2026-04-27 16:26:34 [INFO] [LMDB] Processed 510000/638153
2026-04-27 16:26:35 [INFO] [LMDB] Processed 520000/638153
2026-04-27 16:26:36 [INFO] [LMDB] Processed 530000/638153
2026-04-27 16:26:38 [INFO] [LMDB] Processed 540000/638153
2026-04-27 16:26:39 [INFO] [LMDB] Processed 550000/638153
2026-04-27 16:26:40 [INFO] [LMDB] Processed 560000/638153
2026-04-27 16:26:42 [INFO] [LMDB] Processed 570000/638153
2026-04-27 16:26:43 [INFO] [LMDB] Processed 580000/638153
2026-04-27 16:26:44 [INFO] [LMDB] Processed 590000/638153
2026-04-27 16:26:46 [INFO] [LMDB] Processed 600000/638153
2026-04-27 16:26:47 [INFO] [LMDB] Processed 610000/638153
2026-04-27 16:26:48 [INFO] [LMDB] Processed 620000/638153
2026-04-27 16:26:50 [INFO] [LMDB] Processed 630000/638153
2026-04-27 16:26:51 [INFO] [LMDB] Build done in 118.05s
2026-04-27 16:26:51 [INFO] [CNN] Using LMDB dataset: /Volumes/JIAYI/ImageFocusDetection/data/samples_labels/patches_ps32.lmdb
2026-04-27 16:26:51 [INFO] [CNN] Weighted sampler disabled.
2026-04-27 16:26:51 [INFO] [CNN] Class counts: [578212, 59941]
2026-04-27 16:26:51 [INFO] [CNN] Class weights: [0.551800012588501, 5.323200225830078]
2026-04-27 16:26:52 [INFO] [CNN] Start training ...
2026-04-27 16:27:17 [INFO] Epoch 1/10, Loss: 553.4204
2026-04-27 16:27:41 [INFO] Epoch 2/10, Loss: 331.0824
2026-04-27 16:28:04 [INFO] Epoch 3/10, Loss: 280.5711
2026-04-27 16:28:27 [INFO] Epoch 4/10, Loss: 249.7161
2026-04-27 16:28:51 [INFO] Epoch 5/10, Loss: 242.7907
2026-04-27 16:29:14 [INFO] Epoch 6/10, Loss: 229.7404
2026-04-27 16:29:38 [INFO] Epoch 7/10, Loss: 219.7448
2026-04-27 16:30:01 [INFO] Epoch 8/10, Loss: 207.7128
2026-04-27 16:30:24 [INFO] Epoch 9/10, Loss: 203.9472
2026-04-27 16:30:47 [INFO] Epoch 10/10, Loss: 197.3924
2026-04-27 16:30:47 [INFO] [CNN] Training time: 235.81 seconds
2026-04-27 16:30:47 [INFO] Selected models saved to: /Volumes/JIAYI/ImageFocusDetection/src/training/model_save
2026-04-27 16:30:47 [INFO] Model artifacts directory: /Volumes/JIAYI/ImageFocusDetection/src/training/model_save
2026-04-27 16:30:47 [INFO] Artifact: cnn_model.pth | modified_at=2026-04-27 16:30:47
2026-04-27 16:30:47 [INFO] === Step 3: Evaluate ===
2026-04-27 16:30:47 [INFO] Removed 80 rows with label=-1 from: /Volumes/JIAYI/ImageFocusDetection/data/valid_samples_labels/valid_sample50_labels/valid_sample50.csv
2026-04-27 16:30:47 [INFO] Removed 12 rows with label=-1 from: /Volumes/JIAYI/ImageFocusDetection/data/valid_samples_labels/valid_sample21_labels/valid_sample21.csv
2026-04-27 16:30:47 [INFO] Removed 2 rows with label=-1 from: /Volumes/JIAYI/ImageFocusDetection/data/valid_samples_labels/valid_sample74_labels/valid_sample74.csv
2026-04-27 16:31:12 [INFO] Removed 6 rows with label=-1 from: /Volumes/JIAYI/ImageFocusDetection/data/valid_samples_labels/valid_sample23_labels/valid_sample23.csv
2026-04-27 16:31:12 [INFO] Removed 27 rows with label=-1 from: /Volumes/JIAYI/ImageFocusDetection/data/valid_samples_labels/valid_sample40_labels/valid_sample40.csv
2026-04-27 16:31:12 [INFO] Removed 103 rows with label=-1 from: /Volumes/JIAYI/ImageFocusDetection/data/valid_samples_labels/valid_sample31_labels/valid_sample31.csv
2026-04-27 16:31:12 [INFO] Removed 11 rows with label=-1 from: /Volumes/JIAYI/ImageFocusDetection/data/valid_samples_labels/valid_sample52_labels/valid_sample52.csv
2026-04-27 16:31:12 [INFO] Removed 104 rows with label=-1 from: /Volumes/JIAYI/ImageFocusDetection/data/valid_samples_labels/valid_sample64_labels/valid_sample64.csv
2026-04-27 16:31:12 [INFO] Removed 1 rows with label=-1 from: /Volumes/JIAYI/ImageFocusDetection/data/valid_samples_labels/valid_sample68_labels/valid_sample68.csv
2026-04-27 16:31:12 [INFO] Removed 20 rows with label=-1 from: /Volumes/JIAYI/ImageFocusDetection/data/valid_samples_labels/valid_sample15_labels/valid_sample15.csv
2026-04-27 16:31:12 [INFO] Removed 51 rows with label=-1 from: /Volumes/JIAYI/ImageFocusDetection/data/valid_samples_labels/valid_sample11_labels/valid_sample11.csv
2026-04-27 16:31:12 [INFO] Removed 31 rows with label=-1 from: /Volumes/JIAYI/ImageFocusDetection/data/valid_samples_labels/valid_sample3_labels/valid_sample3.csv
2026-04-27 16:31:13 [INFO] Removed 36 rows with label=-1 from: /Volumes/JIAYI/ImageFocusDetection/data/valid_samples_labels/valid_sample56_labels/valid_sample56.csv
2026-04-27 16:31:13 [INFO] Removed 262 rows with label=-1 from: /Volumes/JIAYI/ImageFocusDetection/data/valid_samples_labels/valid_sample44_labels/valid_sample44.csv
2026-04-27 16:31:13 [INFO] Removed 2 rows with label=-1 from: /Volumes/JIAYI/ImageFocusDetection/data/valid_samples_labels/valid_sample62_labels/valid_sample62.csv
2026-04-27 16:31:13 [INFO] Removed 3 rows with label=-1 from: /Volumes/JIAYI/ImageFocusDetection/data/valid_samples_labels/valid_sample70_labels/valid_sample70.csv
2026-04-27 16:31:13 [INFO] Removed 5 rows with label=-1 from: /Volumes/JIAYI/ImageFocusDetection/data/valid_samples_labels/valid_sample1_labels/valid_sample1.csv
2026-04-27 16:31:13 [INFO] Removed 26 rows with label=-1 from: /Volumes/JIAYI/ImageFocusDetection/data/valid_samples_labels/valid_sample46_labels/valid_sample46.csv
2026-04-27 16:31:13 [INFO] Removed 1 rows with label=-1 from: /Volumes/JIAYI/ImageFocusDetection/data/valid_samples_labels/valid_sample25_labels/valid_sample25.csv
2026-04-27 16:31:13 [INFO] Removed 3 rows with label=-1 from: /Volumes/JIAYI/ImageFocusDetection/data/valid_samples_labels/valid_sample29_labels/valid_sample29.csv
2026-04-27 16:31:13 [INFO] Removed 1 rows with label=-1 from: /Volumes/JIAYI/ImageFocusDetection/data/valid_samples_labels/valid_sample54_labels/valid_sample54.csv
2026-04-27 16:31:13 [INFO] Removed 5 rows with label=-1 from: /Volumes/JIAYI/ImageFocusDetection/data/valid_samples_labels/valid_sample4_labels/valid_sample4.csv
2026-04-27 16:31:13 [INFO] Removed 10 rows with label=-1 from: /Volumes/JIAYI/ImageFocusDetection/data/valid_samples_labels/valid_sample43_labels/valid_sample43.csv
2026-04-27 16:31:13 [INFO] Removed 103 rows with label=-1 from: /Volumes/JIAYI/ImageFocusDetection/data/valid_samples_labels/valid_sample18_labels/valid_sample18.csv
2026-04-27 16:31:13 [INFO] Removed 11 rows with label=-1 from: /Volumes/JIAYI/ImageFocusDetection/data/valid_samples_labels/valid_sample65_labels/valid_sample65.csv
2026-04-27 16:31:13 [INFO] Removed 6 rows with label=-1 from: /Volumes/JIAYI/ImageFocusDetection/data/valid_samples_labels/valid_sample41_labels/valid_sample41.csv
2026-04-27 16:31:13 [INFO] Removed 2 rows with label=-1 from: /Volumes/JIAYI/ImageFocusDetection/data/valid_samples_labels/valid_sample49_labels/valid_sample49.csv
2026-04-27 16:31:13 [INFO] Removed 81 rows with label=-1 from: /Volumes/JIAYI/ImageFocusDetection/data/valid_samples_labels/valid_sample45_labels/valid_sample45.csv
2026-04-27 16:31:13 [INFO] Removed 1 rows with label=-1 from: /Volumes/JIAYI/ImageFocusDetection/data/valid_samples_labels/valid_sample2_labels/valid_sample2.csv
2026-04-27 16:31:13 [INFO] Removed 2 rows with label=-1 from: /Volumes/JIAYI/ImageFocusDetection/data/valid_samples_labels/valid_sample55_labels/valid_sample55.csv
2026-04-27 16:31:13 [INFO] Removed 2 rows with label=-1 from: /Volumes/JIAYI/ImageFocusDetection/data/valid_samples_labels/valid_sample28_labels/valid_sample28.csv
2026-04-27 16:31:13 [INFO] Removed 156 rows with label=-1 from: /Volumes/JIAYI/ImageFocusDetection/data/valid_samples_labels/valid_sample12_labels/valid_sample12.csv
2026-04-27 16:31:13 [INFO] Removed 34 rows with label=-1 from: /Volumes/JIAYI/ImageFocusDetection/data/valid_samples_labels/valid_sample71_labels/valid_sample71.csv
2026-04-27 16:31:13 [INFO] Merged CSV saved: /Volumes/JIAYI/ImageFocusDetection/data/valid_samples_labels/merged_valid_samples_labels.csv
2026-04-27 16:31:32 [INFO] [CNN] Using class1_threshold=0.5000 for binary prediction.
2026-04-27 16:31:45 [INFO] ========== CNN ==========
2026-04-27 16:31:45 [INFO] Accuracy: 0.9654
2026-04-27 16:31:45 [INFO] Classification Report:

2026-04-27 16:31:45 [INFO]                precision    recall  f1-score   support

2026-04-27 16:31:45 [INFO]            0       0.96      1.00      0.98    121405
2026-04-27 16:31:45 [INFO]            1       1.00      0.68      0.81     14665

2026-04-27 16:31:45 [INFO]     accuracy                           0.97    136070
2026-04-27 16:31:45 [INFO]    macro avg       0.98      0.84      0.89    136070
2026-04-27 16:31:45 [INFO] weighted avg       0.97      0.97      0.96    136070

2026-04-27 16:31:45 [INFO] Confusion Matrix:

2026-04-27 16:31:45 [INFO]  [[121370     35]
2026-04-27 16:31:45 [INFO]  [  4679   9986]]
2026-04-27 16:31:55 [INFO] [CNN] Evaluate overlays saved under: /Volumes/JIAYI/ImageFocusDetection/logs/_evaluate_cache
2026-04-27 16:31:55 [INFO] === Run 2/5 | models.cnn.epochs=20 ===
2026-04-27 16:31:55 [INFO] Evaluate output tag: CNN_epochs_20
2026-04-27 16:31:55 [INFO] Enabled models: cnn
2026-04-27 16:31:55 [INFO] === Step 2: Training ===
2026-04-27 16:31:55 [INFO] Deleted existing merged CSV: /Volumes/JIAYI/ImageFocusDetection/data/samples_labels/merged_samples_labels.csv
2026-04-27 16:31:55 [INFO] Removed 162 rows with label=-1 from: /Volumes/JIAYI/ImageFocusDetection/data/samples_labels/sample6_labels/sample6.csv
2026-04-27 16:31:55 [INFO] Removed 2 rows with label=-1 from: /Volumes/JIAYI/ImageFocusDetection/data/samples_labels/sample69_labels/sample69.csv
2026-04-27 16:31:55 [INFO] Removed 1 rows with label=-1 from: /Volumes/JIAYI/ImageFocusDetection/data/samples_labels/sample144_labels/sample144.csv
2026-04-27 16:31:55 [INFO] Removed 28 rows with label=-1 from: /Volumes/JIAYI/ImageFocusDetection/data/samples_labels/sample14_labels/sample14.csv
2026-04-27 16:31:55 [INFO] Removed 99 rows with label=-1 from: /Volumes/JIAYI/ImageFocusDetection/data/samples_labels/sample65_labels/sample65.csv
2026-04-27 16:31:55 [INFO] Removed 11 rows with label=-1 from: /Volumes/JIAYI/ImageFocusDetection/data/samples_labels/sample148_labels/sample148.csv
2026-04-27 16:31:55 [INFO] Removed 30 rows with label=-1 from: /Volumes/JIAYI/ImageFocusDetection/data/samples_labels/sample282_labels/sample282.csv
2026-04-27 16:31:55 [INFO] Removed 68 rows with label=-1 from: /Volumes/JIAYI/ImageFocusDetection/data/samples_labels/sample30_labels/sample30.csv
2026-04-27 16:31:55 [INFO] Removed 6 rows with label=-1 from: /Volumes/JIAYI/ImageFocusDetection/data/samples_labels/sample111_labels/sample111.csv
2026-04-27 16:31:55 [INFO] Removed 74 rows with label=-1 from: /Volumes/JIAYI/ImageFocusDetection/data/samples_labels/sample172_labels/sample172.csv
2026-04-27 16:31:55 [INFO] Removed 1 rows with label=-1 from: /Volumes/JIAYI/ImageFocusDetection/data/samples_labels/sample22_labels/sample22.csv
2026-04-27 16:31:55 [INFO] Removed 26 rows with label=-1 from: /Volumes/JIAYI/ImageFocusDetection/data/samples_labels/sample212_labels/sample212.csv
2026-04-27 16:31:55 [INFO] Removed 2 rows with label=-1 from: /Volumes/JIAYI/ImageFocusDetection/data/samples_labels/sample300_labels/sample300.csv
2026-04-27 16:31:55 [INFO] Removed 2 rows with label=-1 from: /Volumes/JIAYI/ImageFocusDetection/data/samples_labels/sample263_labels/sample263.csv
2026-04-27 16:31:55 [INFO] Removed 63 rows with label=-1 from: /Volumes/JIAYI/ImageFocusDetection/data/samples_labels/sample236_labels/sample236.csv
2026-04-27 16:31:55 [INFO] Removed 167 rows with label=-1 from: /Volumes/JIAYI/ImageFocusDetection/data/samples_labels/sample193_labels/sample193.csv
2026-04-27 16:31:55 [INFO] Removed 124 rows with label=-1 from: /Volumes/JIAYI/ImageFocusDetection/data/samples_labels/sample224_labels/sample224.csv
2026-04-27 16:31:55 [INFO] Removed 1 rows with label=-1 from: /Volumes/JIAYI/ImageFocusDetection/data/samples_labels/sample347_labels/sample347.csv
2026-04-27 16:31:55 [INFO] Removed 6 rows with label=-1 from: /Volumes/JIAYI/ImageFocusDetection/data/samples_labels/sample202_labels/sample202.csv
2026-04-27 16:31:55 [INFO] Removed 5 rows with label=-1 from: /Volumes/JIAYI/ImageFocusDetection/data/samples_labels/sample302_labels/sample302.csv
2026-04-27 16:31:55 [INFO] Removed 44 rows with label=-1 from: /Volumes/JIAYI/ImageFocusDetection/data/samples_labels/sample273_labels/sample273.csv
2026-04-27 16:31:55 [INFO] Removed 6 rows with label=-1 from: /Volumes/JIAYI/ImageFocusDetection/data/samples_labels/sample310_labels/sample310.csv
2026-04-27 16:31:55 [INFO] Removed 182 rows with label=-1 from: /Volumes/JIAYI/ImageFocusDetection/data/samples_labels/sample210_labels/sample210.csv
2026-04-27 16:31:55 [INFO] Removed 22 rows with label=-1 from: /Volumes/JIAYI/ImageFocusDetection/data/samples_labels/sample345_labels/sample345.csv
2026-04-27 16:31:55 [INFO] Removed 25 rows with label=-1 from: /Volumes/JIAYI/ImageFocusDetection/data/samples_labels/sample238_labels/sample238.csv
2026-04-27 16:31:55 [INFO] Removed 31 rows with label=-1 from: /Volumes/JIAYI/ImageFocusDetection/data/samples_labels/sample191_labels/sample191.csv
2026-04-27 16:31:55 [INFO] Removed 9 rows with label=-1 from: /Volumes/JIAYI/ImageFocusDetection/data/samples_labels/sample226_labels/sample226.csv
2026-04-27 16:31:55 [INFO] Removed 11 rows with label=-1 from: /Volumes/JIAYI/ImageFocusDetection/data/samples_labels/sample257_labels/sample257.csv
2026-04-27 16:31:55 [INFO] Removed 226 rows with label=-1 from: /Volumes/JIAYI/ImageFocusDetection/data/samples_labels/sample249_labels/sample249.csv
2026-04-27 16:31:55 [INFO] Removed 47 rows with label=-1 from: /Volumes/JIAYI/ImageFocusDetection/data/samples_labels/sample183_labels/sample183.csv
2026-04-27 16:31:55 [INFO] Removed 66 rows with label=-1 from: /Volumes/JIAYI/ImageFocusDetection/data/samples_labels/sample79_labels/sample79.csv
2026-04-27 16:31:55 [INFO] Removed 1 rows with label=-1 from: /Volumes/JIAYI/ImageFocusDetection/data/samples_labels/sample8_labels/sample8.csv
2026-04-27 16:31:55 [INFO] Removed 64 rows with label=-1 from: /Volumes/JIAYI/ImageFocusDetection/data/samples_labels/sample129_labels/sample129.csv
2026-04-27 16:31:55 [INFO] Removed 100 rows with label=-1 from: /Volumes/JIAYI/ImageFocusDetection/data/samples_labels/sample280_labels/sample280.csv
2026-04-27 16:31:55 [INFO] Removed 8 rows with label=-1 from: /Volumes/JIAYI/ImageFocusDetection/data/samples_labels/sample158_labels/sample158.csv
2026-04-27 16:31:55 [INFO] Removed 3 rows with label=-1 from: /Volumes/JIAYI/ImageFocusDetection/data/samples_labels/sample20_labels/sample20.csv
2026-04-27 16:31:55 [INFO] Removed 101 rows with label=-1 from: /Volumes/JIAYI/ImageFocusDetection/data/samples_labels/sample162_labels/sample162.csv
2026-04-27 16:31:55 [INFO] Removed 118 rows with label=-1 from: /Volumes/JIAYI/ImageFocusDetection/data/samples_labels/sample32_labels/sample32.csv
2026-04-27 16:31:55 [INFO] Removed 15 rows with label=-1 from: /Volumes/JIAYI/ImageFocusDetection/data/samples_labels/sample253_labels/sample253.csv
2026-04-27 16:31:55 [INFO] Removed 425 rows with label=-1 from: /Volumes/JIAYI/ImageFocusDetection/data/samples_labels/sample230_labels/sample230.csv
2026-04-27 16:31:55 [INFO] Removed 193 rows with label=-1 from: /Volumes/JIAYI/ImageFocusDetection/data/samples_labels/sample241_labels/sample241.csv
2026-04-27 16:31:55 [INFO] Removed 95 rows with label=-1 from: /Volumes/JIAYI/ImageFocusDetection/data/samples_labels/sample222_labels/sample222.csv
2026-04-27 16:31:55 [INFO] Removed 27 rows with label=-1 from: /Volumes/JIAYI/ImageFocusDetection/data/samples_labels/sample277_labels/sample277.csv
2026-04-27 16:31:55 [INFO] Removed 1 rows with label=-1 from: /Volumes/JIAYI/ImageFocusDetection/data/samples_labels/sample314_labels/sample314.csv
2026-04-27 16:31:55 [INFO] Removed 148 rows with label=-1 from: /Volumes/JIAYI/ImageFocusDetection/data/samples_labels/sample269_labels/sample269.csv
2026-04-27 16:31:55 [INFO] Removed 180 rows with label=-1 from: /Volumes/JIAYI/ImageFocusDetection/data/samples_labels/sample218_labels/sample218.csv
2026-04-27 16:31:55 [INFO] Removed 23 rows with label=-1 from: /Volumes/JIAYI/ImageFocusDetection/data/samples_labels/sample318_labels/sample318.csv
2026-04-27 16:31:55 [INFO] Removed 1 rows with label=-1 from: /Volumes/JIAYI/ImageFocusDetection/data/samples_labels/sample265_labels/sample265.csv
2026-04-27 16:31:55 [INFO] Removed 1 rows with label=-1 from: /Volumes/JIAYI/ImageFocusDetection/data/samples_labels/sample166_labels/sample166.csv
2026-04-27 16:31:55 [INFO] Removed 14 rows with label=-1 from: /Volumes/JIAYI/ImageFocusDetection/data/samples_labels/sample105_labels/sample105.csv
2026-04-27 16:31:55 [INFO] Removed 17 rows with label=-1 from: /Volumes/JIAYI/ImageFocusDetection/data/samples_labels/sample28_labels/sample28.csv
2026-04-27 16:31:55 [INFO] Removed 42 rows with label=-1 from: /Volumes/JIAYI/ImageFocusDetection/data/samples_labels/sample178_labels/sample178.csv
2026-04-27 16:31:55 [INFO] Removed 47 rows with label=-1 from: /Volumes/JIAYI/ImageFocusDetection/data/samples_labels/sample55_labels/sample55.csv
2026-04-27 16:31:55 [INFO] Removed 5 rows with label=-1 from: /Volumes/JIAYI/ImageFocusDetection/data/samples_labels/sample109_labels/sample109.csv
2026-04-27 16:31:55 [INFO] Removed 144 rows with label=-1 from: /Volumes/JIAYI/ImageFocusDetection/data/samples_labels/sample59_labels/sample59.csv
2026-04-27 16:31:55 [INFO] Removed 292 rows with label=-1 from: /Volumes/JIAYI/ImageFocusDetection/data/samples_labels/sample288_labels/sample288.csv
2026-04-27 16:31:55 [INFO] Removed 4 rows with label=-1 from: /Volumes/JIAYI/ImageFocusDetection/data/samples_labels/sample296_labels/sample296.csv
2026-04-27 16:31:55 [INFO] Removed 65 rows with label=-1 from: /Volumes/JIAYI/ImageFocusDetection/data/samples_labels/sample71_labels/sample71.csv
2026-04-27 16:31:55 [INFO] Removed 1 rows with label=-1 from: /Volumes/JIAYI/ImageFocusDetection/data/samples_labels/sample150_labels/sample150.csv
2026-04-27 16:31:55 [INFO] Removed 20 rows with label=-1 from: /Volumes/JIAYI/ImageFocusDetection/data/samples_labels/sample284_labels/sample284.csv
2026-04-27 16:31:55 [INFO] Removed 145 rows with label=-1 from: /Volumes/JIAYI/ImageFocusDetection/data/samples_labels/sample63_labels/sample63.csv
2026-04-27 16:31:55 [INFO] Removed 13 rows with label=-1 from: /Volumes/JIAYI/ImageFocusDetection/data/samples_labels/sample176_labels/sample176.csv
2026-04-27 16:31:55 [INFO] Removed 1 rows with label=-1 from: /Volumes/JIAYI/ImageFocusDetection/data/samples_labels/sample107_labels/sample107.csv
2026-04-27 16:31:55 [INFO] Removed 9 rows with label=-1 from: /Volumes/JIAYI/ImageFocusDetection/data/samples_labels/sample34_labels/sample34.csv
2026-04-27 16:31:55 [INFO] Removed 133 rows with label=-1 from: /Volumes/JIAYI/ImageFocusDetection/data/samples_labels/sample164_labels/sample164.csv
2026-04-27 16:31:55 [INFO] Removed 8 rows with label=-1 from: /Volumes/JIAYI/ImageFocusDetection/data/samples_labels/sample286_labels/sample286.csv
2026-04-27 16:31:55 [INFO] Removed 5 rows with label=-1 from: /Volumes/JIAYI/ImageFocusDetection/data/samples_labels/sample61_labels/sample61.csv
2026-04-27 16:31:55 [INFO] Removed 18 rows with label=-1 from: /Volumes/JIAYI/ImageFocusDetection/data/samples_labels/sample152_labels/sample152.csv
2026-04-27 16:31:55 [INFO] Removed 75 rows with label=-1 from: /Volumes/JIAYI/ImageFocusDetection/data/samples_labels/sample294_labels/sample294.csv
2026-04-27 16:31:55 [INFO] Removed 3 rows with label=-1 from: /Volumes/JIAYI/ImageFocusDetection/data/samples_labels/sample73_labels/sample73.csv
2026-04-27 16:31:55 [INFO] Removed 37 rows with label=-1 from: /Volumes/JIAYI/ImageFocusDetection/data/samples_labels/sample2_labels/sample2.csv
2026-04-27 16:31:55 [INFO] Removed 8 rows with label=-1 from: /Volumes/JIAYI/ImageFocusDetection/data/samples_labels/sample140_labels/sample140.csv
2026-04-27 16:31:55 [INFO] Removed 85 rows with label=-1 from: /Volumes/JIAYI/ImageFocusDetection/data/samples_labels/sample197_labels/sample197.csv
2026-04-27 16:31:55 [INFO] Removed 219 rows with label=-1 from: /Volumes/JIAYI/ImageFocusDetection/data/samples_labels/sample320_labels/sample320.csv
2026-04-27 16:31:55 [INFO] Removed 4 rows with label=-1 from: /Volumes/JIAYI/ImageFocusDetection/data/samples_labels/sample220_labels/sample220.csv
2026-04-27 16:31:55 [INFO] Removed 24 rows with label=-1 from: /Volumes/JIAYI/ImageFocusDetection/data/samples_labels/sample189_labels/sample189.csv
2026-04-27 16:31:55 [INFO] Removed 27 rows with label=-1 from: /Volumes/JIAYI/ImageFocusDetection/data/samples_labels/sample343_labels/sample343.csv
2026-04-27 16:31:55 [INFO] Removed 50 rows with label=-1 from: /Volumes/JIAYI/ImageFocusDetection/data/samples_labels/sample243_labels/sample243.csv
2026-04-27 16:31:55 [INFO] Removed 37 rows with label=-1 from: /Volumes/JIAYI/ImageFocusDetection/data/samples_labels/sample232_labels/sample232.csv
2026-04-27 16:31:55 [INFO] Removed 6 rows with label=-1 from: /Volumes/JIAYI/ImageFocusDetection/data/samples_labels/sample332_labels/sample332.csv
2026-04-27 16:31:55 [INFO] Removed 19 rows with label=-1 from: /Volumes/JIAYI/ImageFocusDetection/data/samples_labels/sample185_labels/sample185.csv
2026-04-27 16:31:55 [INFO] Removed 59 rows with label=-1 from: /Volumes/JIAYI/ImageFocusDetection/data/samples_labels/sample204_labels/sample204.csv
2026-04-27 16:31:55 [INFO] Removed 7 rows with label=-1 from: /Volumes/JIAYI/ImageFocusDetection/data/samples_labels/sample304_labels/sample304.csv
2026-04-27 16:31:55 [INFO] Removed 5 rows with label=-1 from: /Volumes/JIAYI/ImageFocusDetection/data/samples_labels/sample80_labels/sample80.csv
2026-04-27 16:31:56 [INFO] Removed 2 rows with label=-1 from: /Volumes/JIAYI/ImageFocusDetection/data/samples_labels/sample308_labels/sample308.csv
2026-04-27 16:31:56 [INFO] Removed 6 rows with label=-1 from: /Volumes/JIAYI/ImageFocusDetection/data/samples_labels/sample208_labels/sample208.csv
2026-04-27 16:31:56 [INFO] Removed 186 rows with label=-1 from: /Volumes/JIAYI/ImageFocusDetection/data/samples_labels/sample275_labels/sample275.csv
2026-04-27 16:31:56 [INFO] Removed 2 rows with label=-1 from: /Volumes/JIAYI/ImageFocusDetection/data/samples_labels/sample329_labels/sample329.csv
2026-04-27 16:31:56 [INFO] Removed 2 rows with label=-1 from: /Volumes/JIAYI/ImageFocusDetection/data/samples_labels/sample229_labels/sample229.csv
2026-04-27 16:31:56 [INFO] Removed 15 rows with label=-1 from: /Volumes/JIAYI/ImageFocusDetection/data/samples_labels/sample254_labels/sample254.csv
2026-04-27 16:31:56 [INFO] Removed 18 rows with label=-1 from: /Volumes/JIAYI/ImageFocusDetection/data/samples_labels/sample237_labels/sample237.csv
2026-04-27 16:31:56 [INFO] Removed 3 rows with label=-1 from: /Volumes/JIAYI/ImageFocusDetection/data/samples_labels/sample192_labels/sample192.csv
2026-04-27 16:31:56 [INFO] Removed 247 rows with label=-1 from: /Volumes/JIAYI/ImageFocusDetection/data/samples_labels/sample325_labels/sample325.csv
2026-04-27 16:31:56 [INFO] Removed 24 rows with label=-1 from: /Volumes/JIAYI/ImageFocusDetection/data/samples_labels/sample258_labels/sample258.csv
2026-04-27 16:31:56 [INFO] Removed 30 rows with label=-1 from: /Volumes/JIAYI/ImageFocusDetection/data/samples_labels/sample270_labels/sample270.csv
2026-04-27 16:31:56 [INFO] Removed 12 rows with label=-1 from: /Volumes/JIAYI/ImageFocusDetection/data/samples_labels/sample213_labels/sample213.csv
2026-04-27 16:31:56 [INFO] Removed 266 rows with label=-1 from: /Volumes/JIAYI/ImageFocusDetection/data/samples_labels/sample313_labels/sample313.csv
2026-04-27 16:31:56 [INFO] Removed 7 rows with label=-1 from: /Volumes/JIAYI/ImageFocusDetection/data/samples_labels/sample89_labels/sample89.csv
2026-04-27 16:31:56 [INFO] Removed 7 rows with label=-1 from: /Volumes/JIAYI/ImageFocusDetection/data/samples_labels/sample85_labels/sample85.csv
2026-04-27 16:31:56 [INFO] Removed 2 rows with label=-1 from: /Volumes/JIAYI/ImageFocusDetection/data/samples_labels/sample262_labels/sample262.csv
2026-04-27 16:31:56 [INFO] Removed 6 rows with label=-1 from: /Volumes/JIAYI/ImageFocusDetection/data/samples_labels/sample161_labels/sample161.csv
2026-04-27 16:31:56 [INFO] Removed 18 rows with label=-1 from: /Volumes/JIAYI/ImageFocusDetection/data/samples_labels/sample102_labels/sample102.csv
2026-04-27 16:31:56 [INFO] Removed 114 rows with label=-1 from: /Volumes/JIAYI/ImageFocusDetection/data/samples_labels/sample173_labels/sample173.csv
2026-04-27 16:31:56 [INFO] Removed 88 rows with label=-1 from: /Volumes/JIAYI/ImageFocusDetection/data/samples_labels/sample110_labels/sample110.csv
2026-04-27 16:31:56 [INFO] Removed 12 rows with label=-1 from: /Volumes/JIAYI/ImageFocusDetection/data/samples_labels/sample15_labels/sample15.csv
2026-04-27 16:31:56 [INFO] Removed 3 rows with label=-1 from: /Volumes/JIAYI/ImageFocusDetection/data/samples_labels/sample68_labels/sample68.csv
2026-04-27 16:31:56 [INFO] Removed 4 rows with label=-1 from: /Volumes/JIAYI/ImageFocusDetection/data/samples_labels/sample291_labels/sample291.csv
2026-04-27 16:31:56 [INFO] Removed 1 rows with label=-1 from: /Volumes/JIAYI/ImageFocusDetection/data/samples_labels/sample7_labels/sample7.csv
2026-04-27 16:31:56 [INFO] Removed 37 rows with label=-1 from: /Volumes/JIAYI/ImageFocusDetection/data/samples_labels/sample283_labels/sample283.csv
2026-04-27 16:31:56 [INFO] Removed 31 rows with label=-1 from: /Volumes/JIAYI/ImageFocusDetection/data/samples_labels/sample21_labels/sample21.csv
2026-04-27 16:31:56 [INFO] Removed 3 rows with label=-1 from: /Volumes/JIAYI/ImageFocusDetection/data/samples_labels/sample100_labels/sample100.csv
2026-04-27 16:31:56 [INFO] Removed 36 rows with label=-1 from: /Volumes/JIAYI/ImageFocusDetection/data/samples_labels/sample50_labels/sample50.csv
2026-04-27 16:31:56 [INFO] Removed 8 rows with label=-1 from: /Volumes/JIAYI/ImageFocusDetection/data/samples_labels/sample163_labels/sample163.csv
2026-04-27 16:31:56 [INFO] Removed 8 rows with label=-1 from: /Volumes/JIAYI/ImageFocusDetection/data/samples_labels/sample281_labels/sample281.csv
2026-04-27 16:31:56 [INFO] Removed 97 rows with label=-1 from: /Volumes/JIAYI/ImageFocusDetection/data/samples_labels/sample66_labels/sample66.csv
2026-04-27 16:31:56 [INFO] Removed 527 rows with label=-1 from: /Volumes/JIAYI/ImageFocusDetection/data/samples_labels/sample128_labels/sample128.csv
2026-04-27 16:31:56 [INFO] Removed 140 rows with label=-1 from: /Volumes/JIAYI/ImageFocusDetection/data/samples_labels/sample155_labels/sample155.csv
2026-04-27 16:31:56 [INFO] Removed 1 rows with label=-1 from: /Volumes/JIAYI/ImageFocusDetection/data/samples_labels/sample9_labels/sample9.csv
2026-04-27 16:31:56 [INFO] Removed 2 rows with label=-1 from: /Volumes/JIAYI/ImageFocusDetection/data/samples_labels/sample293_labels/sample293.csv
2026-04-27 16:31:56 [INFO] Removed 91 rows with label=-1 from: /Volumes/JIAYI/ImageFocusDetection/data/samples_labels/sample74_labels/sample74.csv
2026-04-27 16:31:56 [INFO] Removed 12 rows with label=-1 from: /Volumes/JIAYI/ImageFocusDetection/data/samples_labels/sample159_labels/sample159.csv
2026-04-27 16:31:56 [INFO] Removed 5 rows with label=-1 from: /Volumes/JIAYI/ImageFocusDetection/data/samples_labels/sample227_labels/sample227.csv
2026-04-27 16:31:56 [INFO] Removed 1 rows with label=-1 from: /Volumes/JIAYI/ImageFocusDetection/data/samples_labels/sample239_labels/sample239.csv
2026-04-27 16:31:56 [INFO] Removed 2 rows with label=-1 from: /Volumes/JIAYI/ImageFocusDetection/data/samples_labels/sample339_labels/sample339.csv
2026-04-27 16:31:56 [INFO] Removed 1 rows with label=-1 from: /Volumes/JIAYI/ImageFocusDetection/data/samples_labels/sample244_labels/sample244.csv
2026-04-27 16:31:56 [INFO] Removed 233 rows with label=-1 from: /Volumes/JIAYI/ImageFocusDetection/data/samples_labels/sample344_labels/sample344.csv
2026-04-27 16:31:56 [INFO] Removed 5 rows with label=-1 from: /Volumes/JIAYI/ImageFocusDetection/data/samples_labels/sample335_labels/sample335.csv
2026-04-27 16:31:56 [INFO] Removed 85 rows with label=-1 from: /Volumes/JIAYI/ImageFocusDetection/data/samples_labels/sample348_labels/sample348.csv
2026-04-27 16:31:56 [INFO] Removed 15 rows with label=-1 from: /Volumes/JIAYI/ImageFocusDetection/data/samples_labels/sample87_labels/sample87.csv
2026-04-27 16:31:56 [INFO] Removed 15 rows with label=-1 from: /Volumes/JIAYI/ImageFocusDetection/data/samples_labels/sample95_labels/sample95.csv
2026-04-27 16:31:56 [INFO] Removed 46 rows with label=-1 from: /Volumes/JIAYI/ImageFocusDetection/data/samples_labels/sample272_labels/sample272.csv
2026-04-27 16:31:56 [INFO] Removed 366 rows with label=-1 from: /Volumes/JIAYI/ImageFocusDetection/data/samples_labels/sample1_labels/sample1.csv
2026-04-27 16:31:56 [INFO] Removed 33 rows with label=-1 from: /Volumes/JIAYI/ImageFocusDetection/data/samples_labels/sample297_labels/sample297.csv
2026-04-27 16:31:56 [INFO] Removed 7 rows with label=-1 from: /Volumes/JIAYI/ImageFocusDetection/data/samples_labels/sample143_labels/sample143.csv
2026-04-27 16:31:56 [INFO] Removed 6 rows with label=-1 from: /Volumes/JIAYI/ImageFocusDetection/data/samples_labels/sample289_labels/sample289.csv
2026-04-27 16:31:56 [INFO] Removed 56 rows with label=-1 from: /Volumes/JIAYI/ImageFocusDetection/data/samples_labels/sample13_labels/sample13.csv
2026-04-27 16:31:56 [INFO] Removed 12 rows with label=-1 from: /Volumes/JIAYI/ImageFocusDetection/data/samples_labels/sample132_labels/sample132.csv
2026-04-27 16:31:56 [INFO] Removed 160 rows with label=-1 from: /Volumes/JIAYI/ImageFocusDetection/data/samples_labels/sample285_labels/sample285.csv
2026-04-27 16:31:56 [INFO] Removed 36 rows with label=-1 from: /Volumes/JIAYI/ImageFocusDetection/data/samples_labels/sample104_labels/sample104.csv
2026-04-27 16:31:56 [INFO] Removed 19 rows with label=-1 from: /Volumes/JIAYI/ImageFocusDetection/data/samples_labels/sample29_labels/sample29.csv
2026-04-27 16:31:56 [INFO] Removed 3 rows with label=-1 from: /Volumes/JIAYI/ImageFocusDetection/data/samples_labels/sample37_labels/sample37.csv
2026-04-27 16:31:56 [INFO] Removed 1 rows with label=-1 from: /Volumes/JIAYI/ImageFocusDetection/data/samples_labels/sample116_labels/sample116.csv
2026-04-27 16:31:56 [INFO] Removed 92 rows with label=-1 from: /Volumes/JIAYI/ImageFocusDetection/data/samples_labels/sample175_labels/sample175.csv
2026-04-27 16:31:56 [INFO] Removed 13 rows with label=-1 from: /Volumes/JIAYI/ImageFocusDetection/data/samples_labels/sample108_labels/sample108.csv
2026-04-27 16:31:56 [INFO] Removed 54 rows with label=-1 from: /Volumes/JIAYI/ImageFocusDetection/data/samples_labels/sample268_labels/sample268.csv
2026-04-27 16:31:56 [INFO] Removed 14 rows with label=-1 from: /Volumes/JIAYI/ImageFocusDetection/data/samples_labels/sample215_labels/sample215.csv
2026-04-27 16:31:56 [INFO] Removed 1 rows with label=-1 from: /Volumes/JIAYI/ImageFocusDetection/data/samples_labels/sample315_labels/sample315.csv
2026-04-27 16:31:56 [INFO] Removed 46 rows with label=-1 from: /Volumes/JIAYI/ImageFocusDetection/data/samples_labels/sample276_labels/sample276.csv
2026-04-27 16:31:56 [INFO] Removed 7 rows with label=-1 from: /Volumes/JIAYI/ImageFocusDetection/data/samples_labels/sample307_labels/sample307.csv
2026-04-27 16:31:56 [INFO] Removed 4 rows with label=-1 from: /Volumes/JIAYI/ImageFocusDetection/data/samples_labels/sample264_labels/sample264.csv
2026-04-27 16:31:56 [INFO] Removed 183 rows with label=-1 from: /Volumes/JIAYI/ImageFocusDetection/data/samples_labels/sample319_labels/sample319.csv
2026-04-27 16:31:56 [INFO] Removed 186 rows with label=-1 from: /Volumes/JIAYI/ImageFocusDetection/data/samples_labels/sample219_labels/sample219.csv
2026-04-27 16:31:56 [INFO] Removed 391 rows with label=-1 from: /Volumes/JIAYI/ImageFocusDetection/data/samples_labels/sample231_labels/sample231.csv
2026-04-27 16:31:56 [INFO] Removed 366 rows with label=-1 from: /Volumes/JIAYI/ImageFocusDetection/data/samples_labels/sample252_labels/sample252.csv
2026-04-27 16:31:56 [INFO] Removed 312 rows with label=-1 from: /Volumes/JIAYI/ImageFocusDetection/data/samples_labels/sample198_labels/sample198.csv
2026-04-27 16:31:56 [INFO] Removed 82 rows with label=-1 from: /Volumes/JIAYI/ImageFocusDetection/data/samples_labels/sample223_labels/sample223.csv
2026-04-27 16:31:56 [INFO] Removed 93 rows with label=-1 from: /Volumes/JIAYI/ImageFocusDetection/data/samples_labels/sample194_labels/sample194.csv
2026-04-27 16:31:56 [INFO] Removed 39 rows with label=-1 from: /Volumes/JIAYI/ImageFocusDetection/data/samples_labels/sample323_labels/sample323.csv
2026-04-27 16:31:56 [INFO] Removed 30 rows with label=-1 from: /Volumes/JIAYI/ImageFocusDetection/data/samples_labels/sample240_labels/sample240.csv
2026-04-27 16:31:56 [INFO] Removed 2 rows with label=-1 from: /Volumes/JIAYI/ImageFocusDetection/data/samples_labels/sample340_labels/sample340.csv
2026-04-27 16:31:56 [INFO] Removed 7 rows with label=-1 from: /Volumes/JIAYI/ImageFocusDetection/data/samples_labels/sample81_labels/sample81.csv
2026-04-27 16:31:56 [INFO] Removed 33 rows with label=-1 from: /Volumes/JIAYI/ImageFocusDetection/data/samples_labels/sample278_labels/sample278.csv
2026-04-27 16:31:56 [INFO] Removed 8 rows with label=-1 from: /Volumes/JIAYI/ImageFocusDetection/data/samples_labels/sample305_labels/sample305.csv
2026-04-27 16:31:56 [INFO] Removed 4 rows with label=-1 from: /Volumes/JIAYI/ImageFocusDetection/data/samples_labels/sample274_labels/sample274.csv
2026-04-27 16:31:56 [INFO] Removed 27 rows with label=-1 from: /Volumes/JIAYI/ImageFocusDetection/data/samples_labels/sample209_labels/sample209.csv
2026-04-27 16:31:56 [INFO] Removed 5 rows with label=-1 from: /Volumes/JIAYI/ImageFocusDetection/data/samples_labels/sample309_labels/sample309.csv
2026-04-27 16:31:56 [INFO] Removed 212 rows with label=-1 from: /Volumes/JIAYI/ImageFocusDetection/data/samples_labels/sample217_labels/sample217.csv
2026-04-27 16:31:56 [INFO] Removed 54 rows with label=-1 from: /Volumes/JIAYI/ImageFocusDetection/data/samples_labels/sample242_labels/sample242.csv
2026-04-27 16:31:56 [INFO] Removed 153 rows with label=-1 from: /Volumes/JIAYI/ImageFocusDetection/data/samples_labels/sample342_labels/sample342.csv
2026-04-27 16:31:56 [INFO] Removed 16 rows with label=-1 from: /Volumes/JIAYI/ImageFocusDetection/data/samples_labels/sample188_labels/sample188.csv
2026-04-27 16:31:56 [INFO] Removed 136 rows with label=-1 from: /Volumes/JIAYI/ImageFocusDetection/data/samples_labels/sample221_labels/sample221.csv
2026-04-27 16:31:56 [INFO] Removed 27 rows with label=-1 from: /Volumes/JIAYI/ImageFocusDetection/data/samples_labels/sample196_labels/sample196.csv
2026-04-27 16:31:56 [INFO] Removed 20 rows with label=-1 from: /Volumes/JIAYI/ImageFocusDetection/data/samples_labels/sample350_labels/sample350.csv
2026-04-27 16:31:56 [INFO] Removed 5 rows with label=-1 from: /Volumes/JIAYI/ImageFocusDetection/data/samples_labels/sample333_labels/sample333.csv
2026-04-27 16:31:56 [INFO] Removed 143 rows with label=-1 from: /Volumes/JIAYI/ImageFocusDetection/data/samples_labels/sample233_labels/sample233.csv
2026-04-27 16:31:56 [INFO] Removed 7 rows with label=-1 from: /Volumes/JIAYI/ImageFocusDetection/data/samples_labels/sample299_labels/sample299.csv
2026-04-27 16:31:56 [INFO] Removed 7 rows with label=-1 from: /Volumes/JIAYI/ImageFocusDetection/data/samples_labels/sample287_labels/sample287.csv
2026-04-27 16:31:56 [INFO] Removed 154 rows with label=-1 from: /Volumes/JIAYI/ImageFocusDetection/data/samples_labels/sample72_labels/sample72.csv
2026-04-27 16:31:56 [INFO] Removed 3 rows with label=-1 from: /Volumes/JIAYI/ImageFocusDetection/data/samples_labels/sample3_labels/sample3.csv
2026-04-27 16:31:56 [INFO] Removed 12 rows with label=-1 from: /Volumes/JIAYI/ImageFocusDetection/data/samples_labels/sample295_labels/sample295.csv
2026-04-27 16:31:56 [INFO] Removed 2 rows with label=-1 from: /Volumes/JIAYI/ImageFocusDetection/data/samples_labels/sample177_labels/sample177.csv
2026-04-27 16:31:56 [INFO] Removed 56 rows with label=-1 from: /Volumes/JIAYI/ImageFocusDetection/data/samples_labels/sample169_labels/sample169.csv
2026-04-27 16:31:56 [INFO] Removed 170 rows with label=-1 from: /Volumes/JIAYI/ImageFocusDetection/data/samples_labels/sample114_labels/sample114.csv
2026-04-27 16:31:56 [INFO] Removed 9 rows with label=-1 from: /Volumes/JIAYI/ImageFocusDetection/data/samples_labels/sample165_labels/sample165.csv
2026-04-27 16:31:56 [INFO] Removed 16 rows with label=-1 from: /Volumes/JIAYI/ImageFocusDetection/data/samples_labels/sample118_labels/sample118.csv
2026-04-27 16:31:56 [INFO] Removed 9 rows with label=-1 from: /Volumes/JIAYI/ImageFocusDetection/data/samples_labels/sample35_labels/sample35.csv
2026-04-27 16:31:56 [INFO] Removed 13 rows with label=-1 from: /Volumes/JIAYI/ImageFocusDetection/data/samples_labels/sample106_labels/sample106.csv
2026-04-27 16:31:57 [INFO] Merged CSV saved: /Volumes/JIAYI/ImageFocusDetection/data/samples_labels/merged_samples_labels.csv
2026-04-27 16:32:07 [INFO] Deleted existing model folder: /Volumes/JIAYI/ImageFocusDetection/src/training/model_save
2026-04-27 16:32:07 [INFO] [CNN] Detected classes: [0, 1], num_classes=2
2026-04-27 16:32:07 [INFO] ==== Device & Training Configuration ====
2026-04-27 16:32:07 [INFO] MPS Device detected
2026-04-27 16:32:07 [INFO] Using device: mps, AMP enabled: False
2026-04-27 16:32:07 [INFO] Batch size: 128, num_workers: 5
2026-04-27 16:32:07 [INFO] ========================================
2026-04-27 16:32:07 [INFO] [LMDB] Removed existing cache: /Volumes/JIAYI/ImageFocusDetection/data/samples_labels/patches_ps32.lmdb
2026-04-27 16:32:07 [INFO] [LMDB] Removed existing lock: /Volumes/JIAYI/ImageFocusDetection/data/samples_labels/patches_ps32.lmdb-lock
2026-04-27 16:32:07 [INFO] [LMDB] Building cache: /Volumes/JIAYI/ImageFocusDetection/data/samples_labels/patches_ps32.lmdb
2026-04-27 16:32:08 [INFO] [LMDB] Processed 10000/638153
2026-04-27 16:32:10 [INFO] [LMDB] Processed 20000/638153
2026-04-27 16:32:11 [INFO] [LMDB] Processed 30000/638153
2026-04-27 16:32:12 [INFO] [LMDB] Processed 40000/638153
2026-04-27 16:32:14 [INFO] [LMDB] Processed 50000/638153
2026-04-27 16:32:15 [INFO] [LMDB] Processed 60000/638153
2026-04-27 16:32:17 [INFO] [LMDB] Processed 70000/638153
2026-04-27 16:32:18 [INFO] [LMDB] Processed 80000/638153
2026-04-27 16:32:19 [INFO] [LMDB] Processed 90000/638153
2026-04-27 16:32:21 [INFO] [LMDB] Processed 100000/638153
2026-04-27 16:32:22 [INFO] [LMDB] Processed 110000/638153
2026-04-27 16:32:23 [INFO] [LMDB] Processed 120000/638153
2026-04-27 16:32:25 [INFO] [LMDB] Processed 130000/638153
2026-04-27 16:32:26 [INFO] [LMDB] Processed 140000/638153
2026-04-27 16:32:28 [INFO] [LMDB] Processed 150000/638153
2026-04-27 16:32:29 [INFO] [LMDB] Processed 160000/638153
2026-04-27 16:32:30 [INFO] [LMDB] Processed 170000/638153
2026-04-27 16:32:32 [INFO] [LMDB] Processed 180000/638153
2026-04-27 16:32:33 [INFO] [LMDB] Processed 190000/638153
2026-04-27 16:32:35 [INFO] [LMDB] Processed 200000/638153
2026-04-27 16:32:36 [INFO] [LMDB] Processed 210000/638153
2026-04-27 16:32:37 [INFO] [LMDB] Processed 220000/638153
2026-04-27 16:32:39 [INFO] [LMDB] Processed 230000/638153
2026-04-27 16:32:40 [INFO] [LMDB] Processed 240000/638153
2026-04-27 16:32:41 [INFO] [LMDB] Processed 250000/638153
2026-04-27 16:32:42 [INFO] [LMDB] Processed 260000/638153
2026-04-27 16:32:44 [INFO] [LMDB] Processed 270000/638153
2026-04-27 16:32:45 [INFO] [LMDB] Processed 280000/638153
2026-04-27 16:32:46 [INFO] [LMDB] Processed 290000/638153
2026-04-27 16:32:48 [INFO] [LMDB] Processed 300000/638153
2026-04-27 16:32:49 [INFO] [LMDB] Processed 310000/638153
2026-04-27 16:32:51 [INFO] [LMDB] Processed 320000/638153
2026-04-27 16:32:52 [INFO] [LMDB] Processed 330000/638153
2026-04-27 16:32:53 [INFO] [LMDB] Processed 340000/638153
2026-04-27 16:32:55 [INFO] [LMDB] Processed 350000/638153
2026-04-27 16:32:56 [INFO] [LMDB] Processed 360000/638153
2026-04-27 16:32:57 [INFO] [LMDB] Processed 370000/638153
2026-04-27 16:32:59 [INFO] [LMDB] Processed 380000/638153
2026-04-27 16:33:00 [INFO] [LMDB] Processed 390000/638153
2026-04-27 16:33:02 [INFO] [LMDB] Processed 400000/638153
2026-04-27 16:33:03 [INFO] [LMDB] Processed 410000/638153
2026-04-27 16:33:04 [INFO] [LMDB] Processed 420000/638153
2026-04-27 16:33:05 [INFO] [LMDB] Processed 430000/638153
2026-04-27 16:33:07 [INFO] [LMDB] Processed 440000/638153
2026-04-27 16:33:08 [INFO] [LMDB] Processed 450000/638153
2026-04-27 16:33:10 [INFO] [LMDB] Processed 460000/638153
2026-04-27 16:33:11 [INFO] [LMDB] Processed 470000/638153
2026-04-27 16:33:12 [INFO] [LMDB] Processed 480000/638153
2026-04-27 16:33:14 [INFO] [LMDB] Processed 490000/638153
2026-04-27 16:33:15 [INFO] [LMDB] Processed 500000/638153
2026-04-27 16:33:16 [INFO] [LMDB] Processed 510000/638153
2026-04-27 16:33:18 [INFO] [LMDB] Processed 520000/638153
2026-04-27 16:33:19 [INFO] [LMDB] Processed 530000/638153
2026-04-27 16:33:21 [INFO] [LMDB] Processed 540000/638153
2026-04-27 16:33:22 [INFO] [LMDB] Processed 550000/638153
2026-04-27 16:33:23 [INFO] [LMDB] Processed 560000/638153
2026-04-27 16:33:25 [INFO] [LMDB] Processed 570000/638153
2026-04-27 16:33:26 [INFO] [LMDB] Processed 580000/638153
2026-04-27 16:33:27 [INFO] [LMDB] Processed 590000/638153
2026-04-27 16:33:28 [INFO] [LMDB] Processed 600000/638153
2026-04-27 16:33:30 [INFO] [LMDB] Processed 610000/638153
2026-04-27 16:33:31 [INFO] [LMDB] Processed 620000/638153
2026-04-27 16:33:33 [INFO] [LMDB] Processed 630000/638153
2026-04-27 16:33:34 [INFO] [LMDB] Build done in 86.57s
2026-04-27 16:33:34 [INFO] [CNN] Using LMDB dataset: /Volumes/JIAYI/ImageFocusDetection/data/samples_labels/patches_ps32.lmdb
2026-04-27 16:33:34 [INFO] [CNN] Weighted sampler disabled.
2026-04-27 16:33:34 [INFO] [CNN] Class counts: [578212, 59941]
2026-04-27 16:33:34 [INFO] [CNN] Class weights: [0.551800012588501, 5.323200225830078]
2026-04-27 16:33:34 [INFO] [CNN] Start training ...
2026-04-27 16:34:00 [INFO] Epoch 1/20, Loss: 553.4204
2026-04-27 16:34:23 [INFO] Epoch 2/20, Loss: 331.0824
2026-04-27 16:34:46 [INFO] Epoch 3/20, Loss: 280.5711
2026-04-27 16:35:10 [INFO] Epoch 4/20, Loss: 249.7161
2026-04-27 16:35:33 [INFO] Epoch 5/20, Loss: 242.7907
2026-04-27 16:35:56 [INFO] Epoch 6/20, Loss: 229.7404
2026-04-27 16:36:20 [INFO] Epoch 7/20, Loss: 219.7448
2026-04-27 16:36:43 [INFO] Epoch 8/20, Loss: 207.7128
2026-04-27 16:37:06 [INFO] Epoch 9/20, Loss: 203.9472
2026-04-27 16:37:30 [INFO] Epoch 10/20, Loss: 197.3924
2026-04-27 16:37:53 [INFO] Epoch 11/20, Loss: 200.6698
2026-04-27 16:38:16 [INFO] Epoch 12/20, Loss: 194.3645
2026-04-27 16:38:39 [INFO] Epoch 13/20, Loss: 187.4326
2026-04-27 16:39:03 [INFO] Epoch 14/20, Loss: 183.5730
2026-04-27 16:39:26 [INFO] Epoch 15/20, Loss: 181.9798
2026-04-27 16:39:49 [INFO] Epoch 16/20, Loss: 179.3221
2026-04-27 16:40:13 [INFO] Epoch 17/20, Loss: 176.4662
2026-04-27 16:40:36 [INFO] Epoch 18/20, Loss: 176.3765
2026-04-27 16:40:59 [INFO] Epoch 19/20, Loss: 173.8947
2026-04-27 16:41:23 [INFO] Epoch 20/20, Loss: 174.0933
2026-04-27 16:41:23 [INFO] [CNN] Training time: 468.89 seconds
2026-04-27 16:41:23 [INFO] Selected models saved to: /Volumes/JIAYI/ImageFocusDetection/src/training/model_save
2026-04-27 16:41:23 [INFO] Model artifacts directory: /Volumes/JIAYI/ImageFocusDetection/src/training/model_save
2026-04-27 16:41:23 [INFO] Artifact: cnn_model.pth | modified_at=2026-04-27 16:41:23
2026-04-27 16:41:23 [INFO] === Step 3: Evaluate ===
2026-04-27 16:41:23 [INFO] Deleted existing merged CSV: /Volumes/JIAYI/ImageFocusDetection/data/valid_samples_labels/merged_valid_samples_labels.csv
2026-04-27 16:41:23 [INFO] Removed 80 rows with label=-1 from: /Volumes/JIAYI/ImageFocusDetection/data/valid_samples_labels/valid_sample50_labels/valid_sample50.csv
2026-04-27 16:41:23 [INFO] Removed 12 rows with label=-1 from: /Volumes/JIAYI/ImageFocusDetection/data/valid_samples_labels/valid_sample21_labels/valid_sample21.csv
2026-04-27 16:41:23 [INFO] Removed 2 rows with label=-1 from: /Volumes/JIAYI/ImageFocusDetection/data/valid_samples_labels/valid_sample74_labels/valid_sample74.csv
2026-04-27 16:41:48 [INFO] Removed 6 rows with label=-1 from: /Volumes/JIAYI/ImageFocusDetection/data/valid_samples_labels/valid_sample23_labels/valid_sample23.csv
2026-04-27 16:41:48 [INFO] Removed 27 rows with label=-1 from: /Volumes/JIAYI/ImageFocusDetection/data/valid_samples_labels/valid_sample40_labels/valid_sample40.csv
2026-04-27 16:41:48 [INFO] Removed 103 rows with label=-1 from: /Volumes/JIAYI/ImageFocusDetection/data/valid_samples_labels/valid_sample31_labels/valid_sample31.csv
2026-04-27 16:41:48 [INFO] Removed 11 rows with label=-1 from: /Volumes/JIAYI/ImageFocusDetection/data/valid_samples_labels/valid_sample52_labels/valid_sample52.csv
2026-04-27 16:41:48 [INFO] Removed 104 rows with label=-1 from: /Volumes/JIAYI/ImageFocusDetection/data/valid_samples_labels/valid_sample64_labels/valid_sample64.csv
2026-04-27 16:41:48 [INFO] Removed 1 rows with label=-1 from: /Volumes/JIAYI/ImageFocusDetection/data/valid_samples_labels/valid_sample68_labels/valid_sample68.csv
2026-04-27 16:41:48 [INFO] Removed 20 rows with label=-1 from: /Volumes/JIAYI/ImageFocusDetection/data/valid_samples_labels/valid_sample15_labels/valid_sample15.csv
2026-04-27 16:41:48 [INFO] Removed 51 rows with label=-1 from: /Volumes/JIAYI/ImageFocusDetection/data/valid_samples_labels/valid_sample11_labels/valid_sample11.csv
2026-04-27 16:41:48 [INFO] Removed 31 rows with label=-1 from: /Volumes/JIAYI/ImageFocusDetection/data/valid_samples_labels/valid_sample3_labels/valid_sample3.csv
2026-04-27 16:41:48 [INFO] Removed 36 rows with label=-1 from: /Volumes/JIAYI/ImageFocusDetection/data/valid_samples_labels/valid_sample56_labels/valid_sample56.csv
2026-04-27 16:41:48 [INFO] Removed 262 rows with label=-1 from: /Volumes/JIAYI/ImageFocusDetection/data/valid_samples_labels/valid_sample44_labels/valid_sample44.csv
2026-04-27 16:41:48 [INFO] Removed 2 rows with label=-1 from: /Volumes/JIAYI/ImageFocusDetection/data/valid_samples_labels/valid_sample62_labels/valid_sample62.csv
2026-04-27 16:41:48 [INFO] Removed 3 rows with label=-1 from: /Volumes/JIAYI/ImageFocusDetection/data/valid_samples_labels/valid_sample70_labels/valid_sample70.csv
2026-04-27 16:41:48 [INFO] Removed 5 rows with label=-1 from: /Volumes/JIAYI/ImageFocusDetection/data/valid_samples_labels/valid_sample1_labels/valid_sample1.csv
2026-04-27 16:41:48 [INFO] Removed 26 rows with label=-1 from: /Volumes/JIAYI/ImageFocusDetection/data/valid_samples_labels/valid_sample46_labels/valid_sample46.csv
2026-04-27 16:41:48 [INFO] Removed 1 rows with label=-1 from: /Volumes/JIAYI/ImageFocusDetection/data/valid_samples_labels/valid_sample25_labels/valid_sample25.csv
2026-04-27 16:41:48 [INFO] Removed 3 rows with label=-1 from: /Volumes/JIAYI/ImageFocusDetection/data/valid_samples_labels/valid_sample29_labels/valid_sample29.csv
2026-04-27 16:41:48 [INFO] Removed 1 rows with label=-1 from: /Volumes/JIAYI/ImageFocusDetection/data/valid_samples_labels/valid_sample54_labels/valid_sample54.csv
2026-04-27 16:41:48 [INFO] Removed 5 rows with label=-1 from: /Volumes/JIAYI/ImageFocusDetection/data/valid_samples_labels/valid_sample4_labels/valid_sample4.csv
2026-04-27 16:41:48 [INFO] Removed 10 rows with label=-1 from: /Volumes/JIAYI/ImageFocusDetection/data/valid_samples_labels/valid_sample43_labels/valid_sample43.csv
2026-04-27 16:41:48 [INFO] Removed 103 rows with label=-1 from: /Volumes/JIAYI/ImageFocusDetection/data/valid_samples_labels/valid_sample18_labels/valid_sample18.csv
2026-04-27 16:41:48 [INFO] Removed 11 rows with label=-1 from: /Volumes/JIAYI/ImageFocusDetection/data/valid_samples_labels/valid_sample65_labels/valid_sample65.csv
2026-04-27 16:41:48 [INFO] Removed 6 rows with label=-1 from: /Volumes/JIAYI/ImageFocusDetection/data/valid_samples_labels/valid_sample41_labels/valid_sample41.csv
2026-04-27 16:41:48 [INFO] Removed 2 rows with label=-1 from: /Volumes/JIAYI/ImageFocusDetection/data/valid_samples_labels/valid_sample49_labels/valid_sample49.csv
2026-04-27 16:41:48 [INFO] Removed 81 rows with label=-1 from: /Volumes/JIAYI/ImageFocusDetection/data/valid_samples_labels/valid_sample45_labels/valid_sample45.csv
2026-04-27 16:41:48 [INFO] Removed 1 rows with label=-1 from: /Volumes/JIAYI/ImageFocusDetection/data/valid_samples_labels/valid_sample2_labels/valid_sample2.csv
2026-04-27 16:41:48 [INFO] Removed 2 rows with label=-1 from: /Volumes/JIAYI/ImageFocusDetection/data/valid_samples_labels/valid_sample55_labels/valid_sample55.csv
2026-04-27 16:41:48 [INFO] Removed 2 rows with label=-1 from: /Volumes/JIAYI/ImageFocusDetection/data/valid_samples_labels/valid_sample28_labels/valid_sample28.csv
2026-04-27 16:41:48 [INFO] Removed 156 rows with label=-1 from: /Volumes/JIAYI/ImageFocusDetection/data/valid_samples_labels/valid_sample12_labels/valid_sample12.csv
2026-04-27 16:41:48 [INFO] Removed 34 rows with label=-1 from: /Volumes/JIAYI/ImageFocusDetection/data/valid_samples_labels/valid_sample71_labels/valid_sample71.csv
2026-04-27 16:41:48 [INFO] Merged CSV saved: /Volumes/JIAYI/ImageFocusDetection/data/valid_samples_labels/merged_valid_samples_labels.csv
2026-04-27 16:42:06 [INFO] [CNN] Using class1_threshold=0.5000 for binary prediction.
2026-04-27 16:42:30 [INFO] ========== CNN ==========
2026-04-27 16:42:30 [INFO] Accuracy: 0.9686
2026-04-27 16:42:30 [INFO] Classification Report:

2026-04-27 16:42:31 [INFO]                precision    recall  f1-score   support

2026-04-27 16:42:31 [INFO]            0       0.97      1.00      0.98    121405
2026-04-27 16:42:31 [INFO]            1       1.00      0.71      0.83     14665

2026-04-27 16:42:31 [INFO]     accuracy                           0.97    136070
2026-04-27 16:42:31 [INFO]    macro avg       0.98      0.86      0.91    136070
2026-04-27 16:42:31 [INFO] weighted avg       0.97      0.97      0.97    136070

2026-04-27 16:42:31 [INFO] Confusion Matrix:

2026-04-27 16:42:31 [INFO]  [[121363     42]
2026-04-27 16:42:31 [INFO]  [  4231  10434]]
2026-04-27 16:42:41 [INFO] [CNN] Evaluate overlays saved under: /Volumes/JIAYI/ImageFocusDetection/logs/_evaluate_cache
2026-04-27 16:42:41 [INFO] === Run 3/5 | models.cnn.epochs=30 ===
2026-04-27 16:42:41 [INFO] Evaluate output tag: CNN_epochs_30
2026-04-27 16:42:41 [INFO] Enabled models: cnn
2026-04-27 16:42:41 [INFO] === Step 2: Training ===
2026-04-27 16:42:41 [INFO] Deleted existing merged CSV: /Volumes/JIAYI/ImageFocusDetection/data/samples_labels/merged_samples_labels.csv
2026-04-27 16:42:41 [INFO] Removed 162 rows with label=-1 from: /Volumes/JIAYI/ImageFocusDetection/data/samples_labels/sample6_labels/sample6.csv
2026-04-27 16:42:41 [INFO] Removed 2 rows with label=-1 from: /Volumes/JIAYI/ImageFocusDetection/data/samples_labels/sample69_labels/sample69.csv
2026-04-27 16:42:41 [INFO] Removed 1 rows with label=-1 from: /Volumes/JIAYI/ImageFocusDetection/data/samples_labels/sample144_labels/sample144.csv
2026-04-27 16:42:41 [INFO] Removed 28 rows with label=-1 from: /Volumes/JIAYI/ImageFocusDetection/data/samples_labels/sample14_labels/sample14.csv
2026-04-27 16:42:41 [INFO] Removed 99 rows with label=-1 from: /Volumes/JIAYI/ImageFocusDetection/data/samples_labels/sample65_labels/sample65.csv
2026-04-27 16:42:41 [INFO] Removed 11 rows with label=-1 from: /Volumes/JIAYI/ImageFocusDetection/data/samples_labels/sample148_labels/sample148.csv
2026-04-27 16:42:41 [INFO] Removed 30 rows with label=-1 from: /Volumes/JIAYI/ImageFocusDetection/data/samples_labels/sample282_labels/sample282.csv
2026-04-27 16:42:41 [INFO] Removed 68 rows with label=-1 from: /Volumes/JIAYI/ImageFocusDetection/data/samples_labels/sample30_labels/sample30.csv
2026-04-27 16:42:41 [INFO] Removed 6 rows with label=-1 from: /Volumes/JIAYI/ImageFocusDetection/data/samples_labels/sample111_labels/sample111.csv
2026-04-27 16:42:41 [INFO] Removed 74 rows with label=-1 from: /Volumes/JIAYI/ImageFocusDetection/data/samples_labels/sample172_labels/sample172.csv
2026-04-27 16:42:41 [INFO] Removed 1 rows with label=-1 from: /Volumes/JIAYI/ImageFocusDetection/data/samples_labels/sample22_labels/sample22.csv
2026-04-27 16:42:41 [INFO] Removed 26 rows with label=-1 from: /Volumes/JIAYI/ImageFocusDetection/data/samples_labels/sample212_labels/sample212.csv
2026-04-27 16:42:41 [INFO] Removed 2 rows with label=-1 from: /Volumes/JIAYI/ImageFocusDetection/data/samples_labels/sample300_labels/sample300.csv
2026-04-27 16:42:41 [INFO] Removed 2 rows with label=-1 from: /Volumes/JIAYI/ImageFocusDetection/data/samples_labels/sample263_labels/sample263.csv
2026-04-27 16:42:41 [INFO] Removed 63 rows with label=-1 from: /Volumes/JIAYI/ImageFocusDetection/data/samples_labels/sample236_labels/sample236.csv
2026-04-27 16:42:42 [INFO] Removed 167 rows with label=-1 from: /Volumes/JIAYI/ImageFocusDetection/data/samples_labels/sample193_labels/sample193.csv
2026-04-27 16:42:42 [INFO] Removed 124 rows with label=-1 from: /Volumes/JIAYI/ImageFocusDetection/data/samples_labels/sample224_labels/sample224.csv
2026-04-27 16:42:42 [INFO] Removed 1 rows with label=-1 from: /Volumes/JIAYI/ImageFocusDetection/data/samples_labels/sample347_labels/sample347.csv
2026-04-27 16:42:42 [INFO] Removed 6 rows with label=-1 from: /Volumes/JIAYI/ImageFocusDetection/data/samples_labels/sample202_labels/sample202.csv
2026-04-27 16:42:42 [INFO] Removed 5 rows with label=-1 from: /Volumes/JIAYI/ImageFocusDetection/data/samples_labels/sample302_labels/sample302.csv
2026-04-27 16:42:42 [INFO] Removed 44 rows with label=-1 from: /Volumes/JIAYI/ImageFocusDetection/data/samples_labels/sample273_labels/sample273.csv
2026-04-27 16:42:42 [INFO] Removed 6 rows with label=-1 from: /Volumes/JIAYI/ImageFocusDetection/data/samples_labels/sample310_labels/sample310.csv
2026-04-27 16:42:42 [INFO] Removed 182 rows with label=-1 from: /Volumes/JIAYI/ImageFocusDetection/data/samples_labels/sample210_labels/sample210.csv
2026-04-27 16:42:42 [INFO] Removed 22 rows with label=-1 from: /Volumes/JIAYI/ImageFocusDetection/data/samples_labels/sample345_labels/sample345.csv
2026-04-27 16:42:42 [INFO] Removed 25 rows with label=-1 from: /Volumes/JIAYI/ImageFocusDetection/data/samples_labels/sample238_labels/sample238.csv
2026-04-27 16:42:42 [INFO] Removed 31 rows with label=-1 from: /Volumes/JIAYI/ImageFocusDetection/data/samples_labels/sample191_labels/sample191.csv
2026-04-27 16:42:42 [INFO] Removed 9 rows with label=-1 from: /Volumes/JIAYI/ImageFocusDetection/data/samples_labels/sample226_labels/sample226.csv
2026-04-27 16:42:42 [INFO] Removed 11 rows with label=-1 from: /Volumes/JIAYI/ImageFocusDetection/data/samples_labels/sample257_labels/sample257.csv
2026-04-27 16:42:42 [INFO] Removed 226 rows with label=-1 from: /Volumes/JIAYI/ImageFocusDetection/data/samples_labels/sample249_labels/sample249.csv
2026-04-27 16:42:42 [INFO] Removed 47 rows with label=-1 from: /Volumes/JIAYI/ImageFocusDetection/data/samples_labels/sample183_labels/sample183.csv
2026-04-27 16:42:42 [INFO] Removed 66 rows with label=-1 from: /Volumes/JIAYI/ImageFocusDetection/data/samples_labels/sample79_labels/sample79.csv
2026-04-27 16:42:42 [INFO] Removed 1 rows with label=-1 from: /Volumes/JIAYI/ImageFocusDetection/data/samples_labels/sample8_labels/sample8.csv
2026-04-27 16:42:42 [INFO] Removed 64 rows with label=-1 from: /Volumes/JIAYI/ImageFocusDetection/data/samples_labels/sample129_labels/sample129.csv
2026-04-27 16:42:42 [INFO] Removed 100 rows with label=-1 from: /Volumes/JIAYI/ImageFocusDetection/data/samples_labels/sample280_labels/sample280.csv
2026-04-27 16:42:42 [INFO] Removed 8 rows with label=-1 from: /Volumes/JIAYI/ImageFocusDetection/data/samples_labels/sample158_labels/sample158.csv
2026-04-27 16:42:42 [INFO] Removed 3 rows with label=-1 from: /Volumes/JIAYI/ImageFocusDetection/data/samples_labels/sample20_labels/sample20.csv
2026-04-27 16:42:42 [INFO] Removed 101 rows with label=-1 from: /Volumes/JIAYI/ImageFocusDetection/data/samples_labels/sample162_labels/sample162.csv
2026-04-27 16:42:42 [INFO] Removed 118 rows with label=-1 from: /Volumes/JIAYI/ImageFocusDetection/data/samples_labels/sample32_labels/sample32.csv
2026-04-27 16:42:42 [INFO] Removed 15 rows with label=-1 from: /Volumes/JIAYI/ImageFocusDetection/data/samples_labels/sample253_labels/sample253.csv
2026-04-27 16:42:42 [INFO] Removed 425 rows with label=-1 from: /Volumes/JIAYI/ImageFocusDetection/data/samples_labels/sample230_labels/sample230.csv
2026-04-27 16:42:42 [INFO] Removed 193 rows with label=-1 from: /Volumes/JIAYI/ImageFocusDetection/data/samples_labels/sample241_labels/sample241.csv
2026-04-27 16:42:42 [INFO] Removed 95 rows with label=-1 from: /Volumes/JIAYI/ImageFocusDetection/data/samples_labels/sample222_labels/sample222.csv
2026-04-27 16:42:42 [INFO] Removed 27 rows with label=-1 from: /Volumes/JIAYI/ImageFocusDetection/data/samples_labels/sample277_labels/sample277.csv
2026-04-27 16:42:42 [INFO] Removed 1 rows with label=-1 from: /Volumes/JIAYI/ImageFocusDetection/data/samples_labels/sample314_labels/sample314.csv
2026-04-27 16:42:42 [INFO] Removed 148 rows with label=-1 from: /Volumes/JIAYI/ImageFocusDetection/data/samples_labels/sample269_labels/sample269.csv
2026-04-27 16:42:42 [INFO] Removed 180 rows with label=-1 from: /Volumes/JIAYI/ImageFocusDetection/data/samples_labels/sample218_labels/sample218.csv
2026-04-27 16:42:42 [INFO] Removed 23 rows with label=-1 from: /Volumes/JIAYI/ImageFocusDetection/data/samples_labels/sample318_labels/sample318.csv
2026-04-27 16:42:42 [INFO] Removed 1 rows with label=-1 from: /Volumes/JIAYI/ImageFocusDetection/data/samples_labels/sample265_labels/sample265.csv
2026-04-27 16:42:42 [INFO] Removed 1 rows with label=-1 from: /Volumes/JIAYI/ImageFocusDetection/data/samples_labels/sample166_labels/sample166.csv
2026-04-27 16:42:42 [INFO] Removed 14 rows with label=-1 from: /Volumes/JIAYI/ImageFocusDetection/data/samples_labels/sample105_labels/sample105.csv
2026-04-27 16:42:42 [INFO] Removed 17 rows with label=-1 from: /Volumes/JIAYI/ImageFocusDetection/data/samples_labels/sample28_labels/sample28.csv
2026-04-27 16:42:42 [INFO] Removed 42 rows with label=-1 from: /Volumes/JIAYI/ImageFocusDetection/data/samples_labels/sample178_labels/sample178.csv
2026-04-27 16:42:42 [INFO] Removed 47 rows with label=-1 from: /Volumes/JIAYI/ImageFocusDetection/data/samples_labels/sample55_labels/sample55.csv
2026-04-27 16:42:42 [INFO] Removed 5 rows with label=-1 from: /Volumes/JIAYI/ImageFocusDetection/data/samples_labels/sample109_labels/sample109.csv
2026-04-27 16:42:42 [INFO] Removed 144 rows with label=-1 from: /Volumes/JIAYI/ImageFocusDetection/data/samples_labels/sample59_labels/sample59.csv
2026-04-27 16:42:42 [INFO] Removed 292 rows with label=-1 from: /Volumes/JIAYI/ImageFocusDetection/data/samples_labels/sample288_labels/sample288.csv
2026-04-27 16:42:42 [INFO] Removed 4 rows with label=-1 from: /Volumes/JIAYI/ImageFocusDetection/data/samples_labels/sample296_labels/sample296.csv
2026-04-27 16:42:42 [INFO] Removed 65 rows with label=-1 from: /Volumes/JIAYI/ImageFocusDetection/data/samples_labels/sample71_labels/sample71.csv
2026-04-27 16:42:42 [INFO] Removed 1 rows with label=-1 from: /Volumes/JIAYI/ImageFocusDetection/data/samples_labels/sample150_labels/sample150.csv
2026-04-27 16:42:42 [INFO] Removed 20 rows with label=-1 from: /Volumes/JIAYI/ImageFocusDetection/data/samples_labels/sample284_labels/sample284.csv
2026-04-27 16:42:42 [INFO] Removed 145 rows with label=-1 from: /Volumes/JIAYI/ImageFocusDetection/data/samples_labels/sample63_labels/sample63.csv
2026-04-27 16:42:42 [INFO] Removed 13 rows with label=-1 from: /Volumes/JIAYI/ImageFocusDetection/data/samples_labels/sample176_labels/sample176.csv
2026-04-27 16:42:42 [INFO] Removed 1 rows with label=-1 from: /Volumes/JIAYI/ImageFocusDetection/data/samples_labels/sample107_labels/sample107.csv
2026-04-27 16:42:42 [INFO] Removed 9 rows with label=-1 from: /Volumes/JIAYI/ImageFocusDetection/data/samples_labels/sample34_labels/sample34.csv
2026-04-27 16:42:42 [INFO] Removed 133 rows with label=-1 from: /Volumes/JIAYI/ImageFocusDetection/data/samples_labels/sample164_labels/sample164.csv
2026-04-27 16:42:42 [INFO] Removed 8 rows with label=-1 from: /Volumes/JIAYI/ImageFocusDetection/data/samples_labels/sample286_labels/sample286.csv
2026-04-27 16:42:42 [INFO] Removed 5 rows with label=-1 from: /Volumes/JIAYI/ImageFocusDetection/data/samples_labels/sample61_labels/sample61.csv
2026-04-27 16:42:42 [INFO] Removed 18 rows with label=-1 from: /Volumes/JIAYI/ImageFocusDetection/data/samples_labels/sample152_labels/sample152.csv
2026-04-27 16:42:42 [INFO] Removed 75 rows with label=-1 from: /Volumes/JIAYI/ImageFocusDetection/data/samples_labels/sample294_labels/sample294.csv
2026-04-27 16:42:42 [INFO] Removed 3 rows with label=-1 from: /Volumes/JIAYI/ImageFocusDetection/data/samples_labels/sample73_labels/sample73.csv
2026-04-27 16:42:42 [INFO] Removed 37 rows with label=-1 from: /Volumes/JIAYI/ImageFocusDetection/data/samples_labels/sample2_labels/sample2.csv
2026-04-27 16:42:42 [INFO] Removed 8 rows with label=-1 from: /Volumes/JIAYI/ImageFocusDetection/data/samples_labels/sample140_labels/sample140.csv
2026-04-27 16:42:42 [INFO] Removed 85 rows with label=-1 from: /Volumes/JIAYI/ImageFocusDetection/data/samples_labels/sample197_labels/sample197.csv
2026-04-27 16:42:42 [INFO] Removed 219 rows with label=-1 from: /Volumes/JIAYI/ImageFocusDetection/data/samples_labels/sample320_labels/sample320.csv
2026-04-27 16:42:42 [INFO] Removed 4 rows with label=-1 from: /Volumes/JIAYI/ImageFocusDetection/data/samples_labels/sample220_labels/sample220.csv
2026-04-27 16:42:42 [INFO] Removed 24 rows with label=-1 from: /Volumes/JIAYI/ImageFocusDetection/data/samples_labels/sample189_labels/sample189.csv
2026-04-27 16:42:42 [INFO] Removed 27 rows with label=-1 from: /Volumes/JIAYI/ImageFocusDetection/data/samples_labels/sample343_labels/sample343.csv
2026-04-27 16:42:42 [INFO] Removed 50 rows with label=-1 from: /Volumes/JIAYI/ImageFocusDetection/data/samples_labels/sample243_labels/sample243.csv
2026-04-27 16:42:42 [INFO] Removed 37 rows with label=-1 from: /Volumes/JIAYI/ImageFocusDetection/data/samples_labels/sample232_labels/sample232.csv
2026-04-27 16:42:42 [INFO] Removed 6 rows with label=-1 from: /Volumes/JIAYI/ImageFocusDetection/data/samples_labels/sample332_labels/sample332.csv
2026-04-27 16:42:42 [INFO] Removed 19 rows with label=-1 from: /Volumes/JIAYI/ImageFocusDetection/data/samples_labels/sample185_labels/sample185.csv
2026-04-27 16:42:42 [INFO] Removed 59 rows with label=-1 from: /Volumes/JIAYI/ImageFocusDetection/data/samples_labels/sample204_labels/sample204.csv
2026-04-27 16:42:42 [INFO] Removed 7 rows with label=-1 from: /Volumes/JIAYI/ImageFocusDetection/data/samples_labels/sample304_labels/sample304.csv
2026-04-27 16:42:42 [INFO] Removed 5 rows with label=-1 from: /Volumes/JIAYI/ImageFocusDetection/data/samples_labels/sample80_labels/sample80.csv
2026-04-27 16:42:42 [INFO] Removed 2 rows with label=-1 from: /Volumes/JIAYI/ImageFocusDetection/data/samples_labels/sample308_labels/sample308.csv
2026-04-27 16:42:42 [INFO] Removed 6 rows with label=-1 from: /Volumes/JIAYI/ImageFocusDetection/data/samples_labels/sample208_labels/sample208.csv
2026-04-27 16:42:42 [INFO] Removed 186 rows with label=-1 from: /Volumes/JIAYI/ImageFocusDetection/data/samples_labels/sample275_labels/sample275.csv
2026-04-27 16:42:42 [INFO] Removed 2 rows with label=-1 from: /Volumes/JIAYI/ImageFocusDetection/data/samples_labels/sample329_labels/sample329.csv
2026-04-27 16:42:42 [INFO] Removed 2 rows with label=-1 from: /Volumes/JIAYI/ImageFocusDetection/data/samples_labels/sample229_labels/sample229.csv
2026-04-27 16:42:42 [INFO] Removed 15 rows with label=-1 from: /Volumes/JIAYI/ImageFocusDetection/data/samples_labels/sample254_labels/sample254.csv
2026-04-27 16:42:42 [INFO] Removed 18 rows with label=-1 from: /Volumes/JIAYI/ImageFocusDetection/data/samples_labels/sample237_labels/sample237.csv
2026-04-27 16:42:42 [INFO] Removed 3 rows with label=-1 from: /Volumes/JIAYI/ImageFocusDetection/data/samples_labels/sample192_labels/sample192.csv
2026-04-27 16:42:42 [INFO] Removed 247 rows with label=-1 from: /Volumes/JIAYI/ImageFocusDetection/data/samples_labels/sample325_labels/sample325.csv
2026-04-27 16:42:42 [INFO] Removed 24 rows with label=-1 from: /Volumes/JIAYI/ImageFocusDetection/data/samples_labels/sample258_labels/sample258.csv
2026-04-27 16:42:42 [INFO] Removed 30 rows with label=-1 from: /Volumes/JIAYI/ImageFocusDetection/data/samples_labels/sample270_labels/sample270.csv
2026-04-27 16:42:42 [INFO] Removed 12 rows with label=-1 from: /Volumes/JIAYI/ImageFocusDetection/data/samples_labels/sample213_labels/sample213.csv
2026-04-27 16:42:42 [INFO] Removed 266 rows with label=-1 from: /Volumes/JIAYI/ImageFocusDetection/data/samples_labels/sample313_labels/sample313.csv
2026-04-27 16:42:42 [INFO] Removed 7 rows with label=-1 from: /Volumes/JIAYI/ImageFocusDetection/data/samples_labels/sample89_labels/sample89.csv
2026-04-27 16:42:42 [INFO] Removed 7 rows with label=-1 from: /Volumes/JIAYI/ImageFocusDetection/data/samples_labels/sample85_labels/sample85.csv
2026-04-27 16:42:42 [INFO] Removed 2 rows with label=-1 from: /Volumes/JIAYI/ImageFocusDetection/data/samples_labels/sample262_labels/sample262.csv
2026-04-27 16:42:42 [INFO] Removed 6 rows with label=-1 from: /Volumes/JIAYI/ImageFocusDetection/data/samples_labels/sample161_labels/sample161.csv
2026-04-27 16:42:42 [INFO] Removed 18 rows with label=-1 from: /Volumes/JIAYI/ImageFocusDetection/data/samples_labels/sample102_labels/sample102.csv
2026-04-27 16:42:42 [INFO] Removed 114 rows with label=-1 from: /Volumes/JIAYI/ImageFocusDetection/data/samples_labels/sample173_labels/sample173.csv
2026-04-27 16:42:42 [INFO] Removed 88 rows with label=-1 from: /Volumes/JIAYI/ImageFocusDetection/data/samples_labels/sample110_labels/sample110.csv
2026-04-27 16:42:42 [INFO] Removed 12 rows with label=-1 from: /Volumes/JIAYI/ImageFocusDetection/data/samples_labels/sample15_labels/sample15.csv
2026-04-27 16:42:42 [INFO] Removed 3 rows with label=-1 from: /Volumes/JIAYI/ImageFocusDetection/data/samples_labels/sample68_labels/sample68.csv
2026-04-27 16:42:42 [INFO] Removed 4 rows with label=-1 from: /Volumes/JIAYI/ImageFocusDetection/data/samples_labels/sample291_labels/sample291.csv
2026-04-27 16:42:42 [INFO] Removed 1 rows with label=-1 from: /Volumes/JIAYI/ImageFocusDetection/data/samples_labels/sample7_labels/sample7.csv
2026-04-27 16:42:42 [INFO] Removed 37 rows with label=-1 from: /Volumes/JIAYI/ImageFocusDetection/data/samples_labels/sample283_labels/sample283.csv
2026-04-27 16:42:42 [INFO] Removed 31 rows with label=-1 from: /Volumes/JIAYI/ImageFocusDetection/data/samples_labels/sample21_labels/sample21.csv
2026-04-27 16:42:42 [INFO] Removed 3 rows with label=-1 from: /Volumes/JIAYI/ImageFocusDetection/data/samples_labels/sample100_labels/sample100.csv
2026-04-27 16:42:42 [INFO] Removed 36 rows with label=-1 from: /Volumes/JIAYI/ImageFocusDetection/data/samples_labels/sample50_labels/sample50.csv
2026-04-27 16:42:42 [INFO] Removed 8 rows with label=-1 from: /Volumes/JIAYI/ImageFocusDetection/data/samples_labels/sample163_labels/sample163.csv
2026-04-27 16:42:42 [INFO] Removed 8 rows with label=-1 from: /Volumes/JIAYI/ImageFocusDetection/data/samples_labels/sample281_labels/sample281.csv
2026-04-27 16:42:42 [INFO] Removed 97 rows with label=-1 from: /Volumes/JIAYI/ImageFocusDetection/data/samples_labels/sample66_labels/sample66.csv
2026-04-27 16:42:42 [INFO] Removed 527 rows with label=-1 from: /Volumes/JIAYI/ImageFocusDetection/data/samples_labels/sample128_labels/sample128.csv
2026-04-27 16:42:42 [INFO] Removed 140 rows with label=-1 from: /Volumes/JIAYI/ImageFocusDetection/data/samples_labels/sample155_labels/sample155.csv
2026-04-27 16:42:42 [INFO] Removed 1 rows with label=-1 from: /Volumes/JIAYI/ImageFocusDetection/data/samples_labels/sample9_labels/sample9.csv
2026-04-27 16:42:42 [INFO] Removed 2 rows with label=-1 from: /Volumes/JIAYI/ImageFocusDetection/data/samples_labels/sample293_labels/sample293.csv
2026-04-27 16:42:43 [INFO] Removed 91 rows with label=-1 from: /Volumes/JIAYI/ImageFocusDetection/data/samples_labels/sample74_labels/sample74.csv
2026-04-27 16:42:43 [INFO] Removed 12 rows with label=-1 from: /Volumes/JIAYI/ImageFocusDetection/data/samples_labels/sample159_labels/sample159.csv
2026-04-27 16:42:43 [INFO] Removed 5 rows with label=-1 from: /Volumes/JIAYI/ImageFocusDetection/data/samples_labels/sample227_labels/sample227.csv
2026-04-27 16:42:43 [INFO] Removed 1 rows with label=-1 from: /Volumes/JIAYI/ImageFocusDetection/data/samples_labels/sample239_labels/sample239.csv
2026-04-27 16:42:43 [INFO] Removed 2 rows with label=-1 from: /Volumes/JIAYI/ImageFocusDetection/data/samples_labels/sample339_labels/sample339.csv
2026-04-27 16:42:43 [INFO] Removed 1 rows with label=-1 from: /Volumes/JIAYI/ImageFocusDetection/data/samples_labels/sample244_labels/sample244.csv
2026-04-27 16:42:43 [INFO] Removed 233 rows with label=-1 from: /Volumes/JIAYI/ImageFocusDetection/data/samples_labels/sample344_labels/sample344.csv
2026-04-27 16:42:43 [INFO] Removed 5 rows with label=-1 from: /Volumes/JIAYI/ImageFocusDetection/data/samples_labels/sample335_labels/sample335.csv
2026-04-27 16:42:43 [INFO] Removed 85 rows with label=-1 from: /Volumes/JIAYI/ImageFocusDetection/data/samples_labels/sample348_labels/sample348.csv
2026-04-27 16:42:43 [INFO] Removed 15 rows with label=-1 from: /Volumes/JIAYI/ImageFocusDetection/data/samples_labels/sample87_labels/sample87.csv
2026-04-27 16:42:43 [INFO] Removed 15 rows with label=-1 from: /Volumes/JIAYI/ImageFocusDetection/data/samples_labels/sample95_labels/sample95.csv
2026-04-27 16:42:43 [INFO] Removed 46 rows with label=-1 from: /Volumes/JIAYI/ImageFocusDetection/data/samples_labels/sample272_labels/sample272.csv
2026-04-27 16:42:43 [INFO] Removed 366 rows with label=-1 from: /Volumes/JIAYI/ImageFocusDetection/data/samples_labels/sample1_labels/sample1.csv
2026-04-27 16:42:43 [INFO] Removed 33 rows with label=-1 from: /Volumes/JIAYI/ImageFocusDetection/data/samples_labels/sample297_labels/sample297.csv
2026-04-27 16:42:43 [INFO] Removed 7 rows with label=-1 from: /Volumes/JIAYI/ImageFocusDetection/data/samples_labels/sample143_labels/sample143.csv
2026-04-27 16:42:43 [INFO] Removed 6 rows with label=-1 from: /Volumes/JIAYI/ImageFocusDetection/data/samples_labels/sample289_labels/sample289.csv
2026-04-27 16:42:43 [INFO] Removed 56 rows with label=-1 from: /Volumes/JIAYI/ImageFocusDetection/data/samples_labels/sample13_labels/sample13.csv
2026-04-27 16:42:43 [INFO] Removed 12 rows with label=-1 from: /Volumes/JIAYI/ImageFocusDetection/data/samples_labels/sample132_labels/sample132.csv
2026-04-27 16:42:43 [INFO] Removed 160 rows with label=-1 from: /Volumes/JIAYI/ImageFocusDetection/data/samples_labels/sample285_labels/sample285.csv
2026-04-27 16:42:43 [INFO] Removed 36 rows with label=-1 from: /Volumes/JIAYI/ImageFocusDetection/data/samples_labels/sample104_labels/sample104.csv
2026-04-27 16:42:43 [INFO] Removed 19 rows with label=-1 from: /Volumes/JIAYI/ImageFocusDetection/data/samples_labels/sample29_labels/sample29.csv
2026-04-27 16:42:43 [INFO] Removed 3 rows with label=-1 from: /Volumes/JIAYI/ImageFocusDetection/data/samples_labels/sample37_labels/sample37.csv
2026-04-27 16:42:43 [INFO] Removed 1 rows with label=-1 from: /Volumes/JIAYI/ImageFocusDetection/data/samples_labels/sample116_labels/sample116.csv
2026-04-27 16:42:43 [INFO] Removed 92 rows with label=-1 from: /Volumes/JIAYI/ImageFocusDetection/data/samples_labels/sample175_labels/sample175.csv
2026-04-27 16:42:43 [INFO] Removed 13 rows with label=-1 from: /Volumes/JIAYI/ImageFocusDetection/data/samples_labels/sample108_labels/sample108.csv
2026-04-27 16:42:43 [INFO] Removed 54 rows with label=-1 from: /Volumes/JIAYI/ImageFocusDetection/data/samples_labels/sample268_labels/sample268.csv
2026-04-27 16:42:43 [INFO] Removed 14 rows with label=-1 from: /Volumes/JIAYI/ImageFocusDetection/data/samples_labels/sample215_labels/sample215.csv
2026-04-27 16:42:43 [INFO] Removed 1 rows with label=-1 from: /Volumes/JIAYI/ImageFocusDetection/data/samples_labels/sample315_labels/sample315.csv
2026-04-27 16:42:43 [INFO] Removed 46 rows with label=-1 from: /Volumes/JIAYI/ImageFocusDetection/data/samples_labels/sample276_labels/sample276.csv
2026-04-27 16:42:43 [INFO] Removed 7 rows with label=-1 from: /Volumes/JIAYI/ImageFocusDetection/data/samples_labels/sample307_labels/sample307.csv
2026-04-27 16:42:43 [INFO] Removed 4 rows with label=-1 from: /Volumes/JIAYI/ImageFocusDetection/data/samples_labels/sample264_labels/sample264.csv
2026-04-27 16:42:43 [INFO] Removed 183 rows with label=-1 from: /Volumes/JIAYI/ImageFocusDetection/data/samples_labels/sample319_labels/sample319.csv
2026-04-27 16:42:43 [INFO] Removed 186 rows with label=-1 from: /Volumes/JIAYI/ImageFocusDetection/data/samples_labels/sample219_labels/sample219.csv
2026-04-27 16:42:43 [INFO] Removed 391 rows with label=-1 from: /Volumes/JIAYI/ImageFocusDetection/data/samples_labels/sample231_labels/sample231.csv
2026-04-27 16:42:43 [INFO] Removed 366 rows with label=-1 from: /Volumes/JIAYI/ImageFocusDetection/data/samples_labels/sample252_labels/sample252.csv
2026-04-27 16:42:43 [INFO] Removed 312 rows with label=-1 from: /Volumes/JIAYI/ImageFocusDetection/data/samples_labels/sample198_labels/sample198.csv
2026-04-27 16:42:43 [INFO] Removed 82 rows with label=-1 from: /Volumes/JIAYI/ImageFocusDetection/data/samples_labels/sample223_labels/sample223.csv
2026-04-27 16:42:43 [INFO] Removed 93 rows with label=-1 from: /Volumes/JIAYI/ImageFocusDetection/data/samples_labels/sample194_labels/sample194.csv
2026-04-27 16:42:43 [INFO] Removed 39 rows with label=-1 from: /Volumes/JIAYI/ImageFocusDetection/data/samples_labels/sample323_labels/sample323.csv
2026-04-27 16:42:43 [INFO] Removed 30 rows with label=-1 from: /Volumes/JIAYI/ImageFocusDetection/data/samples_labels/sample240_labels/sample240.csv
2026-04-27 16:42:43 [INFO] Removed 2 rows with label=-1 from: /Volumes/JIAYI/ImageFocusDetection/data/samples_labels/sample340_labels/sample340.csv
2026-04-27 16:42:43 [INFO] Removed 7 rows with label=-1 from: /Volumes/JIAYI/ImageFocusDetection/data/samples_labels/sample81_labels/sample81.csv
2026-04-27 16:42:43 [INFO] Removed 33 rows with label=-1 from: /Volumes/JIAYI/ImageFocusDetection/data/samples_labels/sample278_labels/sample278.csv
2026-04-27 16:42:43 [INFO] Removed 8 rows with label=-1 from: /Volumes/JIAYI/ImageFocusDetection/data/samples_labels/sample305_labels/sample305.csv
2026-04-27 16:42:43 [INFO] Removed 4 rows with label=-1 from: /Volumes/JIAYI/ImageFocusDetection/data/samples_labels/sample274_labels/sample274.csv
2026-04-27 16:42:43 [INFO] Removed 27 rows with label=-1 from: /Volumes/JIAYI/ImageFocusDetection/data/samples_labels/sample209_labels/sample209.csv
2026-04-27 16:42:43 [INFO] Removed 5 rows with label=-1 from: /Volumes/JIAYI/ImageFocusDetection/data/samples_labels/sample309_labels/sample309.csv
2026-04-27 16:42:43 [INFO] Removed 212 rows with label=-1 from: /Volumes/JIAYI/ImageFocusDetection/data/samples_labels/sample217_labels/sample217.csv
2026-04-27 16:42:43 [INFO] Removed 54 rows with label=-1 from: /Volumes/JIAYI/ImageFocusDetection/data/samples_labels/sample242_labels/sample242.csv
2026-04-27 16:42:43 [INFO] Removed 153 rows with label=-1 from: /Volumes/JIAYI/ImageFocusDetection/data/samples_labels/sample342_labels/sample342.csv
2026-04-27 16:42:43 [INFO] Removed 16 rows with label=-1 from: /Volumes/JIAYI/ImageFocusDetection/data/samples_labels/sample188_labels/sample188.csv
2026-04-27 16:42:43 [INFO] Removed 136 rows with label=-1 from: /Volumes/JIAYI/ImageFocusDetection/data/samples_labels/sample221_labels/sample221.csv
2026-04-27 16:42:43 [INFO] Removed 27 rows with label=-1 from: /Volumes/JIAYI/ImageFocusDetection/data/samples_labels/sample196_labels/sample196.csv
2026-04-27 16:42:43 [INFO] Removed 20 rows with label=-1 from: /Volumes/JIAYI/ImageFocusDetection/data/samples_labels/sample350_labels/sample350.csv
2026-04-27 16:42:43 [INFO] Removed 5 rows with label=-1 from: /Volumes/JIAYI/ImageFocusDetection/data/samples_labels/sample333_labels/sample333.csv
2026-04-27 16:42:43 [INFO] Removed 143 rows with label=-1 from: /Volumes/JIAYI/ImageFocusDetection/data/samples_labels/sample233_labels/sample233.csv
2026-04-27 16:42:43 [INFO] Removed 7 rows with label=-1 from: /Volumes/JIAYI/ImageFocusDetection/data/samples_labels/sample299_labels/sample299.csv
2026-04-27 16:42:43 [INFO] Removed 7 rows with label=-1 from: /Volumes/JIAYI/ImageFocusDetection/data/samples_labels/sample287_labels/sample287.csv
2026-04-27 16:42:43 [INFO] Removed 154 rows with label=-1 from: /Volumes/JIAYI/ImageFocusDetection/data/samples_labels/sample72_labels/sample72.csv
2026-04-27 16:42:43 [INFO] Removed 3 rows with label=-1 from: /Volumes/JIAYI/ImageFocusDetection/data/samples_labels/sample3_labels/sample3.csv
2026-04-27 16:42:43 [INFO] Removed 12 rows with label=-1 from: /Volumes/JIAYI/ImageFocusDetection/data/samples_labels/sample295_labels/sample295.csv
2026-04-27 16:42:43 [INFO] Removed 2 rows with label=-1 from: /Volumes/JIAYI/ImageFocusDetection/data/samples_labels/sample177_labels/sample177.csv
2026-04-27 16:42:43 [INFO] Removed 56 rows with label=-1 from: /Volumes/JIAYI/ImageFocusDetection/data/samples_labels/sample169_labels/sample169.csv
2026-04-27 16:42:43 [INFO] Removed 170 rows with label=-1 from: /Volumes/JIAYI/ImageFocusDetection/data/samples_labels/sample114_labels/sample114.csv
2026-04-27 16:42:43 [INFO] Removed 9 rows with label=-1 from: /Volumes/JIAYI/ImageFocusDetection/data/samples_labels/sample165_labels/sample165.csv
2026-04-27 16:42:43 [INFO] Removed 16 rows with label=-1 from: /Volumes/JIAYI/ImageFocusDetection/data/samples_labels/sample118_labels/sample118.csv
2026-04-27 16:42:43 [INFO] Removed 9 rows with label=-1 from: /Volumes/JIAYI/ImageFocusDetection/data/samples_labels/sample35_labels/sample35.csv
2026-04-27 16:42:43 [INFO] Removed 13 rows with label=-1 from: /Volumes/JIAYI/ImageFocusDetection/data/samples_labels/sample106_labels/sample106.csv
2026-04-27 16:42:45 [INFO] Merged CSV saved: /Volumes/JIAYI/ImageFocusDetection/data/samples_labels/merged_samples_labels.csv
2026-04-27 16:42:54 [INFO] Deleted existing model folder: /Volumes/JIAYI/ImageFocusDetection/src/training/model_save
2026-04-27 16:42:54 [INFO] [CNN] Detected classes: [0, 1], num_classes=2
2026-04-27 16:42:54 [INFO] ==== Device & Training Configuration ====
2026-04-27 16:42:54 [INFO] MPS Device detected
2026-04-27 16:42:54 [INFO] Using device: mps, AMP enabled: False
2026-04-27 16:42:54 [INFO] Batch size: 128, num_workers: 5
2026-04-27 16:42:54 [INFO] ========================================
2026-04-27 16:42:54 [INFO] [LMDB] Removed existing cache: /Volumes/JIAYI/ImageFocusDetection/data/samples_labels/patches_ps32.lmdb
2026-04-27 16:42:54 [INFO] [LMDB] Removed existing lock: /Volumes/JIAYI/ImageFocusDetection/data/samples_labels/patches_ps32.lmdb-lock
2026-04-27 16:42:54 [INFO] [LMDB] Building cache: /Volumes/JIAYI/ImageFocusDetection/data/samples_labels/patches_ps32.lmdb
2026-04-27 16:43:13 [INFO] [LMDB] Processed 10000/638153
2026-04-27 16:43:14 [INFO] [LMDB] Processed 20000/638153
2026-04-27 16:43:16 [INFO] [LMDB] Processed 30000/638153
2026-04-27 16:43:17 [INFO] [LMDB] Processed 40000/638153
2026-04-27 16:43:18 [INFO] [LMDB] Processed 50000/638153
2026-04-27 16:43:20 [INFO] [LMDB] Processed 60000/638153
2026-04-27 16:43:21 [INFO] [LMDB] Processed 70000/638153
2026-04-27 16:43:22 [INFO] [LMDB] Processed 80000/638153
2026-04-27 16:43:24 [INFO] [LMDB] Processed 90000/638153
2026-04-27 16:43:25 [INFO] [LMDB] Processed 100000/638153
2026-04-27 16:43:26 [INFO] [LMDB] Processed 110000/638153
2026-04-27 16:43:27 [INFO] [LMDB] Processed 120000/638153
2026-04-27 16:43:29 [INFO] [LMDB] Processed 130000/638153
2026-04-27 16:43:30 [INFO] [LMDB] Processed 140000/638153
2026-04-27 16:43:32 [INFO] [LMDB] Processed 150000/638153
2026-04-27 16:43:33 [INFO] [LMDB] Processed 160000/638153
2026-04-27 16:43:34 [INFO] [LMDB] Processed 170000/638153
2026-04-27 16:43:36 [INFO] [LMDB] Processed 180000/638153
2026-04-27 16:43:37 [INFO] [LMDB] Processed 190000/638153
2026-04-27 16:43:39 [INFO] [LMDB] Processed 200000/638153
2026-04-27 16:43:40 [INFO] [LMDB] Processed 210000/638153
2026-04-27 16:43:41 [INFO] [LMDB] Processed 220000/638153
2026-04-27 16:43:43 [INFO] [LMDB] Processed 230000/638153
2026-04-27 16:43:44 [INFO] [LMDB] Processed 240000/638153
2026-04-27 16:43:46 [INFO] [LMDB] Processed 250000/638153
2026-04-27 16:43:47 [INFO] [LMDB] Processed 260000/638153
2026-04-27 16:43:48 [INFO] [LMDB] Processed 270000/638153
2026-04-27 16:43:49 [INFO] [LMDB] Processed 280000/638153
2026-04-27 16:43:51 [INFO] [LMDB] Processed 290000/638153
2026-04-27 16:43:52 [INFO] [LMDB] Processed 300000/638153
2026-04-27 16:43:54 [INFO] [LMDB] Processed 310000/638153
2026-04-27 16:43:55 [INFO] [LMDB] Processed 320000/638153
2026-04-27 16:43:56 [INFO] [LMDB] Processed 330000/638153
2026-04-27 16:43:58 [INFO] [LMDB] Processed 340000/638153
2026-04-27 16:43:59 [INFO] [LMDB] Processed 350000/638153
2026-04-27 16:44:00 [INFO] [LMDB] Processed 360000/638153
2026-04-27 16:44:02 [INFO] [LMDB] Processed 370000/638153
2026-04-27 16:44:03 [INFO] [LMDB] Processed 380000/638153
2026-04-27 16:44:05 [INFO] [LMDB] Processed 390000/638153
2026-04-27 16:44:06 [INFO] [LMDB] Processed 400000/638153
2026-04-27 16:44:07 [INFO] [LMDB] Processed 410000/638153
2026-04-27 16:44:08 [INFO] [LMDB] Processed 420000/638153
2026-04-27 16:44:10 [INFO] [LMDB] Processed 430000/638153
2026-04-27 16:44:11 [INFO] [LMDB] Processed 440000/638153
2026-04-27 16:44:12 [INFO] [LMDB] Processed 450000/638153
2026-04-27 16:44:14 [INFO] [LMDB] Processed 460000/638153
2026-04-27 16:44:15 [INFO] [LMDB] Processed 470000/638153
2026-04-27 16:44:16 [INFO] [LMDB] Processed 480000/638153
2026-04-27 16:44:18 [INFO] [LMDB] Processed 490000/638153
2026-04-27 16:44:19 [INFO] [LMDB] Processed 500000/638153
2026-04-27 16:44:21 [INFO] [LMDB] Processed 510000/638153
2026-04-27 16:44:22 [INFO] [LMDB] Processed 520000/638153
2026-04-27 16:44:23 [INFO] [LMDB] Processed 530000/638153
2026-04-27 16:44:25 [INFO] [LMDB] Processed 540000/638153
2026-04-27 16:44:26 [INFO] [LMDB] Processed 550000/638153
2026-04-27 16:44:28 [INFO] [LMDB] Processed 560000/638153
2026-04-27 16:44:29 [INFO] [LMDB] Processed 570000/638153
2026-04-27 16:44:30 [INFO] [LMDB] Processed 580000/638153
2026-04-27 16:44:31 [INFO] [LMDB] Processed 590000/638153
2026-04-27 16:44:33 [INFO] [LMDB] Processed 600000/638153
2026-04-27 16:44:34 [INFO] [LMDB] Processed 610000/638153
2026-04-27 16:44:35 [INFO] [LMDB] Processed 620000/638153
2026-04-27 16:44:37 [INFO] [LMDB] Processed 630000/638153
2026-04-27 16:44:38 [INFO] [LMDB] Build done in 103.56s
2026-04-27 16:44:38 [INFO] [CNN] Using LMDB dataset: /Volumes/JIAYI/ImageFocusDetection/data/samples_labels/patches_ps32.lmdb
2026-04-27 16:44:38 [INFO] [CNN] Weighted sampler disabled.
2026-04-27 16:44:38 [INFO] [CNN] Class counts: [578212, 59941]
2026-04-27 16:44:38 [INFO] [CNN] Class weights: [0.551800012588501, 5.323200225830078]
2026-04-27 16:44:38 [INFO] [CNN] Start training ...
2026-04-27 16:45:04 [INFO] Epoch 1/30, Loss: 553.4204
2026-04-27 16:45:27 [INFO] Epoch 2/30, Loss: 331.0824
2026-04-27 16:45:50 [INFO] Epoch 3/30, Loss: 280.5711
2026-04-27 16:46:12 [INFO] Epoch 4/30, Loss: 249.7161
2026-04-27 16:46:35 [INFO] Epoch 5/30, Loss: 242.7907
2026-04-27 16:46:59 [INFO] Epoch 6/30, Loss: 229.7404
2026-04-27 16:47:22 [INFO] Epoch 7/30, Loss: 219.7448
2026-04-27 16:47:45 [INFO] Epoch 8/30, Loss: 207.7128
2026-04-27 16:48:07 [INFO] Epoch 9/30, Loss: 203.9472
2026-04-27 16:48:30 [INFO] Epoch 10/30, Loss: 197.3924
2026-04-27 16:48:53 [INFO] Epoch 11/30, Loss: 200.6698
2026-04-27 16:49:15 [INFO] Epoch 12/30, Loss: 194.3645
2026-04-27 16:49:38 [INFO] Epoch 13/30, Loss: 187.4326
2026-04-27 16:50:01 [INFO] Epoch 14/30, Loss: 183.5730
2026-04-27 16:50:24 [INFO] Epoch 15/30, Loss: 181.9798
2026-04-27 16:50:46 [INFO] Epoch 16/30, Loss: 179.3221
2026-04-27 16:51:09 [INFO] Epoch 17/30, Loss: 176.4662
2026-04-27 16:51:32 [INFO] Epoch 18/30, Loss: 176.3765
2026-04-27 16:51:54 [INFO] Epoch 19/30, Loss: 173.8947
2026-04-27 16:52:17 [INFO] Epoch 20/30, Loss: 174.0933
2026-04-27 16:52:40 [INFO] Epoch 21/30, Loss: 173.3074
2026-04-27 16:53:03 [INFO] Epoch 22/30, Loss: 170.4865
2026-04-27 16:53:25 [INFO] Epoch 23/30, Loss: 169.3056
2026-04-27 16:53:48 [INFO] Epoch 24/30, Loss: 167.1511
2026-04-27 16:54:11 [INFO] Epoch 25/30, Loss: 167.7817
2026-04-27 16:54:34 [INFO] Epoch 26/30, Loss: 164.1624
2026-04-27 16:54:56 [INFO] Epoch 27/30, Loss: 165.3838
2026-04-27 16:55:19 [INFO] Epoch 28/30, Loss: 164.8317
2026-04-27 16:55:42 [INFO] Epoch 29/30, Loss: 164.4425
2026-04-27 16:56:04 [INFO] Epoch 30/30, Loss: 162.9519
2026-04-27 16:56:04 [INFO] [CNN] Training time: 686.42 seconds
2026-04-27 16:56:04 [INFO] Selected models saved to: /Volumes/JIAYI/ImageFocusDetection/src/training/model_save
2026-04-27 16:56:04 [INFO] Model artifacts directory: /Volumes/JIAYI/ImageFocusDetection/src/training/model_save
2026-04-27 16:56:04 [INFO] Artifact: cnn_model.pth | modified_at=2026-04-27 16:56:04
2026-04-27 16:56:04 [INFO] === Step 3: Evaluate ===
2026-04-27 16:56:04 [INFO] Deleted existing merged CSV: /Volumes/JIAYI/ImageFocusDetection/data/valid_samples_labels/merged_valid_samples_labels.csv
2026-04-27 16:56:04 [INFO] Removed 80 rows with label=-1 from: /Volumes/JIAYI/ImageFocusDetection/data/valid_samples_labels/valid_sample50_labels/valid_sample50.csv
2026-04-27 16:56:04 [INFO] Removed 12 rows with label=-1 from: /Volumes/JIAYI/ImageFocusDetection/data/valid_samples_labels/valid_sample21_labels/valid_sample21.csv
2026-04-27 16:56:04 [INFO] Removed 2 rows with label=-1 from: /Volumes/JIAYI/ImageFocusDetection/data/valid_samples_labels/valid_sample74_labels/valid_sample74.csv
2026-04-27 16:56:29 [INFO] Removed 6 rows with label=-1 from: /Volumes/JIAYI/ImageFocusDetection/data/valid_samples_labels/valid_sample23_labels/valid_sample23.csv
2026-04-27 16:56:29 [INFO] Removed 27 rows with label=-1 from: /Volumes/JIAYI/ImageFocusDetection/data/valid_samples_labels/valid_sample40_labels/valid_sample40.csv
2026-04-27 16:56:29 [INFO] Removed 103 rows with label=-1 from: /Volumes/JIAYI/ImageFocusDetection/data/valid_samples_labels/valid_sample31_labels/valid_sample31.csv
2026-04-27 16:56:29 [INFO] Removed 11 rows with label=-1 from: /Volumes/JIAYI/ImageFocusDetection/data/valid_samples_labels/valid_sample52_labels/valid_sample52.csv
2026-04-27 16:56:29 [INFO] Removed 104 rows with label=-1 from: /Volumes/JIAYI/ImageFocusDetection/data/valid_samples_labels/valid_sample64_labels/valid_sample64.csv
2026-04-27 16:56:29 [INFO] Removed 1 rows with label=-1 from: /Volumes/JIAYI/ImageFocusDetection/data/valid_samples_labels/valid_sample68_labels/valid_sample68.csv
2026-04-27 16:56:29 [INFO] Removed 20 rows with label=-1 from: /Volumes/JIAYI/ImageFocusDetection/data/valid_samples_labels/valid_sample15_labels/valid_sample15.csv
2026-04-27 16:56:29 [INFO] Removed 51 rows with label=-1 from: /Volumes/JIAYI/ImageFocusDetection/data/valid_samples_labels/valid_sample11_labels/valid_sample11.csv
2026-04-27 16:56:29 [INFO] Removed 31 rows with label=-1 from: /Volumes/JIAYI/ImageFocusDetection/data/valid_samples_labels/valid_sample3_labels/valid_sample3.csv
2026-04-27 16:56:29 [INFO] Removed 36 rows with label=-1 from: /Volumes/JIAYI/ImageFocusDetection/data/valid_samples_labels/valid_sample56_labels/valid_sample56.csv
2026-04-27 16:56:29 [INFO] Removed 262 rows with label=-1 from: /Volumes/JIAYI/ImageFocusDetection/data/valid_samples_labels/valid_sample44_labels/valid_sample44.csv
2026-04-27 16:56:29 [INFO] Removed 2 rows with label=-1 from: /Volumes/JIAYI/ImageFocusDetection/data/valid_samples_labels/valid_sample62_labels/valid_sample62.csv
2026-04-27 16:56:29 [INFO] Removed 3 rows with label=-1 from: /Volumes/JIAYI/ImageFocusDetection/data/valid_samples_labels/valid_sample70_labels/valid_sample70.csv
2026-04-27 16:56:29 [INFO] Removed 5 rows with label=-1 from: /Volumes/JIAYI/ImageFocusDetection/data/valid_samples_labels/valid_sample1_labels/valid_sample1.csv
2026-04-27 16:56:29 [INFO] Removed 26 rows with label=-1 from: /Volumes/JIAYI/ImageFocusDetection/data/valid_samples_labels/valid_sample46_labels/valid_sample46.csv
2026-04-27 16:56:29 [INFO] Removed 1 rows with label=-1 from: /Volumes/JIAYI/ImageFocusDetection/data/valid_samples_labels/valid_sample25_labels/valid_sample25.csv
2026-04-27 16:56:29 [INFO] Removed 3 rows with label=-1 from: /Volumes/JIAYI/ImageFocusDetection/data/valid_samples_labels/valid_sample29_labels/valid_sample29.csv
2026-04-27 16:56:29 [INFO] Removed 1 rows with label=-1 from: /Volumes/JIAYI/ImageFocusDetection/data/valid_samples_labels/valid_sample54_labels/valid_sample54.csv
2026-04-27 16:56:29 [INFO] Removed 5 rows with label=-1 from: /Volumes/JIAYI/ImageFocusDetection/data/valid_samples_labels/valid_sample4_labels/valid_sample4.csv
2026-04-27 16:56:29 [INFO] Removed 10 rows with label=-1 from: /Volumes/JIAYI/ImageFocusDetection/data/valid_samples_labels/valid_sample43_labels/valid_sample43.csv
2026-04-27 16:56:29 [INFO] Removed 103 rows with label=-1 from: /Volumes/JIAYI/ImageFocusDetection/data/valid_samples_labels/valid_sample18_labels/valid_sample18.csv
2026-04-27 16:56:29 [INFO] Removed 11 rows with label=-1 from: /Volumes/JIAYI/ImageFocusDetection/data/valid_samples_labels/valid_sample65_labels/valid_sample65.csv
2026-04-27 16:56:29 [INFO] Removed 6 rows with label=-1 from: /Volumes/JIAYI/ImageFocusDetection/data/valid_samples_labels/valid_sample41_labels/valid_sample41.csv
2026-04-27 16:56:29 [INFO] Removed 2 rows with label=-1 from: /Volumes/JIAYI/ImageFocusDetection/data/valid_samples_labels/valid_sample49_labels/valid_sample49.csv
2026-04-27 16:56:29 [INFO] Removed 81 rows with label=-1 from: /Volumes/JIAYI/ImageFocusDetection/data/valid_samples_labels/valid_sample45_labels/valid_sample45.csv
2026-04-27 16:56:29 [INFO] Removed 1 rows with label=-1 from: /Volumes/JIAYI/ImageFocusDetection/data/valid_samples_labels/valid_sample2_labels/valid_sample2.csv
2026-04-27 16:56:29 [INFO] Removed 2 rows with label=-1 from: /Volumes/JIAYI/ImageFocusDetection/data/valid_samples_labels/valid_sample55_labels/valid_sample55.csv
2026-04-27 16:56:29 [INFO] Removed 2 rows with label=-1 from: /Volumes/JIAYI/ImageFocusDetection/data/valid_samples_labels/valid_sample28_labels/valid_sample28.csv
2026-04-27 16:56:29 [INFO] Removed 156 rows with label=-1 from: /Volumes/JIAYI/ImageFocusDetection/data/valid_samples_labels/valid_sample12_labels/valid_sample12.csv
2026-04-27 16:56:29 [INFO] Removed 34 rows with label=-1 from: /Volumes/JIAYI/ImageFocusDetection/data/valid_samples_labels/valid_sample71_labels/valid_sample71.csv
2026-04-27 16:56:30 [INFO] Merged CSV saved: /Volumes/JIAYI/ImageFocusDetection/data/valid_samples_labels/merged_valid_samples_labels.csv
2026-04-27 16:57:29 [INFO] [CNN] Using class1_threshold=0.5000 for binary prediction.
2026-04-27 16:58:03 [INFO] ========== CNN ==========
2026-04-27 16:58:03 [INFO] Accuracy: 0.9709
2026-04-27 16:58:03 [INFO] Classification Report:

2026-04-27 16:58:03 [INFO]                precision    recall  f1-score   support

2026-04-27 16:58:03 [INFO]            0       0.97      1.00      0.98    121405
2026-04-27 16:58:03 [INFO]            1       0.99      0.73      0.84     14665

2026-04-27 16:58:03 [INFO]     accuracy                           0.97    136070
2026-04-27 16:58:03 [INFO]    macro avg       0.98      0.87      0.91    136070
2026-04-27 16:58:03 [INFO] weighted avg       0.97      0.97      0.97    136070

2026-04-27 16:58:03 [INFO] Confusion Matrix:

2026-04-27 16:58:03 [INFO]  [[121343     62]
2026-04-27 16:58:03 [INFO]  [  3904  10761]]
2026-04-27 16:58:13 [INFO] [CNN] Evaluate overlays saved under: /Volumes/JIAYI/ImageFocusDetection/logs/_evaluate_cache
2026-04-27 16:58:13 [INFO] === Run 4/5 | models.cnn.epochs=50 ===
2026-04-27 16:58:13 [INFO] Evaluate output tag: CNN_epochs_50
2026-04-27 16:58:13 [INFO] Enabled models: cnn
2026-04-27 16:58:13 [INFO] === Step 2: Training ===
2026-04-27 16:58:13 [INFO] Deleted existing merged CSV: /Volumes/JIAYI/ImageFocusDetection/data/samples_labels/merged_samples_labels.csv
2026-04-27 16:58:13 [INFO] Removed 162 rows with label=-1 from: /Volumes/JIAYI/ImageFocusDetection/data/samples_labels/sample6_labels/sample6.csv
2026-04-27 16:58:13 [INFO] Removed 2 rows with label=-1 from: /Volumes/JIAYI/ImageFocusDetection/data/samples_labels/sample69_labels/sample69.csv
2026-04-27 16:58:13 [INFO] Removed 1 rows with label=-1 from: /Volumes/JIAYI/ImageFocusDetection/data/samples_labels/sample144_labels/sample144.csv
2026-04-27 16:58:13 [INFO] Removed 28 rows with label=-1 from: /Volumes/JIAYI/ImageFocusDetection/data/samples_labels/sample14_labels/sample14.csv
2026-04-27 16:58:13 [INFO] Removed 99 rows with label=-1 from: /Volumes/JIAYI/ImageFocusDetection/data/samples_labels/sample65_labels/sample65.csv
2026-04-27 16:58:13 [INFO] Removed 11 rows with label=-1 from: /Volumes/JIAYI/ImageFocusDetection/data/samples_labels/sample148_labels/sample148.csv
2026-04-27 16:58:13 [INFO] Removed 30 rows with label=-1 from: /Volumes/JIAYI/ImageFocusDetection/data/samples_labels/sample282_labels/sample282.csv
2026-04-27 16:58:13 [INFO] Removed 68 rows with label=-1 from: /Volumes/JIAYI/ImageFocusDetection/data/samples_labels/sample30_labels/sample30.csv
2026-04-27 16:58:13 [INFO] Removed 6 rows with label=-1 from: /Volumes/JIAYI/ImageFocusDetection/data/samples_labels/sample111_labels/sample111.csv
2026-04-27 16:58:13 [INFO] Removed 74 rows with label=-1 from: /Volumes/JIAYI/ImageFocusDetection/data/samples_labels/sample172_labels/sample172.csv
2026-04-27 16:58:13 [INFO] Removed 1 rows with label=-1 from: /Volumes/JIAYI/ImageFocusDetection/data/samples_labels/sample22_labels/sample22.csv
2026-04-27 16:58:13 [INFO] Removed 26 rows with label=-1 from: /Volumes/JIAYI/ImageFocusDetection/data/samples_labels/sample212_labels/sample212.csv
2026-04-27 16:58:13 [INFO] Removed 2 rows with label=-1 from: /Volumes/JIAYI/ImageFocusDetection/data/samples_labels/sample300_labels/sample300.csv
2026-04-27 16:58:13 [INFO] Removed 2 rows with label=-1 from: /Volumes/JIAYI/ImageFocusDetection/data/samples_labels/sample263_labels/sample263.csv
2026-04-27 16:58:13 [INFO] Removed 63 rows with label=-1 from: /Volumes/JIAYI/ImageFocusDetection/data/samples_labels/sample236_labels/sample236.csv
2026-04-27 16:58:13 [INFO] Removed 167 rows with label=-1 from: /Volumes/JIAYI/ImageFocusDetection/data/samples_labels/sample193_labels/sample193.csv
2026-04-27 16:58:13 [INFO] Removed 124 rows with label=-1 from: /Volumes/JIAYI/ImageFocusDetection/data/samples_labels/sample224_labels/sample224.csv
2026-04-27 16:58:13 [INFO] Removed 1 rows with label=-1 from: /Volumes/JIAYI/ImageFocusDetection/data/samples_labels/sample347_labels/sample347.csv
2026-04-27 16:58:13 [INFO] Removed 6 rows with label=-1 from: /Volumes/JIAYI/ImageFocusDetection/data/samples_labels/sample202_labels/sample202.csv
2026-04-27 16:58:13 [INFO] Removed 5 rows with label=-1 from: /Volumes/JIAYI/ImageFocusDetection/data/samples_labels/sample302_labels/sample302.csv
2026-04-27 16:58:13 [INFO] Removed 44 rows with label=-1 from: /Volumes/JIAYI/ImageFocusDetection/data/samples_labels/sample273_labels/sample273.csv
2026-04-27 16:58:13 [INFO] Removed 6 rows with label=-1 from: /Volumes/JIAYI/ImageFocusDetection/data/samples_labels/sample310_labels/sample310.csv
2026-04-27 16:58:13 [INFO] Removed 182 rows with label=-1 from: /Volumes/JIAYI/ImageFocusDetection/data/samples_labels/sample210_labels/sample210.csv
2026-04-27 16:58:13 [INFO] Removed 22 rows with label=-1 from: /Volumes/JIAYI/ImageFocusDetection/data/samples_labels/sample345_labels/sample345.csv
2026-04-27 16:58:13 [INFO] Removed 25 rows with label=-1 from: /Volumes/JIAYI/ImageFocusDetection/data/samples_labels/sample238_labels/sample238.csv
2026-04-27 16:58:13 [INFO] Removed 31 rows with label=-1 from: /Volumes/JIAYI/ImageFocusDetection/data/samples_labels/sample191_labels/sample191.csv
2026-04-27 16:58:13 [INFO] Removed 9 rows with label=-1 from: /Volumes/JIAYI/ImageFocusDetection/data/samples_labels/sample226_labels/sample226.csv
2026-04-27 16:58:13 [INFO] Removed 11 rows with label=-1 from: /Volumes/JIAYI/ImageFocusDetection/data/samples_labels/sample257_labels/sample257.csv
2026-04-27 16:58:13 [INFO] Removed 226 rows with label=-1 from: /Volumes/JIAYI/ImageFocusDetection/data/samples_labels/sample249_labels/sample249.csv
2026-04-27 16:58:13 [INFO] Removed 47 rows with label=-1 from: /Volumes/JIAYI/ImageFocusDetection/data/samples_labels/sample183_labels/sample183.csv
2026-04-27 16:58:13 [INFO] Removed 66 rows with label=-1 from: /Volumes/JIAYI/ImageFocusDetection/data/samples_labels/sample79_labels/sample79.csv
2026-04-27 16:58:13 [INFO] Removed 1 rows with label=-1 from: /Volumes/JIAYI/ImageFocusDetection/data/samples_labels/sample8_labels/sample8.csv
2026-04-27 16:58:13 [INFO] Removed 64 rows with label=-1 from: /Volumes/JIAYI/ImageFocusDetection/data/samples_labels/sample129_labels/sample129.csv
2026-04-27 16:58:13 [INFO] Removed 100 rows with label=-1 from: /Volumes/JIAYI/ImageFocusDetection/data/samples_labels/sample280_labels/sample280.csv
2026-04-27 16:58:13 [INFO] Removed 8 rows with label=-1 from: /Volumes/JIAYI/ImageFocusDetection/data/samples_labels/sample158_labels/sample158.csv
2026-04-27 16:58:13 [INFO] Removed 3 rows with label=-1 from: /Volumes/JIAYI/ImageFocusDetection/data/samples_labels/sample20_labels/sample20.csv
2026-04-27 16:58:13 [INFO] Removed 101 rows with label=-1 from: /Volumes/JIAYI/ImageFocusDetection/data/samples_labels/sample162_labels/sample162.csv
2026-04-27 16:58:13 [INFO] Removed 118 rows with label=-1 from: /Volumes/JIAYI/ImageFocusDetection/data/samples_labels/sample32_labels/sample32.csv
2026-04-27 16:58:13 [INFO] Removed 15 rows with label=-1 from: /Volumes/JIAYI/ImageFocusDetection/data/samples_labels/sample253_labels/sample253.csv
2026-04-27 16:58:13 [INFO] Removed 425 rows with label=-1 from: /Volumes/JIAYI/ImageFocusDetection/data/samples_labels/sample230_labels/sample230.csv
2026-04-27 16:58:13 [INFO] Removed 193 rows with label=-1 from: /Volumes/JIAYI/ImageFocusDetection/data/samples_labels/sample241_labels/sample241.csv
2026-04-27 16:58:13 [INFO] Removed 95 rows with label=-1 from: /Volumes/JIAYI/ImageFocusDetection/data/samples_labels/sample222_labels/sample222.csv
2026-04-27 16:58:13 [INFO] Removed 27 rows with label=-1 from: /Volumes/JIAYI/ImageFocusDetection/data/samples_labels/sample277_labels/sample277.csv
2026-04-27 16:58:13 [INFO] Removed 1 rows with label=-1 from: /Volumes/JIAYI/ImageFocusDetection/data/samples_labels/sample314_labels/sample314.csv
2026-04-27 16:58:13 [INFO] Removed 148 rows with label=-1 from: /Volumes/JIAYI/ImageFocusDetection/data/samples_labels/sample269_labels/sample269.csv
2026-04-27 16:58:13 [INFO] Removed 180 rows with label=-1 from: /Volumes/JIAYI/ImageFocusDetection/data/samples_labels/sample218_labels/sample218.csv
2026-04-27 16:58:13 [INFO] Removed 23 rows with label=-1 from: /Volumes/JIAYI/ImageFocusDetection/data/samples_labels/sample318_labels/sample318.csv
2026-04-27 16:58:13 [INFO] Removed 1 rows with label=-1 from: /Volumes/JIAYI/ImageFocusDetection/data/samples_labels/sample265_labels/sample265.csv
2026-04-27 16:58:13 [INFO] Removed 1 rows with label=-1 from: /Volumes/JIAYI/ImageFocusDetection/data/samples_labels/sample166_labels/sample166.csv
2026-04-27 16:58:13 [INFO] Removed 14 rows with label=-1 from: /Volumes/JIAYI/ImageFocusDetection/data/samples_labels/sample105_labels/sample105.csv
2026-04-27 16:58:13 [INFO] Removed 17 rows with label=-1 from: /Volumes/JIAYI/ImageFocusDetection/data/samples_labels/sample28_labels/sample28.csv
2026-04-27 16:58:13 [INFO] Removed 42 rows with label=-1 from: /Volumes/JIAYI/ImageFocusDetection/data/samples_labels/sample178_labels/sample178.csv
2026-04-27 16:58:13 [INFO] Removed 47 rows with label=-1 from: /Volumes/JIAYI/ImageFocusDetection/data/samples_labels/sample55_labels/sample55.csv
2026-04-27 16:58:13 [INFO] Removed 5 rows with label=-1 from: /Volumes/JIAYI/ImageFocusDetection/data/samples_labels/sample109_labels/sample109.csv
2026-04-27 16:58:13 [INFO] Removed 144 rows with label=-1 from: /Volumes/JIAYI/ImageFocusDetection/data/samples_labels/sample59_labels/sample59.csv
2026-04-27 16:58:13 [INFO] Removed 292 rows with label=-1 from: /Volumes/JIAYI/ImageFocusDetection/data/samples_labels/sample288_labels/sample288.csv
2026-04-27 16:58:13 [INFO] Removed 4 rows with label=-1 from: /Volumes/JIAYI/ImageFocusDetection/data/samples_labels/sample296_labels/sample296.csv
2026-04-27 16:58:13 [INFO] Removed 65 rows with label=-1 from: /Volumes/JIAYI/ImageFocusDetection/data/samples_labels/sample71_labels/sample71.csv
2026-04-27 16:58:13 [INFO] Removed 1 rows with label=-1 from: /Volumes/JIAYI/ImageFocusDetection/data/samples_labels/sample150_labels/sample150.csv
2026-04-27 16:58:13 [INFO] Removed 20 rows with label=-1 from: /Volumes/JIAYI/ImageFocusDetection/data/samples_labels/sample284_labels/sample284.csv
2026-04-27 16:58:13 [INFO] Removed 145 rows with label=-1 from: /Volumes/JIAYI/ImageFocusDetection/data/samples_labels/sample63_labels/sample63.csv
2026-04-27 16:58:13 [INFO] Removed 13 rows with label=-1 from: /Volumes/JIAYI/ImageFocusDetection/data/samples_labels/sample176_labels/sample176.csv
2026-04-27 16:58:13 [INFO] Removed 1 rows with label=-1 from: /Volumes/JIAYI/ImageFocusDetection/data/samples_labels/sample107_labels/sample107.csv
2026-04-27 16:58:13 [INFO] Removed 9 rows with label=-1 from: /Volumes/JIAYI/ImageFocusDetection/data/samples_labels/sample34_labels/sample34.csv
2026-04-27 16:58:13 [INFO] Removed 133 rows with label=-1 from: /Volumes/JIAYI/ImageFocusDetection/data/samples_labels/sample164_labels/sample164.csv
2026-04-27 16:58:13 [INFO] Removed 8 rows with label=-1 from: /Volumes/JIAYI/ImageFocusDetection/data/samples_labels/sample286_labels/sample286.csv
2026-04-27 16:58:13 [INFO] Removed 5 rows with label=-1 from: /Volumes/JIAYI/ImageFocusDetection/data/samples_labels/sample61_labels/sample61.csv
2026-04-27 16:58:13 [INFO] Removed 18 rows with label=-1 from: /Volumes/JIAYI/ImageFocusDetection/data/samples_labels/sample152_labels/sample152.csv
2026-04-27 16:58:13 [INFO] Removed 75 rows with label=-1 from: /Volumes/JIAYI/ImageFocusDetection/data/samples_labels/sample294_labels/sample294.csv
2026-04-27 16:58:13 [INFO] Removed 3 rows with label=-1 from: /Volumes/JIAYI/ImageFocusDetection/data/samples_labels/sample73_labels/sample73.csv
2026-04-27 16:58:13 [INFO] Removed 37 rows with label=-1 from: /Volumes/JIAYI/ImageFocusDetection/data/samples_labels/sample2_labels/sample2.csv
2026-04-27 16:58:13 [INFO] Removed 8 rows with label=-1 from: /Volumes/JIAYI/ImageFocusDetection/data/samples_labels/sample140_labels/sample140.csv
2026-04-27 16:58:13 [INFO] Removed 85 rows with label=-1 from: /Volumes/JIAYI/ImageFocusDetection/data/samples_labels/sample197_labels/sample197.csv
2026-04-27 16:58:13 [INFO] Removed 219 rows with label=-1 from: /Volumes/JIAYI/ImageFocusDetection/data/samples_labels/sample320_labels/sample320.csv
2026-04-27 16:58:13 [INFO] Removed 4 rows with label=-1 from: /Volumes/JIAYI/ImageFocusDetection/data/samples_labels/sample220_labels/sample220.csv
2026-04-27 16:58:13 [INFO] Removed 24 rows with label=-1 from: /Volumes/JIAYI/ImageFocusDetection/data/samples_labels/sample189_labels/sample189.csv
2026-04-27 16:58:13 [INFO] Removed 27 rows with label=-1 from: /Volumes/JIAYI/ImageFocusDetection/data/samples_labels/sample343_labels/sample343.csv
2026-04-27 16:58:13 [INFO] Removed 50 rows with label=-1 from: /Volumes/JIAYI/ImageFocusDetection/data/samples_labels/sample243_labels/sample243.csv
2026-04-27 16:58:13 [INFO] Removed 37 rows with label=-1 from: /Volumes/JIAYI/ImageFocusDetection/data/samples_labels/sample232_labels/sample232.csv
2026-04-27 16:58:13 [INFO] Removed 6 rows with label=-1 from: /Volumes/JIAYI/ImageFocusDetection/data/samples_labels/sample332_labels/sample332.csv
2026-04-27 16:58:13 [INFO] Removed 19 rows with label=-1 from: /Volumes/JIAYI/ImageFocusDetection/data/samples_labels/sample185_labels/sample185.csv
2026-04-27 16:58:13 [INFO] Removed 59 rows with label=-1 from: /Volumes/JIAYI/ImageFocusDetection/data/samples_labels/sample204_labels/sample204.csv
2026-04-27 16:58:13 [INFO] Removed 7 rows with label=-1 from: /Volumes/JIAYI/ImageFocusDetection/data/samples_labels/sample304_labels/sample304.csv
2026-04-27 16:58:13 [INFO] Removed 5 rows with label=-1 from: /Volumes/JIAYI/ImageFocusDetection/data/samples_labels/sample80_labels/sample80.csv
2026-04-27 16:58:13 [INFO] Removed 2 rows with label=-1 from: /Volumes/JIAYI/ImageFocusDetection/data/samples_labels/sample308_labels/sample308.csv
2026-04-27 16:58:13 [INFO] Removed 6 rows with label=-1 from: /Volumes/JIAYI/ImageFocusDetection/data/samples_labels/sample208_labels/sample208.csv
2026-04-27 16:58:13 [INFO] Removed 186 rows with label=-1 from: /Volumes/JIAYI/ImageFocusDetection/data/samples_labels/sample275_labels/sample275.csv
2026-04-27 16:58:13 [INFO] Removed 2 rows with label=-1 from: /Volumes/JIAYI/ImageFocusDetection/data/samples_labels/sample329_labels/sample329.csv
2026-04-27 16:58:13 [INFO] Removed 2 rows with label=-1 from: /Volumes/JIAYI/ImageFocusDetection/data/samples_labels/sample229_labels/sample229.csv
2026-04-27 16:58:13 [INFO] Removed 15 rows with label=-1 from: /Volumes/JIAYI/ImageFocusDetection/data/samples_labels/sample254_labels/sample254.csv
2026-04-27 16:58:13 [INFO] Removed 18 rows with label=-1 from: /Volumes/JIAYI/ImageFocusDetection/data/samples_labels/sample237_labels/sample237.csv
2026-04-27 16:58:13 [INFO] Removed 3 rows with label=-1 from: /Volumes/JIAYI/ImageFocusDetection/data/samples_labels/sample192_labels/sample192.csv
2026-04-27 16:58:13 [INFO] Removed 247 rows with label=-1 from: /Volumes/JIAYI/ImageFocusDetection/data/samples_labels/sample325_labels/sample325.csv
2026-04-27 16:58:13 [INFO] Removed 24 rows with label=-1 from: /Volumes/JIAYI/ImageFocusDetection/data/samples_labels/sample258_labels/sample258.csv
2026-04-27 16:58:13 [INFO] Removed 30 rows with label=-1 from: /Volumes/JIAYI/ImageFocusDetection/data/samples_labels/sample270_labels/sample270.csv
2026-04-27 16:58:13 [INFO] Removed 12 rows with label=-1 from: /Volumes/JIAYI/ImageFocusDetection/data/samples_labels/sample213_labels/sample213.csv
2026-04-27 16:58:13 [INFO] Removed 266 rows with label=-1 from: /Volumes/JIAYI/ImageFocusDetection/data/samples_labels/sample313_labels/sample313.csv
2026-04-27 16:58:13 [INFO] Removed 7 rows with label=-1 from: /Volumes/JIAYI/ImageFocusDetection/data/samples_labels/sample89_labels/sample89.csv
2026-04-27 16:58:13 [INFO] Removed 7 rows with label=-1 from: /Volumes/JIAYI/ImageFocusDetection/data/samples_labels/sample85_labels/sample85.csv
2026-04-27 16:58:13 [INFO] Removed 2 rows with label=-1 from: /Volumes/JIAYI/ImageFocusDetection/data/samples_labels/sample262_labels/sample262.csv
2026-04-27 16:58:13 [INFO] Removed 6 rows with label=-1 from: /Volumes/JIAYI/ImageFocusDetection/data/samples_labels/sample161_labels/sample161.csv
2026-04-27 16:58:13 [INFO] Removed 18 rows with label=-1 from: /Volumes/JIAYI/ImageFocusDetection/data/samples_labels/sample102_labels/sample102.csv
2026-04-27 16:58:13 [INFO] Removed 114 rows with label=-1 from: /Volumes/JIAYI/ImageFocusDetection/data/samples_labels/sample173_labels/sample173.csv
2026-04-27 16:58:13 [INFO] Removed 88 rows with label=-1 from: /Volumes/JIAYI/ImageFocusDetection/data/samples_labels/sample110_labels/sample110.csv
2026-04-27 16:58:13 [INFO] Removed 12 rows with label=-1 from: /Volumes/JIAYI/ImageFocusDetection/data/samples_labels/sample15_labels/sample15.csv
2026-04-27 16:58:13 [INFO] Removed 3 rows with label=-1 from: /Volumes/JIAYI/ImageFocusDetection/data/samples_labels/sample68_labels/sample68.csv
2026-04-27 16:58:13 [INFO] Removed 4 rows with label=-1 from: /Volumes/JIAYI/ImageFocusDetection/data/samples_labels/sample291_labels/sample291.csv
2026-04-27 16:58:13 [INFO] Removed 1 rows with label=-1 from: /Volumes/JIAYI/ImageFocusDetection/data/samples_labels/sample7_labels/sample7.csv
2026-04-27 16:58:13 [INFO] Removed 37 rows with label=-1 from: /Volumes/JIAYI/ImageFocusDetection/data/samples_labels/sample283_labels/sample283.csv
2026-04-27 16:58:13 [INFO] Removed 31 rows with label=-1 from: /Volumes/JIAYI/ImageFocusDetection/data/samples_labels/sample21_labels/sample21.csv
2026-04-27 16:58:13 [INFO] Removed 3 rows with label=-1 from: /Volumes/JIAYI/ImageFocusDetection/data/samples_labels/sample100_labels/sample100.csv
2026-04-27 16:58:13 [INFO] Removed 36 rows with label=-1 from: /Volumes/JIAYI/ImageFocusDetection/data/samples_labels/sample50_labels/sample50.csv
2026-04-27 16:58:13 [INFO] Removed 8 rows with label=-1 from: /Volumes/JIAYI/ImageFocusDetection/data/samples_labels/sample163_labels/sample163.csv
2026-04-27 16:58:13 [INFO] Removed 8 rows with label=-1 from: /Volumes/JIAYI/ImageFocusDetection/data/samples_labels/sample281_labels/sample281.csv
2026-04-27 16:58:13 [INFO] Removed 97 rows with label=-1 from: /Volumes/JIAYI/ImageFocusDetection/data/samples_labels/sample66_labels/sample66.csv
2026-04-27 16:58:13 [INFO] Removed 527 rows with label=-1 from: /Volumes/JIAYI/ImageFocusDetection/data/samples_labels/sample128_labels/sample128.csv
2026-04-27 16:58:13 [INFO] Removed 140 rows with label=-1 from: /Volumes/JIAYI/ImageFocusDetection/data/samples_labels/sample155_labels/sample155.csv
2026-04-27 16:58:13 [INFO] Removed 1 rows with label=-1 from: /Volumes/JIAYI/ImageFocusDetection/data/samples_labels/sample9_labels/sample9.csv
2026-04-27 16:58:13 [INFO] Removed 2 rows with label=-1 from: /Volumes/JIAYI/ImageFocusDetection/data/samples_labels/sample293_labels/sample293.csv
2026-04-27 16:58:13 [INFO] Removed 91 rows with label=-1 from: /Volumes/JIAYI/ImageFocusDetection/data/samples_labels/sample74_labels/sample74.csv
2026-04-27 16:58:13 [INFO] Removed 12 rows with label=-1 from: /Volumes/JIAYI/ImageFocusDetection/data/samples_labels/sample159_labels/sample159.csv
2026-04-27 16:58:13 [INFO] Removed 5 rows with label=-1 from: /Volumes/JIAYI/ImageFocusDetection/data/samples_labels/sample227_labels/sample227.csv
2026-04-27 16:58:13 [INFO] Removed 1 rows with label=-1 from: /Volumes/JIAYI/ImageFocusDetection/data/samples_labels/sample239_labels/sample239.csv
2026-04-27 16:58:13 [INFO] Removed 2 rows with label=-1 from: /Volumes/JIAYI/ImageFocusDetection/data/samples_labels/sample339_labels/sample339.csv
2026-04-27 16:58:13 [INFO] Removed 1 rows with label=-1 from: /Volumes/JIAYI/ImageFocusDetection/data/samples_labels/sample244_labels/sample244.csv
2026-04-27 16:58:13 [INFO] Removed 233 rows with label=-1 from: /Volumes/JIAYI/ImageFocusDetection/data/samples_labels/sample344_labels/sample344.csv
2026-04-27 16:58:13 [INFO] Removed 5 rows with label=-1 from: /Volumes/JIAYI/ImageFocusDetection/data/samples_labels/sample335_labels/sample335.csv
2026-04-27 16:58:13 [INFO] Removed 85 rows with label=-1 from: /Volumes/JIAYI/ImageFocusDetection/data/samples_labels/sample348_labels/sample348.csv
2026-04-27 16:58:13 [INFO] Removed 15 rows with label=-1 from: /Volumes/JIAYI/ImageFocusDetection/data/samples_labels/sample87_labels/sample87.csv
2026-04-27 16:58:13 [INFO] Removed 15 rows with label=-1 from: /Volumes/JIAYI/ImageFocusDetection/data/samples_labels/sample95_labels/sample95.csv
2026-04-27 16:58:13 [INFO] Removed 46 rows with label=-1 from: /Volumes/JIAYI/ImageFocusDetection/data/samples_labels/sample272_labels/sample272.csv
2026-04-27 16:58:13 [INFO] Removed 366 rows with label=-1 from: /Volumes/JIAYI/ImageFocusDetection/data/samples_labels/sample1_labels/sample1.csv
2026-04-27 16:58:13 [INFO] Removed 33 rows with label=-1 from: /Volumes/JIAYI/ImageFocusDetection/data/samples_labels/sample297_labels/sample297.csv
2026-04-27 16:58:13 [INFO] Removed 7 rows with label=-1 from: /Volumes/JIAYI/ImageFocusDetection/data/samples_labels/sample143_labels/sample143.csv
2026-04-27 16:58:13 [INFO] Removed 6 rows with label=-1 from: /Volumes/JIAYI/ImageFocusDetection/data/samples_labels/sample289_labels/sample289.csv
2026-04-27 16:58:14 [INFO] Removed 56 rows with label=-1 from: /Volumes/JIAYI/ImageFocusDetection/data/samples_labels/sample13_labels/sample13.csv
2026-04-27 16:58:14 [INFO] Removed 12 rows with label=-1 from: /Volumes/JIAYI/ImageFocusDetection/data/samples_labels/sample132_labels/sample132.csv
2026-04-27 16:58:14 [INFO] Removed 160 rows with label=-1 from: /Volumes/JIAYI/ImageFocusDetection/data/samples_labels/sample285_labels/sample285.csv
2026-04-27 16:58:14 [INFO] Removed 36 rows with label=-1 from: /Volumes/JIAYI/ImageFocusDetection/data/samples_labels/sample104_labels/sample104.csv
2026-04-27 16:58:14 [INFO] Removed 19 rows with label=-1 from: /Volumes/JIAYI/ImageFocusDetection/data/samples_labels/sample29_labels/sample29.csv
2026-04-27 16:58:14 [INFO] Removed 3 rows with label=-1 from: /Volumes/JIAYI/ImageFocusDetection/data/samples_labels/sample37_labels/sample37.csv
2026-04-27 16:58:14 [INFO] Removed 1 rows with label=-1 from: /Volumes/JIAYI/ImageFocusDetection/data/samples_labels/sample116_labels/sample116.csv
2026-04-27 16:58:14 [INFO] Removed 92 rows with label=-1 from: /Volumes/JIAYI/ImageFocusDetection/data/samples_labels/sample175_labels/sample175.csv
2026-04-27 16:58:14 [INFO] Removed 13 rows with label=-1 from: /Volumes/JIAYI/ImageFocusDetection/data/samples_labels/sample108_labels/sample108.csv
2026-04-27 16:58:14 [INFO] Removed 54 rows with label=-1 from: /Volumes/JIAYI/ImageFocusDetection/data/samples_labels/sample268_labels/sample268.csv
2026-04-27 16:58:14 [INFO] Removed 14 rows with label=-1 from: /Volumes/JIAYI/ImageFocusDetection/data/samples_labels/sample215_labels/sample215.csv
2026-04-27 16:58:14 [INFO] Removed 1 rows with label=-1 from: /Volumes/JIAYI/ImageFocusDetection/data/samples_labels/sample315_labels/sample315.csv
2026-04-27 16:58:14 [INFO] Removed 46 rows with label=-1 from: /Volumes/JIAYI/ImageFocusDetection/data/samples_labels/sample276_labels/sample276.csv
2026-04-27 16:58:14 [INFO] Removed 7 rows with label=-1 from: /Volumes/JIAYI/ImageFocusDetection/data/samples_labels/sample307_labels/sample307.csv
2026-04-27 16:58:14 [INFO] Removed 4 rows with label=-1 from: /Volumes/JIAYI/ImageFocusDetection/data/samples_labels/sample264_labels/sample264.csv
2026-04-27 16:58:14 [INFO] Removed 183 rows with label=-1 from: /Volumes/JIAYI/ImageFocusDetection/data/samples_labels/sample319_labels/sample319.csv
2026-04-27 16:58:14 [INFO] Removed 186 rows with label=-1 from: /Volumes/JIAYI/ImageFocusDetection/data/samples_labels/sample219_labels/sample219.csv
2026-04-27 16:58:14 [INFO] Removed 391 rows with label=-1 from: /Volumes/JIAYI/ImageFocusDetection/data/samples_labels/sample231_labels/sample231.csv
2026-04-27 16:58:14 [INFO] Removed 366 rows with label=-1 from: /Volumes/JIAYI/ImageFocusDetection/data/samples_labels/sample252_labels/sample252.csv
2026-04-27 16:58:14 [INFO] Removed 312 rows with label=-1 from: /Volumes/JIAYI/ImageFocusDetection/data/samples_labels/sample198_labels/sample198.csv
2026-04-27 16:58:14 [INFO] Removed 82 rows with label=-1 from: /Volumes/JIAYI/ImageFocusDetection/data/samples_labels/sample223_labels/sample223.csv
2026-04-27 16:58:14 [INFO] Removed 93 rows with label=-1 from: /Volumes/JIAYI/ImageFocusDetection/data/samples_labels/sample194_labels/sample194.csv
2026-04-27 16:58:14 [INFO] Removed 39 rows with label=-1 from: /Volumes/JIAYI/ImageFocusDetection/data/samples_labels/sample323_labels/sample323.csv
2026-04-27 16:58:14 [INFO] Removed 30 rows with label=-1 from: /Volumes/JIAYI/ImageFocusDetection/data/samples_labels/sample240_labels/sample240.csv
2026-04-27 16:58:14 [INFO] Removed 2 rows with label=-1 from: /Volumes/JIAYI/ImageFocusDetection/data/samples_labels/sample340_labels/sample340.csv
2026-04-27 16:58:14 [INFO] Removed 7 rows with label=-1 from: /Volumes/JIAYI/ImageFocusDetection/data/samples_labels/sample81_labels/sample81.csv
2026-04-27 16:58:14 [INFO] Removed 33 rows with label=-1 from: /Volumes/JIAYI/ImageFocusDetection/data/samples_labels/sample278_labels/sample278.csv
2026-04-27 16:58:14 [INFO] Removed 8 rows with label=-1 from: /Volumes/JIAYI/ImageFocusDetection/data/samples_labels/sample305_labels/sample305.csv
2026-04-27 16:58:14 [INFO] Removed 4 rows with label=-1 from: /Volumes/JIAYI/ImageFocusDetection/data/samples_labels/sample274_labels/sample274.csv
2026-04-27 16:58:14 [INFO] Removed 27 rows with label=-1 from: /Volumes/JIAYI/ImageFocusDetection/data/samples_labels/sample209_labels/sample209.csv
2026-04-27 16:58:14 [INFO] Removed 5 rows with label=-1 from: /Volumes/JIAYI/ImageFocusDetection/data/samples_labels/sample309_labels/sample309.csv
2026-04-27 16:58:14 [INFO] Removed 212 rows with label=-1 from: /Volumes/JIAYI/ImageFocusDetection/data/samples_labels/sample217_labels/sample217.csv
2026-04-27 16:58:14 [INFO] Removed 54 rows with label=-1 from: /Volumes/JIAYI/ImageFocusDetection/data/samples_labels/sample242_labels/sample242.csv
2026-04-27 16:58:14 [INFO] Removed 153 rows with label=-1 from: /Volumes/JIAYI/ImageFocusDetection/data/samples_labels/sample342_labels/sample342.csv
2026-04-27 16:58:14 [INFO] Removed 16 rows with label=-1 from: /Volumes/JIAYI/ImageFocusDetection/data/samples_labels/sample188_labels/sample188.csv
2026-04-27 16:58:14 [INFO] Removed 136 rows with label=-1 from: /Volumes/JIAYI/ImageFocusDetection/data/samples_labels/sample221_labels/sample221.csv
2026-04-27 16:58:14 [INFO] Removed 27 rows with label=-1 from: /Volumes/JIAYI/ImageFocusDetection/data/samples_labels/sample196_labels/sample196.csv
2026-04-27 16:58:14 [INFO] Removed 20 rows with label=-1 from: /Volumes/JIAYI/ImageFocusDetection/data/samples_labels/sample350_labels/sample350.csv
2026-04-27 16:58:14 [INFO] Removed 5 rows with label=-1 from: /Volumes/JIAYI/ImageFocusDetection/data/samples_labels/sample333_labels/sample333.csv
2026-04-27 16:58:14 [INFO] Removed 143 rows with label=-1 from: /Volumes/JIAYI/ImageFocusDetection/data/samples_labels/sample233_labels/sample233.csv
2026-04-27 16:58:14 [INFO] Removed 7 rows with label=-1 from: /Volumes/JIAYI/ImageFocusDetection/data/samples_labels/sample299_labels/sample299.csv
2026-04-27 16:58:14 [INFO] Removed 7 rows with label=-1 from: /Volumes/JIAYI/ImageFocusDetection/data/samples_labels/sample287_labels/sample287.csv
2026-04-27 16:58:14 [INFO] Removed 154 rows with label=-1 from: /Volumes/JIAYI/ImageFocusDetection/data/samples_labels/sample72_labels/sample72.csv
2026-04-27 16:58:14 [INFO] Removed 3 rows with label=-1 from: /Volumes/JIAYI/ImageFocusDetection/data/samples_labels/sample3_labels/sample3.csv
2026-04-27 16:58:14 [INFO] Removed 12 rows with label=-1 from: /Volumes/JIAYI/ImageFocusDetection/data/samples_labels/sample295_labels/sample295.csv
2026-04-27 16:58:14 [INFO] Removed 2 rows with label=-1 from: /Volumes/JIAYI/ImageFocusDetection/data/samples_labels/sample177_labels/sample177.csv
2026-04-27 16:58:14 [INFO] Removed 56 rows with label=-1 from: /Volumes/JIAYI/ImageFocusDetection/data/samples_labels/sample169_labels/sample169.csv
2026-04-27 16:58:14 [INFO] Removed 170 rows with label=-1 from: /Volumes/JIAYI/ImageFocusDetection/data/samples_labels/sample114_labels/sample114.csv
2026-04-27 16:58:14 [INFO] Removed 9 rows with label=-1 from: /Volumes/JIAYI/ImageFocusDetection/data/samples_labels/sample165_labels/sample165.csv
2026-04-27 16:58:14 [INFO] Removed 16 rows with label=-1 from: /Volumes/JIAYI/ImageFocusDetection/data/samples_labels/sample118_labels/sample118.csv
2026-04-27 16:58:14 [INFO] Removed 9 rows with label=-1 from: /Volumes/JIAYI/ImageFocusDetection/data/samples_labels/sample35_labels/sample35.csv
2026-04-27 16:58:14 [INFO] Removed 13 rows with label=-1 from: /Volumes/JIAYI/ImageFocusDetection/data/samples_labels/sample106_labels/sample106.csv
2026-04-27 16:58:15 [INFO] Merged CSV saved: /Volumes/JIAYI/ImageFocusDetection/data/samples_labels/merged_samples_labels.csv
2026-04-27 16:58:25 [INFO] Deleted existing model folder: /Volumes/JIAYI/ImageFocusDetection/src/training/model_save
2026-04-27 16:58:25 [INFO] [CNN] Detected classes: [0, 1], num_classes=2
2026-04-27 16:58:25 [INFO] ==== Device & Training Configuration ====
2026-04-27 16:58:25 [INFO] MPS Device detected
2026-04-27 16:58:25 [INFO] Using device: mps, AMP enabled: False
2026-04-27 16:58:25 [INFO] Batch size: 128, num_workers: 5
2026-04-27 16:58:25 [INFO] ========================================
2026-04-27 16:58:25 [INFO] [LMDB] Removed existing cache: /Volumes/JIAYI/ImageFocusDetection/data/samples_labels/patches_ps32.lmdb
2026-04-27 16:58:25 [INFO] [LMDB] Removed existing lock: /Volumes/JIAYI/ImageFocusDetection/data/samples_labels/patches_ps32.lmdb-lock
2026-04-27 16:58:25 [INFO] [LMDB] Building cache: /Volumes/JIAYI/ImageFocusDetection/data/samples_labels/patches_ps32.lmdb
2026-04-27 16:58:28 [INFO] [LMDB] Processed 10000/638153
2026-04-27 16:58:30 [INFO] [LMDB] Processed 20000/638153
2026-04-27 16:58:33 [INFO] [LMDB] Processed 30000/638153
2026-04-27 16:58:35 [INFO] [LMDB] Processed 40000/638153
2026-04-27 16:58:38 [INFO] [LMDB] Processed 50000/638153
2026-04-27 16:58:41 [INFO] [LMDB] Processed 60000/638153
2026-04-27 16:58:43 [INFO] [LMDB] Processed 70000/638153
2026-04-27 16:58:46 [INFO] [LMDB] Processed 80000/638153
2026-04-27 16:58:48 [INFO] [LMDB] Processed 90000/638153
2026-04-27 16:58:50 [INFO] [LMDB] Processed 100000/638153
2026-04-27 16:58:53 [INFO] [LMDB] Processed 110000/638153
2026-04-27 16:58:55 [INFO] [LMDB] Processed 120000/638153
2026-04-27 16:58:58 [INFO] [LMDB] Processed 130000/638153
2026-04-27 16:59:00 [INFO] [LMDB] Processed 140000/638153
2026-04-27 16:59:03 [INFO] [LMDB] Processed 150000/638153
2026-04-27 16:59:05 [INFO] [LMDB] Processed 160000/638153
2026-04-27 16:59:08 [INFO] [LMDB] Processed 170000/638153
2026-04-27 16:59:11 [INFO] [LMDB] Processed 180000/638153
2026-04-27 16:59:13 [INFO] [LMDB] Processed 190000/638153
2026-04-27 16:59:16 [INFO] [LMDB] Processed 200000/638153
2026-04-27 16:59:18 [INFO] [LMDB] Processed 210000/638153
2026-04-27 16:59:21 [INFO] [LMDB] Processed 220000/638153
2026-04-27 16:59:23 [INFO] [LMDB] Processed 230000/638153
2026-04-27 16:59:26 [INFO] [LMDB] Processed 240000/638153
2026-04-27 16:59:28 [INFO] [LMDB] Processed 250000/638153
2026-04-27 16:59:30 [INFO] [LMDB] Processed 260000/638153
2026-04-27 16:59:33 [INFO] [LMDB] Processed 270000/638153
2026-04-27 16:59:35 [INFO] [LMDB] Processed 280000/638153
2026-04-27 16:59:38 [INFO] [LMDB] Processed 290000/638153
2026-04-27 16:59:40 [INFO] [LMDB] Processed 300000/638153
2026-04-27 16:59:43 [INFO] [LMDB] Processed 310000/638153
2026-04-27 16:59:46 [INFO] [LMDB] Processed 320000/638153
2026-04-27 16:59:48 [INFO] [LMDB] Processed 330000/638153
2026-04-27 16:59:51 [INFO] [LMDB] Processed 340000/638153
2026-04-27 16:59:54 [INFO] [LMDB] Processed 350000/638153
2026-04-27 16:59:56 [INFO] [LMDB] Processed 360000/638153
2026-04-27 16:59:59 [INFO] [LMDB] Processed 370000/638153
2026-04-27 17:00:02 [INFO] [LMDB] Processed 380000/638153
2026-04-27 17:00:05 [INFO] [LMDB] Processed 390000/638153
2026-04-27 17:00:07 [INFO] [LMDB] Processed 400000/638153
2026-04-27 17:00:10 [INFO] [LMDB] Processed 410000/638153
2026-04-27 17:00:12 [INFO] [LMDB] Processed 420000/638153
2026-04-27 17:00:14 [INFO] [LMDB] Processed 430000/638153
2026-04-27 17:00:17 [INFO] [LMDB] Processed 440000/638153
2026-04-27 17:00:20 [INFO] [LMDB] Processed 450000/638153
2026-04-27 17:00:22 [INFO] [LMDB] Processed 460000/638153
2026-04-27 17:00:25 [INFO] [LMDB] Processed 470000/638153
2026-04-27 17:00:28 [INFO] [LMDB] Processed 480000/638153
2026-04-27 17:00:30 [INFO] [LMDB] Processed 490000/638153
2026-04-27 17:00:33 [INFO] [LMDB] Processed 500000/638153
2026-04-27 17:00:36 [INFO] [LMDB] Processed 510000/638153
2026-04-27 17:00:39 [INFO] [LMDB] Processed 520000/638153
2026-04-27 17:00:41 [INFO] [LMDB] Processed 530000/638153
2026-04-27 17:00:44 [INFO] [LMDB] Processed 540000/638153
2026-04-27 17:00:47 [INFO] [LMDB] Processed 550000/638153
2026-04-27 17:00:49 [INFO] [LMDB] Processed 560000/638153
2026-04-27 17:00:52 [INFO] [LMDB] Processed 570000/638153
2026-04-27 17:00:54 [INFO] [LMDB] Processed 580000/638153
2026-04-27 17:00:57 [INFO] [LMDB] Processed 590000/638153
2026-04-27 17:00:59 [INFO] [LMDB] Processed 600000/638153
2026-04-27 17:01:02 [INFO] [LMDB] Processed 610000/638153
2026-04-27 17:01:05 [INFO] [LMDB] Processed 620000/638153
2026-04-27 17:01:08 [INFO] [LMDB] Processed 630000/638153
2026-04-27 17:01:10 [INFO] [LMDB] Build done in 164.64s
2026-04-27 17:01:10 [INFO] [CNN] Using LMDB dataset: /Volumes/JIAYI/ImageFocusDetection/data/samples_labels/patches_ps32.lmdb
2026-04-27 17:01:10 [INFO] [CNN] Weighted sampler disabled.
2026-04-27 17:01:10 [INFO] [CNN] Class counts: [578212, 59941]
2026-04-27 17:01:10 [INFO] [CNN] Class weights: [0.551800012588501, 5.323200225830078]
2026-04-27 17:01:10 [INFO] [CNN] Start training ...
2026-04-27 17:01:35 [INFO] Epoch 1/50, Loss: 553.4204
2026-04-27 17:01:58 [INFO] Epoch 2/50, Loss: 331.0824
2026-04-27 17:02:21 [INFO] Epoch 3/50, Loss: 280.5711
2026-04-27 17:02:43 [INFO] Epoch 4/50, Loss: 249.7161
2026-04-27 17:03:06 [INFO] Epoch 5/50, Loss: 242.7907
2026-04-27 17:03:29 [INFO] Epoch 6/50, Loss: 229.7404
2026-04-27 17:03:52 [INFO] Epoch 7/50, Loss: 219.7448
2026-04-27 17:04:15 [INFO] Epoch 8/50, Loss: 207.7128
2026-04-27 17:04:37 [INFO] Epoch 9/50, Loss: 203.9472
2026-04-27 17:05:00 [INFO] Epoch 10/50, Loss: 197.3924
2026-04-27 17:05:23 [INFO] Epoch 11/50, Loss: 200.6698
2026-04-27 17:05:46 [INFO] Epoch 12/50, Loss: 194.3645
2026-04-27 17:06:08 [INFO] Epoch 13/50, Loss: 187.4326
2026-04-27 17:06:31 [INFO] Epoch 14/50, Loss: 183.5730
2026-04-27 17:06:54 [INFO] Epoch 15/50, Loss: 181.9798
2026-04-27 17:07:17 [INFO] Epoch 16/50, Loss: 179.3221
2026-04-27 17:07:39 [INFO] Epoch 17/50, Loss: 176.4662
2026-04-27 17:08:02 [INFO] Epoch 18/50, Loss: 176.3765
2026-04-27 17:08:25 [INFO] Epoch 19/50, Loss: 173.8947
2026-04-27 17:08:48 [INFO] Epoch 20/50, Loss: 174.0933
2026-04-27 17:09:10 [INFO] Epoch 21/50, Loss: 173.3074
2026-04-27 17:09:33 [INFO] Epoch 22/50, Loss: 170.4865
2026-04-27 17:09:56 [INFO] Epoch 23/50, Loss: 169.3056
2026-04-27 17:10:19 [INFO] Epoch 24/50, Loss: 167.1511
2026-04-27 17:10:42 [INFO] Epoch 25/50, Loss: 167.7817
2026-04-27 17:11:04 [INFO] Epoch 26/50, Loss: 164.1624
2026-04-27 17:11:27 [INFO] Epoch 27/50, Loss: 165.3838
2026-04-27 17:11:50 [INFO] Epoch 28/50, Loss: 164.8317
2026-04-27 17:12:12 [INFO] Epoch 29/50, Loss: 164.4425
2026-04-27 17:12:35 [INFO] Epoch 30/50, Loss: 162.9519
2026-04-27 17:12:58 [INFO] Epoch 31/50, Loss: 163.9697
2026-04-27 17:13:21 [INFO] Epoch 32/50, Loss: 161.3177
2026-04-27 17:13:43 [INFO] Epoch 33/50, Loss: 160.9952
2026-04-27 17:14:06 [INFO] Epoch 34/50, Loss: 160.8885
2026-04-27 17:14:29 [INFO] Epoch 35/50, Loss: 157.0630
2026-04-27 17:14:52 [INFO] Epoch 36/50, Loss: 159.0398
2026-04-27 17:15:15 [INFO] Epoch 37/50, Loss: 160.1669
2026-04-27 17:15:37 [INFO] Epoch 38/50, Loss: 158.0138
2026-04-27 17:16:00 [INFO] Epoch 39/50, Loss: 158.2449
2026-04-27 17:16:23 [INFO] Epoch 40/50, Loss: 155.5319
2026-04-27 17:16:46 [INFO] Epoch 41/50, Loss: 156.7408
2026-04-27 17:17:08 [INFO] Epoch 42/50, Loss: 155.1970
2026-04-27 17:17:31 [INFO] Epoch 43/50, Loss: 159.9417
2026-04-27 17:17:54 [INFO] Epoch 44/50, Loss: 157.1226
2026-04-27 17:18:17 [INFO] Epoch 45/50, Loss: 154.7428
2026-04-27 17:18:40 [INFO] Epoch 46/50, Loss: 155.2176
2026-04-27 17:19:02 [INFO] Epoch 47/50, Loss: 152.9188
2026-04-27 17:19:25 [INFO] Epoch 48/50, Loss: 153.9590
2026-04-27 17:19:48 [INFO] Epoch 49/50, Loss: 154.4249
2026-04-27 17:20:11 [INFO] Epoch 50/50, Loss: 153.2134
2026-04-27 17:20:11 [INFO] [CNN] Training time: 1140.89 seconds
2026-04-27 17:20:11 [INFO] Selected models saved to: /Volumes/JIAYI/ImageFocusDetection/src/training/model_save
2026-04-27 17:20:11 [INFO] Model artifacts directory: /Volumes/JIAYI/ImageFocusDetection/src/training/model_save
2026-04-27 17:20:11 [INFO] Artifact: cnn_model.pth | modified_at=2026-04-27 17:20:11
2026-04-27 17:20:11 [INFO] === Step 3: Evaluate ===
2026-04-27 17:20:11 [INFO] Deleted existing merged CSV: /Volumes/JIAYI/ImageFocusDetection/data/valid_samples_labels/merged_valid_samples_labels.csv
2026-04-27 17:20:11 [INFO] Removed 80 rows with label=-1 from: /Volumes/JIAYI/ImageFocusDetection/data/valid_samples_labels/valid_sample50_labels/valid_sample50.csv
2026-04-27 17:20:11 [INFO] Removed 12 rows with label=-1 from: /Volumes/JIAYI/ImageFocusDetection/data/valid_samples_labels/valid_sample21_labels/valid_sample21.csv
2026-04-27 17:20:11 [INFO] Removed 2 rows with label=-1 from: /Volumes/JIAYI/ImageFocusDetection/data/valid_samples_labels/valid_sample74_labels/valid_sample74.csv
2026-04-27 17:20:36 [INFO] Removed 6 rows with label=-1 from: /Volumes/JIAYI/ImageFocusDetection/data/valid_samples_labels/valid_sample23_labels/valid_sample23.csv
2026-04-27 17:20:36 [INFO] Removed 27 rows with label=-1 from: /Volumes/JIAYI/ImageFocusDetection/data/valid_samples_labels/valid_sample40_labels/valid_sample40.csv
2026-04-27 17:20:36 [INFO] Removed 103 rows with label=-1 from: /Volumes/JIAYI/ImageFocusDetection/data/valid_samples_labels/valid_sample31_labels/valid_sample31.csv
2026-04-27 17:20:36 [INFO] Removed 11 rows with label=-1 from: /Volumes/JIAYI/ImageFocusDetection/data/valid_samples_labels/valid_sample52_labels/valid_sample52.csv
2026-04-27 17:20:36 [INFO] Removed 104 rows with label=-1 from: /Volumes/JIAYI/ImageFocusDetection/data/valid_samples_labels/valid_sample64_labels/valid_sample64.csv
2026-04-27 17:20:36 [INFO] Removed 1 rows with label=-1 from: /Volumes/JIAYI/ImageFocusDetection/data/valid_samples_labels/valid_sample68_labels/valid_sample68.csv
2026-04-27 17:20:36 [INFO] Removed 20 rows with label=-1 from: /Volumes/JIAYI/ImageFocusDetection/data/valid_samples_labels/valid_sample15_labels/valid_sample15.csv
2026-04-27 17:20:36 [INFO] Removed 51 rows with label=-1 from: /Volumes/JIAYI/ImageFocusDetection/data/valid_samples_labels/valid_sample11_labels/valid_sample11.csv
2026-04-27 17:20:36 [INFO] Removed 31 rows with label=-1 from: /Volumes/JIAYI/ImageFocusDetection/data/valid_samples_labels/valid_sample3_labels/valid_sample3.csv
2026-04-27 17:20:36 [INFO] Removed 36 rows with label=-1 from: /Volumes/JIAYI/ImageFocusDetection/data/valid_samples_labels/valid_sample56_labels/valid_sample56.csv
2026-04-27 17:20:36 [INFO] Removed 262 rows with label=-1 from: /Volumes/JIAYI/ImageFocusDetection/data/valid_samples_labels/valid_sample44_labels/valid_sample44.csv
2026-04-27 17:20:36 [INFO] Removed 2 rows with label=-1 from: /Volumes/JIAYI/ImageFocusDetection/data/valid_samples_labels/valid_sample62_labels/valid_sample62.csv
2026-04-27 17:20:36 [INFO] Removed 3 rows with label=-1 from: /Volumes/JIAYI/ImageFocusDetection/data/valid_samples_labels/valid_sample70_labels/valid_sample70.csv
2026-04-27 17:20:36 [INFO] Removed 5 rows with label=-1 from: /Volumes/JIAYI/ImageFocusDetection/data/valid_samples_labels/valid_sample1_labels/valid_sample1.csv
2026-04-27 17:20:36 [INFO] Removed 26 rows with label=-1 from: /Volumes/JIAYI/ImageFocusDetection/data/valid_samples_labels/valid_sample46_labels/valid_sample46.csv
2026-04-27 17:20:36 [INFO] Removed 1 rows with label=-1 from: /Volumes/JIAYI/ImageFocusDetection/data/valid_samples_labels/valid_sample25_labels/valid_sample25.csv
2026-04-27 17:20:36 [INFO] Removed 3 rows with label=-1 from: /Volumes/JIAYI/ImageFocusDetection/data/valid_samples_labels/valid_sample29_labels/valid_sample29.csv
2026-04-27 17:20:36 [INFO] Removed 1 rows with label=-1 from: /Volumes/JIAYI/ImageFocusDetection/data/valid_samples_labels/valid_sample54_labels/valid_sample54.csv
2026-04-27 17:20:36 [INFO] Removed 5 rows with label=-1 from: /Volumes/JIAYI/ImageFocusDetection/data/valid_samples_labels/valid_sample4_labels/valid_sample4.csv
2026-04-27 17:20:36 [INFO] Removed 10 rows with label=-1 from: /Volumes/JIAYI/ImageFocusDetection/data/valid_samples_labels/valid_sample43_labels/valid_sample43.csv
2026-04-27 17:20:36 [INFO] Removed 103 rows with label=-1 from: /Volumes/JIAYI/ImageFocusDetection/data/valid_samples_labels/valid_sample18_labels/valid_sample18.csv
2026-04-27 17:20:36 [INFO] Removed 11 rows with label=-1 from: /Volumes/JIAYI/ImageFocusDetection/data/valid_samples_labels/valid_sample65_labels/valid_sample65.csv
2026-04-27 17:20:36 [INFO] Removed 6 rows with label=-1 from: /Volumes/JIAYI/ImageFocusDetection/data/valid_samples_labels/valid_sample41_labels/valid_sample41.csv
2026-04-27 17:20:36 [INFO] Removed 2 rows with label=-1 from: /Volumes/JIAYI/ImageFocusDetection/data/valid_samples_labels/valid_sample49_labels/valid_sample49.csv
2026-04-27 17:20:36 [INFO] Removed 81 rows with label=-1 from: /Volumes/JIAYI/ImageFocusDetection/data/valid_samples_labels/valid_sample45_labels/valid_sample45.csv
2026-04-27 17:20:36 [INFO] Removed 1 rows with label=-1 from: /Volumes/JIAYI/ImageFocusDetection/data/valid_samples_labels/valid_sample2_labels/valid_sample2.csv
2026-04-27 17:20:36 [INFO] Removed 2 rows with label=-1 from: /Volumes/JIAYI/ImageFocusDetection/data/valid_samples_labels/valid_sample55_labels/valid_sample55.csv
2026-04-27 17:20:36 [INFO] Removed 2 rows with label=-1 from: /Volumes/JIAYI/ImageFocusDetection/data/valid_samples_labels/valid_sample28_labels/valid_sample28.csv
2026-04-27 17:20:36 [INFO] Removed 156 rows with label=-1 from: /Volumes/JIAYI/ImageFocusDetection/data/valid_samples_labels/valid_sample12_labels/valid_sample12.csv
2026-04-27 17:20:36 [INFO] Removed 34 rows with label=-1 from: /Volumes/JIAYI/ImageFocusDetection/data/valid_samples_labels/valid_sample71_labels/valid_sample71.csv
2026-04-27 17:20:36 [INFO] Merged CSV saved: /Volumes/JIAYI/ImageFocusDetection/data/valid_samples_labels/merged_valid_samples_labels.csv
2026-04-27 17:21:35 [INFO] [CNN] Using class1_threshold=0.5000 for binary prediction.
2026-04-27 17:22:08 [INFO] ========== CNN ==========
2026-04-27 17:22:08 [INFO] Accuracy: 0.9648
2026-04-27 17:22:08 [INFO] Classification Report:

2026-04-27 17:22:08 [INFO]                precision    recall  f1-score   support

2026-04-27 17:22:08 [INFO]            0       0.96      1.00      0.98    121405
2026-04-27 17:22:08 [INFO]            1       1.00      0.67      0.81     14665

2026-04-27 17:22:08 [INFO]     accuracy                           0.96    136070
2026-04-27 17:22:08 [INFO]    macro avg       0.98      0.84      0.89    136070
2026-04-27 17:22:08 [INFO] weighted avg       0.97      0.96      0.96    136070

2026-04-27 17:22:08 [INFO] Confusion Matrix:

2026-04-27 17:22:08 [INFO]  [[121390     15]
2026-04-27 17:22:08 [INFO]  [  4770   9895]]
2026-04-27 17:22:18 [INFO] [CNN] Evaluate overlays saved under: /Volumes/JIAYI/ImageFocusDetection/logs/_evaluate_cache
2026-04-27 17:22:18 [INFO] === Run 5/5 | models.cnn.epochs=60 ===
2026-04-27 17:22:18 [INFO] Evaluate output tag: CNN_epochs_60
2026-04-27 17:22:18 [INFO] Enabled models: cnn
2026-04-27 17:22:18 [INFO] === Step 2: Training ===
2026-04-27 17:22:18 [INFO] Deleted existing merged CSV: /Volumes/JIAYI/ImageFocusDetection/data/samples_labels/merged_samples_labels.csv
2026-04-27 17:22:19 [INFO] Removed 162 rows with label=-1 from: /Volumes/JIAYI/ImageFocusDetection/data/samples_labels/sample6_labels/sample6.csv
2026-04-27 17:22:19 [INFO] Removed 2 rows with label=-1 from: /Volumes/JIAYI/ImageFocusDetection/data/samples_labels/sample69_labels/sample69.csv
2026-04-27 17:22:19 [INFO] Removed 1 rows with label=-1 from: /Volumes/JIAYI/ImageFocusDetection/data/samples_labels/sample144_labels/sample144.csv
2026-04-27 17:22:19 [INFO] Removed 28 rows with label=-1 from: /Volumes/JIAYI/ImageFocusDetection/data/samples_labels/sample14_labels/sample14.csv
2026-04-27 17:22:19 [INFO] Removed 99 rows with label=-1 from: /Volumes/JIAYI/ImageFocusDetection/data/samples_labels/sample65_labels/sample65.csv
2026-04-27 17:22:19 [INFO] Removed 11 rows with label=-1 from: /Volumes/JIAYI/ImageFocusDetection/data/samples_labels/sample148_labels/sample148.csv
2026-04-27 17:22:19 [INFO] Removed 30 rows with label=-1 from: /Volumes/JIAYI/ImageFocusDetection/data/samples_labels/sample282_labels/sample282.csv
2026-04-27 17:22:19 [INFO] Removed 68 rows with label=-1 from: /Volumes/JIAYI/ImageFocusDetection/data/samples_labels/sample30_labels/sample30.csv
2026-04-27 17:22:19 [INFO] Removed 6 rows with label=-1 from: /Volumes/JIAYI/ImageFocusDetection/data/samples_labels/sample111_labels/sample111.csv
2026-04-27 17:22:19 [INFO] Removed 74 rows with label=-1 from: /Volumes/JIAYI/ImageFocusDetection/data/samples_labels/sample172_labels/sample172.csv
2026-04-27 17:22:19 [INFO] Removed 1 rows with label=-1 from: /Volumes/JIAYI/ImageFocusDetection/data/samples_labels/sample22_labels/sample22.csv
2026-04-27 17:22:19 [INFO] Removed 26 rows with label=-1 from: /Volumes/JIAYI/ImageFocusDetection/data/samples_labels/sample212_labels/sample212.csv
2026-04-27 17:22:19 [INFO] Removed 2 rows with label=-1 from: /Volumes/JIAYI/ImageFocusDetection/data/samples_labels/sample300_labels/sample300.csv
2026-04-27 17:22:19 [INFO] Removed 2 rows with label=-1 from: /Volumes/JIAYI/ImageFocusDetection/data/samples_labels/sample263_labels/sample263.csv
2026-04-27 17:22:19 [INFO] Removed 63 rows with label=-1 from: /Volumes/JIAYI/ImageFocusDetection/data/samples_labels/sample236_labels/sample236.csv
2026-04-27 17:22:19 [INFO] Removed 167 rows with label=-1 from: /Volumes/JIAYI/ImageFocusDetection/data/samples_labels/sample193_labels/sample193.csv
2026-04-27 17:22:19 [INFO] Removed 124 rows with label=-1 from: /Volumes/JIAYI/ImageFocusDetection/data/samples_labels/sample224_labels/sample224.csv
2026-04-27 17:22:19 [INFO] Removed 1 rows with label=-1 from: /Volumes/JIAYI/ImageFocusDetection/data/samples_labels/sample347_labels/sample347.csv
2026-04-27 17:22:19 [INFO] Removed 6 rows with label=-1 from: /Volumes/JIAYI/ImageFocusDetection/data/samples_labels/sample202_labels/sample202.csv
2026-04-27 17:22:19 [INFO] Removed 5 rows with label=-1 from: /Volumes/JIAYI/ImageFocusDetection/data/samples_labels/sample302_labels/sample302.csv
2026-04-27 17:22:19 [INFO] Removed 44 rows with label=-1 from: /Volumes/JIAYI/ImageFocusDetection/data/samples_labels/sample273_labels/sample273.csv
2026-04-27 17:22:19 [INFO] Removed 6 rows with label=-1 from: /Volumes/JIAYI/ImageFocusDetection/data/samples_labels/sample310_labels/sample310.csv
2026-04-27 17:22:19 [INFO] Removed 182 rows with label=-1 from: /Volumes/JIAYI/ImageFocusDetection/data/samples_labels/sample210_labels/sample210.csv
2026-04-27 17:22:19 [INFO] Removed 22 rows with label=-1 from: /Volumes/JIAYI/ImageFocusDetection/data/samples_labels/sample345_labels/sample345.csv
2026-04-27 17:22:19 [INFO] Removed 25 rows with label=-1 from: /Volumes/JIAYI/ImageFocusDetection/data/samples_labels/sample238_labels/sample238.csv
2026-04-27 17:22:19 [INFO] Removed 31 rows with label=-1 from: /Volumes/JIAYI/ImageFocusDetection/data/samples_labels/sample191_labels/sample191.csv
2026-04-27 17:22:19 [INFO] Removed 9 rows with label=-1 from: /Volumes/JIAYI/ImageFocusDetection/data/samples_labels/sample226_labels/sample226.csv
2026-04-27 17:22:19 [INFO] Removed 11 rows with label=-1 from: /Volumes/JIAYI/ImageFocusDetection/data/samples_labels/sample257_labels/sample257.csv
2026-04-27 17:22:19 [INFO] Removed 226 rows with label=-1 from: /Volumes/JIAYI/ImageFocusDetection/data/samples_labels/sample249_labels/sample249.csv
2026-04-27 17:22:19 [INFO] Removed 47 rows with label=-1 from: /Volumes/JIAYI/ImageFocusDetection/data/samples_labels/sample183_labels/sample183.csv
2026-04-27 17:22:19 [INFO] Removed 66 rows with label=-1 from: /Volumes/JIAYI/ImageFocusDetection/data/samples_labels/sample79_labels/sample79.csv
2026-04-27 17:22:19 [INFO] Removed 1 rows with label=-1 from: /Volumes/JIAYI/ImageFocusDetection/data/samples_labels/sample8_labels/sample8.csv
2026-04-27 17:22:19 [INFO] Removed 64 rows with label=-1 from: /Volumes/JIAYI/ImageFocusDetection/data/samples_labels/sample129_labels/sample129.csv
2026-04-27 17:22:19 [INFO] Removed 100 rows with label=-1 from: /Volumes/JIAYI/ImageFocusDetection/data/samples_labels/sample280_labels/sample280.csv
2026-04-27 17:22:19 [INFO] Removed 8 rows with label=-1 from: /Volumes/JIAYI/ImageFocusDetection/data/samples_labels/sample158_labels/sample158.csv
2026-04-27 17:22:19 [INFO] Removed 3 rows with label=-1 from: /Volumes/JIAYI/ImageFocusDetection/data/samples_labels/sample20_labels/sample20.csv
2026-04-27 17:22:19 [INFO] Removed 101 rows with label=-1 from: /Volumes/JIAYI/ImageFocusDetection/data/samples_labels/sample162_labels/sample162.csv
2026-04-27 17:22:19 [INFO] Removed 118 rows with label=-1 from: /Volumes/JIAYI/ImageFocusDetection/data/samples_labels/sample32_labels/sample32.csv
2026-04-27 17:22:19 [INFO] Removed 15 rows with label=-1 from: /Volumes/JIAYI/ImageFocusDetection/data/samples_labels/sample253_labels/sample253.csv
2026-04-27 17:22:19 [INFO] Removed 425 rows with label=-1 from: /Volumes/JIAYI/ImageFocusDetection/data/samples_labels/sample230_labels/sample230.csv
2026-04-27 17:22:19 [INFO] Removed 193 rows with label=-1 from: /Volumes/JIAYI/ImageFocusDetection/data/samples_labels/sample241_labels/sample241.csv
2026-04-27 17:22:19 [INFO] Removed 95 rows with label=-1 from: /Volumes/JIAYI/ImageFocusDetection/data/samples_labels/sample222_labels/sample222.csv
2026-04-27 17:22:19 [INFO] Removed 27 rows with label=-1 from: /Volumes/JIAYI/ImageFocusDetection/data/samples_labels/sample277_labels/sample277.csv
2026-04-27 17:22:19 [INFO] Removed 1 rows with label=-1 from: /Volumes/JIAYI/ImageFocusDetection/data/samples_labels/sample314_labels/sample314.csv
2026-04-27 17:22:19 [INFO] Removed 148 rows with label=-1 from: /Volumes/JIAYI/ImageFocusDetection/data/samples_labels/sample269_labels/sample269.csv
2026-04-27 17:22:19 [INFO] Removed 180 rows with label=-1 from: /Volumes/JIAYI/ImageFocusDetection/data/samples_labels/sample218_labels/sample218.csv
2026-04-27 17:22:19 [INFO] Removed 23 rows with label=-1 from: /Volumes/JIAYI/ImageFocusDetection/data/samples_labels/sample318_labels/sample318.csv
2026-04-27 17:22:19 [INFO] Removed 1 rows with label=-1 from: /Volumes/JIAYI/ImageFocusDetection/data/samples_labels/sample265_labels/sample265.csv
2026-04-27 17:22:19 [INFO] Removed 1 rows with label=-1 from: /Volumes/JIAYI/ImageFocusDetection/data/samples_labels/sample166_labels/sample166.csv
2026-04-27 17:22:19 [INFO] Removed 14 rows with label=-1 from: /Volumes/JIAYI/ImageFocusDetection/data/samples_labels/sample105_labels/sample105.csv
2026-04-27 17:22:19 [INFO] Removed 17 rows with label=-1 from: /Volumes/JIAYI/ImageFocusDetection/data/samples_labels/sample28_labels/sample28.csv
2026-04-27 17:22:19 [INFO] Removed 42 rows with label=-1 from: /Volumes/JIAYI/ImageFocusDetection/data/samples_labels/sample178_labels/sample178.csv
2026-04-27 17:22:19 [INFO] Removed 47 rows with label=-1 from: /Volumes/JIAYI/ImageFocusDetection/data/samples_labels/sample55_labels/sample55.csv
2026-04-27 17:22:19 [INFO] Removed 5 rows with label=-1 from: /Volumes/JIAYI/ImageFocusDetection/data/samples_labels/sample109_labels/sample109.csv
2026-04-27 17:22:19 [INFO] Removed 144 rows with label=-1 from: /Volumes/JIAYI/ImageFocusDetection/data/samples_labels/sample59_labels/sample59.csv
2026-04-27 17:22:19 [INFO] Removed 292 rows with label=-1 from: /Volumes/JIAYI/ImageFocusDetection/data/samples_labels/sample288_labels/sample288.csv
2026-04-27 17:22:19 [INFO] Removed 4 rows with label=-1 from: /Volumes/JIAYI/ImageFocusDetection/data/samples_labels/sample296_labels/sample296.csv
2026-04-27 17:22:19 [INFO] Removed 65 rows with label=-1 from: /Volumes/JIAYI/ImageFocusDetection/data/samples_labels/sample71_labels/sample71.csv
2026-04-27 17:22:19 [INFO] Removed 1 rows with label=-1 from: /Volumes/JIAYI/ImageFocusDetection/data/samples_labels/sample150_labels/sample150.csv
2026-04-27 17:22:19 [INFO] Removed 20 rows with label=-1 from: /Volumes/JIAYI/ImageFocusDetection/data/samples_labels/sample284_labels/sample284.csv
2026-04-27 17:22:19 [INFO] Removed 145 rows with label=-1 from: /Volumes/JIAYI/ImageFocusDetection/data/samples_labels/sample63_labels/sample63.csv
2026-04-27 17:22:19 [INFO] Removed 13 rows with label=-1 from: /Volumes/JIAYI/ImageFocusDetection/data/samples_labels/sample176_labels/sample176.csv
2026-04-27 17:22:19 [INFO] Removed 1 rows with label=-1 from: /Volumes/JIAYI/ImageFocusDetection/data/samples_labels/sample107_labels/sample107.csv
2026-04-27 17:22:19 [INFO] Removed 9 rows with label=-1 from: /Volumes/JIAYI/ImageFocusDetection/data/samples_labels/sample34_labels/sample34.csv
2026-04-27 17:22:19 [INFO] Removed 133 rows with label=-1 from: /Volumes/JIAYI/ImageFocusDetection/data/samples_labels/sample164_labels/sample164.csv
2026-04-27 17:22:19 [INFO] Removed 8 rows with label=-1 from: /Volumes/JIAYI/ImageFocusDetection/data/samples_labels/sample286_labels/sample286.csv
2026-04-27 17:22:19 [INFO] Removed 5 rows with label=-1 from: /Volumes/JIAYI/ImageFocusDetection/data/samples_labels/sample61_labels/sample61.csv
2026-04-27 17:22:19 [INFO] Removed 18 rows with label=-1 from: /Volumes/JIAYI/ImageFocusDetection/data/samples_labels/sample152_labels/sample152.csv
2026-04-27 17:22:19 [INFO] Removed 75 rows with label=-1 from: /Volumes/JIAYI/ImageFocusDetection/data/samples_labels/sample294_labels/sample294.csv
2026-04-27 17:22:19 [INFO] Removed 3 rows with label=-1 from: /Volumes/JIAYI/ImageFocusDetection/data/samples_labels/sample73_labels/sample73.csv
2026-04-27 17:22:19 [INFO] Removed 37 rows with label=-1 from: /Volumes/JIAYI/ImageFocusDetection/data/samples_labels/sample2_labels/sample2.csv
2026-04-27 17:22:19 [INFO] Removed 8 rows with label=-1 from: /Volumes/JIAYI/ImageFocusDetection/data/samples_labels/sample140_labels/sample140.csv
2026-04-27 17:22:19 [INFO] Removed 85 rows with label=-1 from: /Volumes/JIAYI/ImageFocusDetection/data/samples_labels/sample197_labels/sample197.csv
2026-04-27 17:22:19 [INFO] Removed 219 rows with label=-1 from: /Volumes/JIAYI/ImageFocusDetection/data/samples_labels/sample320_labels/sample320.csv
2026-04-27 17:22:19 [INFO] Removed 4 rows with label=-1 from: /Volumes/JIAYI/ImageFocusDetection/data/samples_labels/sample220_labels/sample220.csv
2026-04-27 17:22:19 [INFO] Removed 24 rows with label=-1 from: /Volumes/JIAYI/ImageFocusDetection/data/samples_labels/sample189_labels/sample189.csv
2026-04-27 17:22:19 [INFO] Removed 27 rows with label=-1 from: /Volumes/JIAYI/ImageFocusDetection/data/samples_labels/sample343_labels/sample343.csv
2026-04-27 17:22:19 [INFO] Removed 50 rows with label=-1 from: /Volumes/JIAYI/ImageFocusDetection/data/samples_labels/sample243_labels/sample243.csv
2026-04-27 17:22:19 [INFO] Removed 37 rows with label=-1 from: /Volumes/JIAYI/ImageFocusDetection/data/samples_labels/sample232_labels/sample232.csv
2026-04-27 17:22:19 [INFO] Removed 6 rows with label=-1 from: /Volumes/JIAYI/ImageFocusDetection/data/samples_labels/sample332_labels/sample332.csv
2026-04-27 17:22:19 [INFO] Removed 19 rows with label=-1 from: /Volumes/JIAYI/ImageFocusDetection/data/samples_labels/sample185_labels/sample185.csv
2026-04-27 17:22:19 [INFO] Removed 59 rows with label=-1 from: /Volumes/JIAYI/ImageFocusDetection/data/samples_labels/sample204_labels/sample204.csv
2026-04-27 17:22:19 [INFO] Removed 7 rows with label=-1 from: /Volumes/JIAYI/ImageFocusDetection/data/samples_labels/sample304_labels/sample304.csv
2026-04-27 17:22:19 [INFO] Removed 5 rows with label=-1 from: /Volumes/JIAYI/ImageFocusDetection/data/samples_labels/sample80_labels/sample80.csv
2026-04-27 17:22:19 [INFO] Removed 2 rows with label=-1 from: /Volumes/JIAYI/ImageFocusDetection/data/samples_labels/sample308_labels/sample308.csv
2026-04-27 17:22:19 [INFO] Removed 6 rows with label=-1 from: /Volumes/JIAYI/ImageFocusDetection/data/samples_labels/sample208_labels/sample208.csv
2026-04-27 17:22:19 [INFO] Removed 186 rows with label=-1 from: /Volumes/JIAYI/ImageFocusDetection/data/samples_labels/sample275_labels/sample275.csv
2026-04-27 17:22:19 [INFO] Removed 2 rows with label=-1 from: /Volumes/JIAYI/ImageFocusDetection/data/samples_labels/sample329_labels/sample329.csv
2026-04-27 17:22:19 [INFO] Removed 2 rows with label=-1 from: /Volumes/JIAYI/ImageFocusDetection/data/samples_labels/sample229_labels/sample229.csv
2026-04-27 17:22:19 [INFO] Removed 15 rows with label=-1 from: /Volumes/JIAYI/ImageFocusDetection/data/samples_labels/sample254_labels/sample254.csv
2026-04-27 17:22:19 [INFO] Removed 18 rows with label=-1 from: /Volumes/JIAYI/ImageFocusDetection/data/samples_labels/sample237_labels/sample237.csv
2026-04-27 17:22:19 [INFO] Removed 3 rows with label=-1 from: /Volumes/JIAYI/ImageFocusDetection/data/samples_labels/sample192_labels/sample192.csv
2026-04-27 17:22:19 [INFO] Removed 247 rows with label=-1 from: /Volumes/JIAYI/ImageFocusDetection/data/samples_labels/sample325_labels/sample325.csv
2026-04-27 17:22:19 [INFO] Removed 24 rows with label=-1 from: /Volumes/JIAYI/ImageFocusDetection/data/samples_labels/sample258_labels/sample258.csv
2026-04-27 17:22:19 [INFO] Removed 30 rows with label=-1 from: /Volumes/JIAYI/ImageFocusDetection/data/samples_labels/sample270_labels/sample270.csv
2026-04-27 17:22:19 [INFO] Removed 12 rows with label=-1 from: /Volumes/JIAYI/ImageFocusDetection/data/samples_labels/sample213_labels/sample213.csv
2026-04-27 17:22:19 [INFO] Removed 266 rows with label=-1 from: /Volumes/JIAYI/ImageFocusDetection/data/samples_labels/sample313_labels/sample313.csv
2026-04-27 17:22:19 [INFO] Removed 7 rows with label=-1 from: /Volumes/JIAYI/ImageFocusDetection/data/samples_labels/sample89_labels/sample89.csv
2026-04-27 17:22:19 [INFO] Removed 7 rows with label=-1 from: /Volumes/JIAYI/ImageFocusDetection/data/samples_labels/sample85_labels/sample85.csv
2026-04-27 17:22:19 [INFO] Removed 2 rows with label=-1 from: /Volumes/JIAYI/ImageFocusDetection/data/samples_labels/sample262_labels/sample262.csv
2026-04-27 17:22:19 [INFO] Removed 6 rows with label=-1 from: /Volumes/JIAYI/ImageFocusDetection/data/samples_labels/sample161_labels/sample161.csv
2026-04-27 17:22:19 [INFO] Removed 18 rows with label=-1 from: /Volumes/JIAYI/ImageFocusDetection/data/samples_labels/sample102_labels/sample102.csv
2026-04-27 17:22:19 [INFO] Removed 114 rows with label=-1 from: /Volumes/JIAYI/ImageFocusDetection/data/samples_labels/sample173_labels/sample173.csv
2026-04-27 17:22:19 [INFO] Removed 88 rows with label=-1 from: /Volumes/JIAYI/ImageFocusDetection/data/samples_labels/sample110_labels/sample110.csv
2026-04-27 17:22:19 [INFO] Removed 12 rows with label=-1 from: /Volumes/JIAYI/ImageFocusDetection/data/samples_labels/sample15_labels/sample15.csv
2026-04-27 17:22:19 [INFO] Removed 3 rows with label=-1 from: /Volumes/JIAYI/ImageFocusDetection/data/samples_labels/sample68_labels/sample68.csv
2026-04-27 17:22:19 [INFO] Removed 4 rows with label=-1 from: /Volumes/JIAYI/ImageFocusDetection/data/samples_labels/sample291_labels/sample291.csv
2026-04-27 17:22:19 [INFO] Removed 1 rows with label=-1 from: /Volumes/JIAYI/ImageFocusDetection/data/samples_labels/sample7_labels/sample7.csv
2026-04-27 17:22:19 [INFO] Removed 37 rows with label=-1 from: /Volumes/JIAYI/ImageFocusDetection/data/samples_labels/sample283_labels/sample283.csv
2026-04-27 17:22:19 [INFO] Removed 31 rows with label=-1 from: /Volumes/JIAYI/ImageFocusDetection/data/samples_labels/sample21_labels/sample21.csv
2026-04-27 17:22:19 [INFO] Removed 3 rows with label=-1 from: /Volumes/JIAYI/ImageFocusDetection/data/samples_labels/sample100_labels/sample100.csv
2026-04-27 17:22:19 [INFO] Removed 36 rows with label=-1 from: /Volumes/JIAYI/ImageFocusDetection/data/samples_labels/sample50_labels/sample50.csv
2026-04-27 17:22:19 [INFO] Removed 8 rows with label=-1 from: /Volumes/JIAYI/ImageFocusDetection/data/samples_labels/sample163_labels/sample163.csv
2026-04-27 17:22:19 [INFO] Removed 8 rows with label=-1 from: /Volumes/JIAYI/ImageFocusDetection/data/samples_labels/sample281_labels/sample281.csv
2026-04-27 17:22:19 [INFO] Removed 97 rows with label=-1 from: /Volumes/JIAYI/ImageFocusDetection/data/samples_labels/sample66_labels/sample66.csv
2026-04-27 17:22:19 [INFO] Removed 527 rows with label=-1 from: /Volumes/JIAYI/ImageFocusDetection/data/samples_labels/sample128_labels/sample128.csv
2026-04-27 17:22:19 [INFO] Removed 140 rows with label=-1 from: /Volumes/JIAYI/ImageFocusDetection/data/samples_labels/sample155_labels/sample155.csv
2026-04-27 17:22:19 [INFO] Removed 1 rows with label=-1 from: /Volumes/JIAYI/ImageFocusDetection/data/samples_labels/sample9_labels/sample9.csv
2026-04-27 17:22:19 [INFO] Removed 2 rows with label=-1 from: /Volumes/JIAYI/ImageFocusDetection/data/samples_labels/sample293_labels/sample293.csv
2026-04-27 17:22:19 [INFO] Removed 91 rows with label=-1 from: /Volumes/JIAYI/ImageFocusDetection/data/samples_labels/sample74_labels/sample74.csv
2026-04-27 17:22:19 [INFO] Removed 12 rows with label=-1 from: /Volumes/JIAYI/ImageFocusDetection/data/samples_labels/sample159_labels/sample159.csv
2026-04-27 17:22:19 [INFO] Removed 5 rows with label=-1 from: /Volumes/JIAYI/ImageFocusDetection/data/samples_labels/sample227_labels/sample227.csv
2026-04-27 17:22:19 [INFO] Removed 1 rows with label=-1 from: /Volumes/JIAYI/ImageFocusDetection/data/samples_labels/sample239_labels/sample239.csv
2026-04-27 17:22:19 [INFO] Removed 2 rows with label=-1 from: /Volumes/JIAYI/ImageFocusDetection/data/samples_labels/sample339_labels/sample339.csv
2026-04-27 17:22:19 [INFO] Removed 1 rows with label=-1 from: /Volumes/JIAYI/ImageFocusDetection/data/samples_labels/sample244_labels/sample244.csv
2026-04-27 17:22:19 [INFO] Removed 233 rows with label=-1 from: /Volumes/JIAYI/ImageFocusDetection/data/samples_labels/sample344_labels/sample344.csv
2026-04-27 17:22:19 [INFO] Removed 5 rows with label=-1 from: /Volumes/JIAYI/ImageFocusDetection/data/samples_labels/sample335_labels/sample335.csv
2026-04-27 17:22:19 [INFO] Removed 85 rows with label=-1 from: /Volumes/JIAYI/ImageFocusDetection/data/samples_labels/sample348_labels/sample348.csv
2026-04-27 17:22:19 [INFO] Removed 15 rows with label=-1 from: /Volumes/JIAYI/ImageFocusDetection/data/samples_labels/sample87_labels/sample87.csv
2026-04-27 17:22:19 [INFO] Removed 15 rows with label=-1 from: /Volumes/JIAYI/ImageFocusDetection/data/samples_labels/sample95_labels/sample95.csv
2026-04-27 17:22:19 [INFO] Removed 46 rows with label=-1 from: /Volumes/JIAYI/ImageFocusDetection/data/samples_labels/sample272_labels/sample272.csv
2026-04-27 17:22:19 [INFO] Removed 366 rows with label=-1 from: /Volumes/JIAYI/ImageFocusDetection/data/samples_labels/sample1_labels/sample1.csv
2026-04-27 17:22:19 [INFO] Removed 33 rows with label=-1 from: /Volumes/JIAYI/ImageFocusDetection/data/samples_labels/sample297_labels/sample297.csv
2026-04-27 17:22:19 [INFO] Removed 7 rows with label=-1 from: /Volumes/JIAYI/ImageFocusDetection/data/samples_labels/sample143_labels/sample143.csv
2026-04-27 17:22:19 [INFO] Removed 6 rows with label=-1 from: /Volumes/JIAYI/ImageFocusDetection/data/samples_labels/sample289_labels/sample289.csv
2026-04-27 17:22:19 [INFO] Removed 56 rows with label=-1 from: /Volumes/JIAYI/ImageFocusDetection/data/samples_labels/sample13_labels/sample13.csv
2026-04-27 17:22:19 [INFO] Removed 12 rows with label=-1 from: /Volumes/JIAYI/ImageFocusDetection/data/samples_labels/sample132_labels/sample132.csv
2026-04-27 17:22:19 [INFO] Removed 160 rows with label=-1 from: /Volumes/JIAYI/ImageFocusDetection/data/samples_labels/sample285_labels/sample285.csv
2026-04-27 17:22:19 [INFO] Removed 36 rows with label=-1 from: /Volumes/JIAYI/ImageFocusDetection/data/samples_labels/sample104_labels/sample104.csv
2026-04-27 17:22:19 [INFO] Removed 19 rows with label=-1 from: /Volumes/JIAYI/ImageFocusDetection/data/samples_labels/sample29_labels/sample29.csv
2026-04-27 17:22:19 [INFO] Removed 3 rows with label=-1 from: /Volumes/JIAYI/ImageFocusDetection/data/samples_labels/sample37_labels/sample37.csv
2026-04-27 17:22:19 [INFO] Removed 1 rows with label=-1 from: /Volumes/JIAYI/ImageFocusDetection/data/samples_labels/sample116_labels/sample116.csv
2026-04-27 17:22:19 [INFO] Removed 92 rows with label=-1 from: /Volumes/JIAYI/ImageFocusDetection/data/samples_labels/sample175_labels/sample175.csv
2026-04-27 17:22:19 [INFO] Removed 13 rows with label=-1 from: /Volumes/JIAYI/ImageFocusDetection/data/samples_labels/sample108_labels/sample108.csv
2026-04-27 17:22:19 [INFO] Removed 54 rows with label=-1 from: /Volumes/JIAYI/ImageFocusDetection/data/samples_labels/sample268_labels/sample268.csv
2026-04-27 17:22:19 [INFO] Removed 14 rows with label=-1 from: /Volumes/JIAYI/ImageFocusDetection/data/samples_labels/sample215_labels/sample215.csv
2026-04-27 17:22:19 [INFO] Removed 1 rows with label=-1 from: /Volumes/JIAYI/ImageFocusDetection/data/samples_labels/sample315_labels/sample315.csv
2026-04-27 17:22:19 [INFO] Removed 46 rows with label=-1 from: /Volumes/JIAYI/ImageFocusDetection/data/samples_labels/sample276_labels/sample276.csv
2026-04-27 17:22:19 [INFO] Removed 7 rows with label=-1 from: /Volumes/JIAYI/ImageFocusDetection/data/samples_labels/sample307_labels/sample307.csv
2026-04-27 17:22:19 [INFO] Removed 4 rows with label=-1 from: /Volumes/JIAYI/ImageFocusDetection/data/samples_labels/sample264_labels/sample264.csv
2026-04-27 17:22:19 [INFO] Removed 183 rows with label=-1 from: /Volumes/JIAYI/ImageFocusDetection/data/samples_labels/sample319_labels/sample319.csv
2026-04-27 17:22:19 [INFO] Removed 186 rows with label=-1 from: /Volumes/JIAYI/ImageFocusDetection/data/samples_labels/sample219_labels/sample219.csv
2026-04-27 17:22:19 [INFO] Removed 391 rows with label=-1 from: /Volumes/JIAYI/ImageFocusDetection/data/samples_labels/sample231_labels/sample231.csv
2026-04-27 17:22:19 [INFO] Removed 366 rows with label=-1 from: /Volumes/JIAYI/ImageFocusDetection/data/samples_labels/sample252_labels/sample252.csv
2026-04-27 17:22:19 [INFO] Removed 312 rows with label=-1 from: /Volumes/JIAYI/ImageFocusDetection/data/samples_labels/sample198_labels/sample198.csv
2026-04-27 17:22:19 [INFO] Removed 82 rows with label=-1 from: /Volumes/JIAYI/ImageFocusDetection/data/samples_labels/sample223_labels/sample223.csv
2026-04-27 17:22:19 [INFO] Removed 93 rows with label=-1 from: /Volumes/JIAYI/ImageFocusDetection/data/samples_labels/sample194_labels/sample194.csv
2026-04-27 17:22:19 [INFO] Removed 39 rows with label=-1 from: /Volumes/JIAYI/ImageFocusDetection/data/samples_labels/sample323_labels/sample323.csv
2026-04-27 17:22:19 [INFO] Removed 30 rows with label=-1 from: /Volumes/JIAYI/ImageFocusDetection/data/samples_labels/sample240_labels/sample240.csv
2026-04-27 17:22:19 [INFO] Removed 2 rows with label=-1 from: /Volumes/JIAYI/ImageFocusDetection/data/samples_labels/sample340_labels/sample340.csv
2026-04-27 17:22:19 [INFO] Removed 7 rows with label=-1 from: /Volumes/JIAYI/ImageFocusDetection/data/samples_labels/sample81_labels/sample81.csv
2026-04-27 17:22:19 [INFO] Removed 33 rows with label=-1 from: /Volumes/JIAYI/ImageFocusDetection/data/samples_labels/sample278_labels/sample278.csv
2026-04-27 17:22:19 [INFO] Removed 8 rows with label=-1 from: /Volumes/JIAYI/ImageFocusDetection/data/samples_labels/sample305_labels/sample305.csv
2026-04-27 17:22:19 [INFO] Removed 4 rows with label=-1 from: /Volumes/JIAYI/ImageFocusDetection/data/samples_labels/sample274_labels/sample274.csv
2026-04-27 17:22:19 [INFO] Removed 27 rows with label=-1 from: /Volumes/JIAYI/ImageFocusDetection/data/samples_labels/sample209_labels/sample209.csv
2026-04-27 17:22:19 [INFO] Removed 5 rows with label=-1 from: /Volumes/JIAYI/ImageFocusDetection/data/samples_labels/sample309_labels/sample309.csv
2026-04-27 17:22:19 [INFO] Removed 212 rows with label=-1 from: /Volumes/JIAYI/ImageFocusDetection/data/samples_labels/sample217_labels/sample217.csv
2026-04-27 17:22:19 [INFO] Removed 54 rows with label=-1 from: /Volumes/JIAYI/ImageFocusDetection/data/samples_labels/sample242_labels/sample242.csv
2026-04-27 17:22:19 [INFO] Removed 153 rows with label=-1 from: /Volumes/JIAYI/ImageFocusDetection/data/samples_labels/sample342_labels/sample342.csv
2026-04-27 17:22:19 [INFO] Removed 16 rows with label=-1 from: /Volumes/JIAYI/ImageFocusDetection/data/samples_labels/sample188_labels/sample188.csv
2026-04-27 17:22:19 [INFO] Removed 136 rows with label=-1 from: /Volumes/JIAYI/ImageFocusDetection/data/samples_labels/sample221_labels/sample221.csv
2026-04-27 17:22:19 [INFO] Removed 27 rows with label=-1 from: /Volumes/JIAYI/ImageFocusDetection/data/samples_labels/sample196_labels/sample196.csv
2026-04-27 17:22:19 [INFO] Removed 20 rows with label=-1 from: /Volumes/JIAYI/ImageFocusDetection/data/samples_labels/sample350_labels/sample350.csv
2026-04-27 17:22:19 [INFO] Removed 5 rows with label=-1 from: /Volumes/JIAYI/ImageFocusDetection/data/samples_labels/sample333_labels/sample333.csv
2026-04-27 17:22:19 [INFO] Removed 143 rows with label=-1 from: /Volumes/JIAYI/ImageFocusDetection/data/samples_labels/sample233_labels/sample233.csv
2026-04-27 17:22:19 [INFO] Removed 7 rows with label=-1 from: /Volumes/JIAYI/ImageFocusDetection/data/samples_labels/sample299_labels/sample299.csv
2026-04-27 17:22:19 [INFO] Removed 7 rows with label=-1 from: /Volumes/JIAYI/ImageFocusDetection/data/samples_labels/sample287_labels/sample287.csv
2026-04-27 17:22:19 [INFO] Removed 154 rows with label=-1 from: /Volumes/JIAYI/ImageFocusDetection/data/samples_labels/sample72_labels/sample72.csv
2026-04-27 17:22:19 [INFO] Removed 3 rows with label=-1 from: /Volumes/JIAYI/ImageFocusDetection/data/samples_labels/sample3_labels/sample3.csv
2026-04-27 17:22:19 [INFO] Removed 12 rows with label=-1 from: /Volumes/JIAYI/ImageFocusDetection/data/samples_labels/sample295_labels/sample295.csv
2026-04-27 17:22:19 [INFO] Removed 2 rows with label=-1 from: /Volumes/JIAYI/ImageFocusDetection/data/samples_labels/sample177_labels/sample177.csv
2026-04-27 17:22:19 [INFO] Removed 56 rows with label=-1 from: /Volumes/JIAYI/ImageFocusDetection/data/samples_labels/sample169_labels/sample169.csv
2026-04-27 17:22:19 [INFO] Removed 170 rows with label=-1 from: /Volumes/JIAYI/ImageFocusDetection/data/samples_labels/sample114_labels/sample114.csv
2026-04-27 17:22:19 [INFO] Removed 9 rows with label=-1 from: /Volumes/JIAYI/ImageFocusDetection/data/samples_labels/sample165_labels/sample165.csv
2026-04-27 17:22:19 [INFO] Removed 16 rows with label=-1 from: /Volumes/JIAYI/ImageFocusDetection/data/samples_labels/sample118_labels/sample118.csv
2026-04-27 17:22:19 [INFO] Removed 9 rows with label=-1 from: /Volumes/JIAYI/ImageFocusDetection/data/samples_labels/sample35_labels/sample35.csv
2026-04-27 17:22:19 [INFO] Removed 13 rows with label=-1 from: /Volumes/JIAYI/ImageFocusDetection/data/samples_labels/sample106_labels/sample106.csv
2026-04-27 17:22:21 [INFO] Merged CSV saved: /Volumes/JIAYI/ImageFocusDetection/data/samples_labels/merged_samples_labels.csv
2026-04-27 17:22:31 [INFO] Deleted existing model folder: /Volumes/JIAYI/ImageFocusDetection/src/training/model_save
2026-04-27 17:22:31 [INFO] [CNN] Detected classes: [0, 1], num_classes=2
2026-04-27 17:22:31 [INFO] ==== Device & Training Configuration ====
2026-04-27 17:22:31 [INFO] MPS Device detected
2026-04-27 17:22:31 [INFO] Using device: mps, AMP enabled: False
2026-04-27 17:22:31 [INFO] Batch size: 128, num_workers: 5
2026-04-27 17:22:31 [INFO] ========================================
2026-04-27 17:22:31 [INFO] [LMDB] Removed existing cache: /Volumes/JIAYI/ImageFocusDetection/data/samples_labels/patches_ps32.lmdb
2026-04-27 17:22:31 [INFO] [LMDB] Removed existing lock: /Volumes/JIAYI/ImageFocusDetection/data/samples_labels/patches_ps32.lmdb-lock
2026-04-27 17:22:31 [INFO] [LMDB] Building cache: /Volumes/JIAYI/ImageFocusDetection/data/samples_labels/patches_ps32.lmdb
2026-04-27 17:22:33 [INFO] [LMDB] Processed 10000/638153
2026-04-27 17:22:36 [INFO] [LMDB] Processed 20000/638153
2026-04-27 17:22:38 [INFO] [LMDB] Processed 30000/638153
2026-04-27 17:22:41 [INFO] [LMDB] Processed 40000/638153
2026-04-27 17:22:44 [INFO] [LMDB] Processed 50000/638153
2026-04-27 17:22:46 [INFO] [LMDB] Processed 60000/638153
2026-04-27 17:22:49 [INFO] [LMDB] Processed 70000/638153
2026-04-27 17:22:51 [INFO] [LMDB] Processed 80000/638153
2026-04-27 17:22:54 [INFO] [LMDB] Processed 90000/638153
2026-04-27 17:22:56 [INFO] [LMDB] Processed 100000/638153
2026-04-27 17:22:58 [INFO] [LMDB] Processed 110000/638153
2026-04-27 17:23:01 [INFO] [LMDB] Processed 120000/638153
2026-04-27 17:23:03 [INFO] [LMDB] Processed 130000/638153
2026-04-27 17:23:06 [INFO] [LMDB] Processed 140000/638153
2026-04-27 17:23:08 [INFO] [LMDB] Processed 150000/638153
2026-04-27 17:23:11 [INFO] [LMDB] Processed 160000/638153
2026-04-27 17:23:13 [INFO] [LMDB] Processed 170000/638153
2026-04-27 17:23:16 [INFO] [LMDB] Processed 180000/638153
2026-04-27 17:23:19 [INFO] [LMDB] Processed 190000/638153
2026-04-27 17:23:21 [INFO] [LMDB] Processed 200000/638153
2026-04-27 17:23:24 [INFO] [LMDB] Processed 210000/638153
2026-04-27 17:23:26 [INFO] [LMDB] Processed 220000/638153
2026-04-27 17:23:29 [INFO] [LMDB] Processed 230000/638153
2026-04-27 17:23:31 [INFO] [LMDB] Processed 240000/638153
2026-04-27 17:23:33 [INFO] [LMDB] Processed 250000/638153
2026-04-27 17:23:36 [INFO] [LMDB] Processed 260000/638153
2026-04-27 17:23:38 [INFO] [LMDB] Processed 270000/638153
2026-04-27 17:23:40 [INFO] [LMDB] Processed 280000/638153
2026-04-27 17:23:43 [INFO] [LMDB] Processed 290000/638153
2026-04-27 17:23:45 [INFO] [LMDB] Processed 300000/638153
2026-04-27 17:23:48 [INFO] [LMDB] Processed 310000/638153
2026-04-27 17:23:50 [INFO] [LMDB] Processed 320000/638153
2026-04-27 17:23:53 [INFO] [LMDB] Processed 330000/638153
2026-04-27 17:23:55 [INFO] [LMDB] Processed 340000/638153
2026-04-27 17:23:58 [INFO] [LMDB] Processed 350000/638153
2026-04-27 17:24:00 [INFO] [LMDB] Processed 360000/638153
2026-04-27 17:24:03 [INFO] [LMDB] Processed 370000/638153
2026-04-27 17:24:06 [INFO] [LMDB] Processed 380000/638153
2026-04-27 17:24:08 [INFO] [LMDB] Processed 390000/638153
2026-04-27 17:24:11 [INFO] [LMDB] Processed 400000/638153
2026-04-27 17:24:13 [INFO] [LMDB] Processed 410000/638153
2026-04-27 17:24:15 [INFO] [LMDB] Processed 420000/638153
2026-04-27 17:24:17 [INFO] [LMDB] Processed 430000/638153
2026-04-27 17:24:20 [INFO] [LMDB] Processed 440000/638153
2026-04-27 17:24:22 [INFO] [LMDB] Processed 450000/638153
2026-04-27 17:24:25 [INFO] [LMDB] Processed 460000/638153
2026-04-27 17:24:27 [INFO] [LMDB] Processed 470000/638153
2026-04-27 17:24:30 [INFO] [LMDB] Processed 480000/638153
2026-04-27 17:24:32 [INFO] [LMDB] Processed 490000/638153
2026-04-27 17:24:35 [INFO] [LMDB] Processed 500000/638153
2026-04-27 17:24:37 [INFO] [LMDB] Processed 510000/638153
2026-04-27 17:24:40 [INFO] [LMDB] Processed 520000/638153
2026-04-27 17:24:42 [INFO] [LMDB] Processed 530000/638153
2026-04-27 17:24:45 [INFO] [LMDB] Processed 540000/638153
2026-04-27 17:24:48 [INFO] [LMDB] Processed 550000/638153
2026-04-27 17:24:50 [INFO] [LMDB] Processed 560000/638153
2026-04-27 17:24:52 [INFO] [LMDB] Processed 570000/638153
2026-04-27 17:24:55 [INFO] [LMDB] Processed 580000/638153
2026-04-27 17:24:57 [INFO] [LMDB] Processed 590000/638153
2026-04-27 17:24:59 [INFO] [LMDB] Processed 600000/638153
2026-04-27 17:25:02 [INFO] [LMDB] Processed 610000/638153
2026-04-27 17:25:04 [INFO] [LMDB] Processed 620000/638153
2026-04-27 17:25:07 [INFO] [LMDB] Processed 630000/638153
2026-04-27 17:25:09 [INFO] [LMDB] Build done in 158.44s
2026-04-27 17:25:09 [INFO] [CNN] Using LMDB dataset: /Volumes/JIAYI/ImageFocusDetection/data/samples_labels/patches_ps32.lmdb
2026-04-27 17:25:09 [INFO] [CNN] Weighted sampler disabled.
2026-04-27 17:25:09 [INFO] [CNN] Class counts: [578212, 59941]
2026-04-27 17:25:09 [INFO] [CNN] Class weights: [0.551800012588501, 5.323200225830078]
2026-04-27 17:25:09 [INFO] [CNN] Start training ...
2026-04-27 17:25:35 [INFO] Epoch 1/60, Loss: 553.4204
2026-04-27 17:25:57 [INFO] Epoch 2/60, Loss: 331.0824
2026-04-27 17:26:20 [INFO] Epoch 3/60, Loss: 280.5711
2026-04-27 17:26:43 [INFO] Epoch 4/60, Loss: 249.7161
2026-04-27 17:27:05 [INFO] Epoch 5/60, Loss: 242.7907
2026-04-27 17:27:28 [INFO] Epoch 6/60, Loss: 229.7404
2026-04-27 17:27:51 [INFO] Epoch 7/60, Loss: 219.7448
2026-04-27 17:28:14 [INFO] Epoch 8/60, Loss: 207.7128
2026-04-27 17:28:36 [INFO] Epoch 9/60, Loss: 203.9472
2026-04-27 17:28:59 [INFO] Epoch 10/60, Loss: 197.3924
2026-04-27 17:29:22 [INFO] Epoch 11/60, Loss: 200.6698
2026-04-27 17:29:45 [INFO] Epoch 12/60, Loss: 194.3645
2026-04-27 17:30:07 [INFO] Epoch 13/60, Loss: 187.4326
2026-04-27 17:30:30 [INFO] Epoch 14/60, Loss: 183.5730
2026-04-27 17:30:53 [INFO] Epoch 15/60, Loss: 181.9798
2026-04-27 17:31:16 [INFO] Epoch 16/60, Loss: 179.3221
2026-04-27 17:31:38 [INFO] Epoch 17/60, Loss: 176.4662
2026-04-27 17:32:01 [INFO] Epoch 18/60, Loss: 176.3765
2026-04-27 17:32:24 [INFO] Epoch 19/60, Loss: 173.8947
2026-04-27 17:32:47 [INFO] Epoch 20/60, Loss: 174.0933
2026-04-27 17:33:09 [INFO] Epoch 21/60, Loss: 173.3074
2026-04-27 17:33:32 [INFO] Epoch 22/60, Loss: 170.4865
2026-04-27 17:33:55 [INFO] Epoch 23/60, Loss: 169.3056
2026-04-27 17:34:18 [INFO] Epoch 24/60, Loss: 167.1511
2026-04-27 17:34:40 [INFO] Epoch 25/60, Loss: 167.7817
2026-04-27 17:35:03 [INFO] Epoch 26/60, Loss: 164.1624
2026-04-27 17:35:26 [INFO] Epoch 27/60, Loss: 165.3838
2026-04-27 17:35:48 [INFO] Epoch 28/60, Loss: 164.8317
2026-04-27 17:36:11 [INFO] Epoch 29/60, Loss: 164.4425
2026-04-27 17:36:34 [INFO] Epoch 30/60, Loss: 162.9519
2026-04-27 17:36:57 [INFO] Epoch 31/60, Loss: 163.9697
2026-04-27 17:37:19 [INFO] Epoch 32/60, Loss: 161.3177
2026-04-27 17:37:42 [INFO] Epoch 33/60, Loss: 160.9952
2026-04-27 17:38:05 [INFO] Epoch 34/60, Loss: 160.8885
2026-04-27 17:38:28 [INFO] Epoch 35/60, Loss: 157.0630
2026-04-27 17:38:50 [INFO] Epoch 36/60, Loss: 159.0398
2026-04-27 17:39:13 [INFO] Epoch 37/60, Loss: 160.1669
2026-04-27 17:39:36 [INFO] Epoch 38/60, Loss: 158.0138
2026-04-27 17:39:59 [INFO] Epoch 39/60, Loss: 158.2449
2026-04-27 17:40:21 [INFO] Epoch 40/60, Loss: 155.5319
2026-04-27 17:40:44 [INFO] Epoch 41/60, Loss: 156.7408
2026-04-27 17:41:07 [INFO] Epoch 42/60, Loss: 155.1970
2026-04-27 17:41:30 [INFO] Epoch 43/60, Loss: 159.9417
2026-04-27 17:41:52 [INFO] Epoch 44/60, Loss: 157.1226
2026-04-27 17:42:15 [INFO] Epoch 45/60, Loss: 154.7428
2026-04-27 17:42:38 [INFO] Epoch 46/60, Loss: 155.2176
2026-04-27 17:43:00 [INFO] Epoch 47/60, Loss: 152.9188
2026-04-27 17:43:23 [INFO] Epoch 48/60, Loss: 153.9590
2026-04-27 17:43:46 [INFO] Epoch 49/60, Loss: 154.4249
2026-04-27 17:44:09 [INFO] Epoch 50/60, Loss: 153.2134
2026-04-27 17:44:31 [INFO] Epoch 51/60, Loss: 152.0131
2026-04-27 17:44:54 [INFO] Epoch 52/60, Loss: 151.1260
2026-04-27 17:45:16 [INFO] Epoch 53/60, Loss: 153.6116
2026-04-27 17:45:39 [INFO] Epoch 54/60, Loss: 150.8564
2026-04-27 17:46:02 [INFO] Epoch 55/60, Loss: 152.9005
2026-04-27 17:46:25 [INFO] Epoch 56/60, Loss: 149.6923
2026-04-27 17:46:48 [INFO] Epoch 57/60, Loss: 151.7899
2026-04-27 17:47:10 [INFO] Epoch 58/60, Loss: 146.9239
2026-04-27 17:47:33 [INFO] Epoch 59/60, Loss: 148.0501
2026-04-27 17:47:56 [INFO] Epoch 60/60, Loss: 147.8656
2026-04-27 17:47:56 [INFO] [CNN] Training time: 1366.49 seconds
2026-04-27 17:47:56 [INFO] Selected models saved to: /Volumes/JIAYI/ImageFocusDetection/src/training/model_save
2026-04-27 17:47:56 [INFO] Model artifacts directory: /Volumes/JIAYI/ImageFocusDetection/src/training/model_save
2026-04-27 17:47:56 [INFO] Artifact: cnn_model.pth | modified_at=2026-04-27 17:47:56
2026-04-27 17:47:56 [INFO] === Step 3: Evaluate ===
2026-04-27 17:47:56 [INFO] Deleted existing merged CSV: /Volumes/JIAYI/ImageFocusDetection/data/valid_samples_labels/merged_valid_samples_labels.csv
2026-04-27 17:47:56 [INFO] Removed 80 rows with label=-1 from: /Volumes/JIAYI/ImageFocusDetection/data/valid_samples_labels/valid_sample50_labels/valid_sample50.csv
2026-04-27 17:47:56 [INFO] Removed 12 rows with label=-1 from: /Volumes/JIAYI/ImageFocusDetection/data/valid_samples_labels/valid_sample21_labels/valid_sample21.csv
2026-04-27 17:47:56 [INFO] Removed 2 rows with label=-1 from: /Volumes/JIAYI/ImageFocusDetection/data/valid_samples_labels/valid_sample74_labels/valid_sample74.csv
2026-04-27 17:48:21 [INFO] Removed 6 rows with label=-1 from: /Volumes/JIAYI/ImageFocusDetection/data/valid_samples_labels/valid_sample23_labels/valid_sample23.csv
2026-04-27 17:48:21 [INFO] Removed 27 rows with label=-1 from: /Volumes/JIAYI/ImageFocusDetection/data/valid_samples_labels/valid_sample40_labels/valid_sample40.csv
2026-04-27 17:48:21 [INFO] Removed 103 rows with label=-1 from: /Volumes/JIAYI/ImageFocusDetection/data/valid_samples_labels/valid_sample31_labels/valid_sample31.csv
2026-04-27 17:48:21 [INFO] Removed 11 rows with label=-1 from: /Volumes/JIAYI/ImageFocusDetection/data/valid_samples_labels/valid_sample52_labels/valid_sample52.csv
2026-04-27 17:48:21 [INFO] Removed 104 rows with label=-1 from: /Volumes/JIAYI/ImageFocusDetection/data/valid_samples_labels/valid_sample64_labels/valid_sample64.csv
2026-04-27 17:48:21 [INFO] Removed 1 rows with label=-1 from: /Volumes/JIAYI/ImageFocusDetection/data/valid_samples_labels/valid_sample68_labels/valid_sample68.csv
2026-04-27 17:48:21 [INFO] Removed 20 rows with label=-1 from: /Volumes/JIAYI/ImageFocusDetection/data/valid_samples_labels/valid_sample15_labels/valid_sample15.csv
2026-04-27 17:48:21 [INFO] Removed 51 rows with label=-1 from: /Volumes/JIAYI/ImageFocusDetection/data/valid_samples_labels/valid_sample11_labels/valid_sample11.csv
2026-04-27 17:48:21 [INFO] Removed 31 rows with label=-1 from: /Volumes/JIAYI/ImageFocusDetection/data/valid_samples_labels/valid_sample3_labels/valid_sample3.csv
2026-04-27 17:48:21 [INFO] Removed 36 rows with label=-1 from: /Volumes/JIAYI/ImageFocusDetection/data/valid_samples_labels/valid_sample56_labels/valid_sample56.csv
2026-04-27 17:48:21 [INFO] Removed 262 rows with label=-1 from: /Volumes/JIAYI/ImageFocusDetection/data/valid_samples_labels/valid_sample44_labels/valid_sample44.csv
2026-04-27 17:48:21 [INFO] Removed 2 rows with label=-1 from: /Volumes/JIAYI/ImageFocusDetection/data/valid_samples_labels/valid_sample62_labels/valid_sample62.csv
2026-04-27 17:48:21 [INFO] Removed 3 rows with label=-1 from: /Volumes/JIAYI/ImageFocusDetection/data/valid_samples_labels/valid_sample70_labels/valid_sample70.csv
2026-04-27 17:48:21 [INFO] Removed 5 rows with label=-1 from: /Volumes/JIAYI/ImageFocusDetection/data/valid_samples_labels/valid_sample1_labels/valid_sample1.csv
2026-04-27 17:48:21 [INFO] Removed 26 rows with label=-1 from: /Volumes/JIAYI/ImageFocusDetection/data/valid_samples_labels/valid_sample46_labels/valid_sample46.csv
2026-04-27 17:48:21 [INFO] Removed 1 rows with label=-1 from: /Volumes/JIAYI/ImageFocusDetection/data/valid_samples_labels/valid_sample25_labels/valid_sample25.csv
2026-04-27 17:48:21 [INFO] Removed 3 rows with label=-1 from: /Volumes/JIAYI/ImageFocusDetection/data/valid_samples_labels/valid_sample29_labels/valid_sample29.csv
2026-04-27 17:48:21 [INFO] Removed 1 rows with label=-1 from: /Volumes/JIAYI/ImageFocusDetection/data/valid_samples_labels/valid_sample54_labels/valid_sample54.csv
2026-04-27 17:48:21 [INFO] Removed 5 rows with label=-1 from: /Volumes/JIAYI/ImageFocusDetection/data/valid_samples_labels/valid_sample4_labels/valid_sample4.csv
2026-04-27 17:48:21 [INFO] Removed 10 rows with label=-1 from: /Volumes/JIAYI/ImageFocusDetection/data/valid_samples_labels/valid_sample43_labels/valid_sample43.csv
2026-04-27 17:48:21 [INFO] Removed 103 rows with label=-1 from: /Volumes/JIAYI/ImageFocusDetection/data/valid_samples_labels/valid_sample18_labels/valid_sample18.csv
2026-04-27 17:48:21 [INFO] Removed 11 rows with label=-1 from: /Volumes/JIAYI/ImageFocusDetection/data/valid_samples_labels/valid_sample65_labels/valid_sample65.csv
2026-04-27 17:48:21 [INFO] Removed 6 rows with label=-1 from: /Volumes/JIAYI/ImageFocusDetection/data/valid_samples_labels/valid_sample41_labels/valid_sample41.csv
2026-04-27 17:48:21 [INFO] Removed 2 rows with label=-1 from: /Volumes/JIAYI/ImageFocusDetection/data/valid_samples_labels/valid_sample49_labels/valid_sample49.csv
2026-04-27 17:48:21 [INFO] Removed 81 rows with label=-1 from: /Volumes/JIAYI/ImageFocusDetection/data/valid_samples_labels/valid_sample45_labels/valid_sample45.csv
2026-04-27 17:48:21 [INFO] Removed 1 rows with label=-1 from: /Volumes/JIAYI/ImageFocusDetection/data/valid_samples_labels/valid_sample2_labels/valid_sample2.csv
2026-04-27 17:48:21 [INFO] Removed 2 rows with label=-1 from: /Volumes/JIAYI/ImageFocusDetection/data/valid_samples_labels/valid_sample55_labels/valid_sample55.csv
2026-04-27 17:48:21 [INFO] Removed 2 rows with label=-1 from: /Volumes/JIAYI/ImageFocusDetection/data/valid_samples_labels/valid_sample28_labels/valid_sample28.csv
2026-04-27 17:48:21 [INFO] Removed 156 rows with label=-1 from: /Volumes/JIAYI/ImageFocusDetection/data/valid_samples_labels/valid_sample12_labels/valid_sample12.csv
2026-04-27 17:48:21 [INFO] Removed 34 rows with label=-1 from: /Volumes/JIAYI/ImageFocusDetection/data/valid_samples_labels/valid_sample71_labels/valid_sample71.csv
2026-04-27 17:48:21 [INFO] Merged CSV saved: /Volumes/JIAYI/ImageFocusDetection/data/valid_samples_labels/merged_valid_samples_labels.csv
2026-04-27 17:48:52 [INFO] [CNN] Using class1_threshold=0.5000 for binary prediction.
2026-04-27 17:49:25 [INFO] ========== CNN ==========
2026-04-27 17:49:25 [INFO] Accuracy: 0.9695
2026-04-27 17:49:25 [INFO] Classification Report:

2026-04-27 17:49:25 [INFO]                precision    recall  f1-score   support

2026-04-27 17:49:25 [INFO]            0       0.97      1.00      0.98    121405
2026-04-27 17:49:25 [INFO]            1       1.00      0.72      0.84     14665

2026-04-27 17:49:25 [INFO]     accuracy                           0.97    136070
2026-04-27 17:49:25 [INFO]    macro avg       0.98      0.86      0.91    136070
2026-04-27 17:49:25 [INFO] weighted avg       0.97      0.97      0.97    136070

2026-04-27 17:49:25 [INFO] Confusion Matrix:

2026-04-27 17:49:25 [INFO]  [[121373     32]
2026-04-27 17:49:25 [INFO]  [  4124  10541]]
2026-04-27 17:49:35 [INFO] [CNN] Evaluate overlays saved under: /Volumes/JIAYI/ImageFocusDetection/logs/_evaluate_cache
2026-04-27 17:49:35 [INFO] Packaged outputs: /Volumes/JIAYI/ImageFocusDetection/logs/CNN_epochs_2026_0427_162441
2026-04-27 17:49:37 [INFO] Collected 370 predict image folder(s) to: /Volumes/JIAYI/ImageFocusDetection/logs/CNN_epochs_2026_0427_162441/predict_images
2026-04-27 17:49:38 [INFO] Generated 8 plot(s)
2026-04-27 17:49:38 [INFO] /Volumes/JIAYI/ImageFocusDetection/logs/CNN_epochs_2026_0427_162441/plots/CNN_epochs_Time.png
2026-04-27 17:49:38 [INFO] /Volumes/JIAYI/ImageFocusDetection/logs/CNN_epochs_2026_0427_162441/plots/CNN_epochs_Evaluate.png
2026-04-27 17:49:38 [INFO] /Volumes/JIAYI/ImageFocusDetection/logs/CNN_epochs_2026_0427_162441/plots/CNN_epochs_Loss_AllRuns.png
2026-04-27 17:49:38 [INFO] /Volumes/JIAYI/ImageFocusDetection/logs/CNN_epochs_2026_0427_162441/plots/CNN_epochs_Loss_10.png
2026-04-27 17:49:38 [INFO] /Volumes/JIAYI/ImageFocusDetection/logs/CNN_epochs_2026_0427_162441/plots/CNN_epochs_Loss_20.png
2026-04-27 17:49:38 [INFO] /Volumes/JIAYI/ImageFocusDetection/logs/CNN_epochs_2026_0427_162441/plots/CNN_epochs_Loss_30.png
2026-04-27 17:49:38 [INFO] /Volumes/JIAYI/ImageFocusDetection/logs/CNN_epochs_2026_0427_162441/plots/CNN_epochs_Loss_50.png
2026-04-27 17:49:38 [INFO] /Volumes/JIAYI/ImageFocusDetection/logs/CNN_epochs_2026_0427_162441/plots/CNN_epochs_Loss_60.png
2026-04-27 17:49:38 [INFO] Generated plots: 8
