2026-04-27 12:47:36 [INFO] Sweep target: training.PCA_components -> [0.95, 0.99, 0.995, 0.999]
2026-04-27 12:47:36 [INFO] === Step 1: Preprocessing (Run Once) ===
2026-04-27 12:47:36 [INFO] === Step 1: Preprocessing ===
2026-04-27 12:47:36 [INFO] Deleted folder: /Volumes/JIAYI/ImageFocusDetection/data/samples_labels
2026-04-27 12:48:49 [INFO] Deleted folder: /Volumes/JIAYI/ImageFocusDetection/data/samples
2026-04-27 12:48:49 [INFO] Deleted folder: /Volumes/JIAYI/ImageFocusDetection/data/valid_samples_labels
2026-04-27 12:48:57 [INFO] Deleted folder: /Volumes/JIAYI/ImageFocusDetection/data/valid_samples
2026-04-27 12:48:57 [INFO] Skip already processed: 1P0A0890_L.png
2026-04-27 12:48:57 [INFO] Skip already processed: 1P0A0892_L.png
2026-04-27 12:48:57 [INFO] Skip already processed: 1P0A0898_L.png
2026-04-27 12:48:57 [INFO] Skip already processed: 1P0A0900_L.png
2026-04-27 12:48:57 [INFO] Skip already processed: 1P0A0902_L.png
2026-04-27 12:48:57 [INFO] Skip already processed: 1P0A0904_L.png
2026-04-27 12:48:57 [INFO] Skip already processed: 1P0A0908_L.png
2026-04-27 12:48:57 [INFO] Skip already processed: 1P0A0911_L.png
2026-04-27 12:48:57 [INFO] Skip already processed: 1P0A0912_L.png
2026-04-27 12:48:57 [INFO] Skip already processed: 1P0A0921_L.png
2026-04-27 12:48:57 [INFO] Skip already processed: 1P0A0925_L.png
2026-04-27 12:48:57 [INFO] Skip already processed: 1P0A0926_L.png
2026-04-27 12:48:57 [INFO] Skip already processed: 1P0A0929_L.png
2026-04-27 12:48:57 [INFO] Skip already processed: 1P0A0930_L.png
2026-04-27 12:48:57 [INFO] Skip already processed: 1P0A0937_L.png
2026-04-27 12:48:57 [INFO] Skip already processed: 1P0A0940_L.png
2026-04-27 12:48:57 [INFO] Skip already processed: 1P0A0941_L.png
2026-04-27 12:48:57 [INFO] Skip already processed: 1P0A0944_L.png
2026-04-27 12:48:57 [INFO] Skip already processed: 1P0A0952_L.png
2026-04-27 12:48:57 [INFO] Skip already processed: 1P0A0956_L.png
2026-04-27 12:48:57 [INFO] Skip already processed: 1P0A0965_L.png
2026-04-27 12:48:57 [INFO] Skip already processed: 1P0A0968_L.png
2026-04-27 12:48:57 [INFO] Skip already processed: 1P0A0975_L.png
2026-04-27 12:48:57 [INFO] Skip already processed: 1P0A0980_L.png
2026-04-27 12:48:57 [INFO] Skip already processed: 1P0A0993_L.png
2026-04-27 12:48:57 [INFO] Skip already processed: 1P0A0998_L.png
2026-04-27 12:48:57 [INFO] Skip already processed: 1P0A0999_L.png
2026-04-27 12:48:57 [INFO] Skip already processed: 1P0A1003_L.png
2026-04-27 12:48:57 [INFO] Skip already processed: 1P0A1006_L.png
2026-04-27 12:48:57 [INFO] Skip already processed: 1P0A1011_L.png
2026-04-27 12:48:57 [INFO] Skip already processed: 1P0A1019_L.png
2026-04-27 12:48:57 [INFO] Skip already processed: 1P0A1023_L.png
2026-04-27 12:48:57 [INFO] Skip already processed: 1P0A1026_L.png
2026-04-27 12:48:57 [INFO] Skip already processed: 1P0A1027_L.png
2026-04-27 12:48:57 [INFO] Skip already processed: 1P0A1034_L.png
2026-04-27 12:48:57 [INFO] Skip already processed: 1P0A1039_L.png
2026-04-27 12:48:57 [INFO] Skip already processed: 1P0A1042_L.png
2026-04-27 12:48:57 [INFO] Skip already processed: 1P0A1043_L.png
2026-04-27 12:48:57 [INFO] Skip already processed: 1P0A1047_L.png
2026-04-27 12:48:57 [INFO] Skip already processed: 1P0A1050_L.png
2026-04-27 12:48:57 [INFO] Skip already processed: 1P0A1054_L.png
2026-04-27 12:48:57 [INFO] Skip already processed: 1P0A1058_L.png
2026-04-27 12:48:57 [INFO] Skip already processed: 1P0A1066_L.png
2026-04-27 12:48:57 [INFO] Skip already processed: 1P0A1071_L.png
2026-04-27 12:48:57 [INFO] Skip already processed: 1P0A1075_L.png
2026-04-27 12:48:57 [INFO] Skip already processed: 1P0A1078_L.png
2026-04-27 12:48:57 [INFO] Skip already processed: 1P0A1083_L.png
2026-04-27 12:48:57 [INFO] Skip already processed: 1P0A1086_L.png
2026-04-27 12:48:57 [INFO] Skip already processed: 1P0A1088_L.png
2026-04-27 12:48:57 [INFO] Skip already processed: 1P0A1093_L.png
2026-04-27 12:48:57 [INFO] Skip already processed: 1P0A1094_L.png
2026-04-27 12:48:57 [INFO] Skip already processed: 1P0A1097_L.png
2026-04-27 12:48:57 [INFO] Skip already processed: 1P0A1101_L.png
2026-04-27 12:48:57 [INFO] Skip already processed: 1P0A1102_L.png
2026-04-27 12:48:57 [INFO] Skip already processed: 1P0A1105_L.png
2026-04-27 12:48:57 [INFO] Skip already processed: 1P0A1108_L.png
2026-04-27 12:48:57 [INFO] Skip already processed: 1P0A1109_L.png
2026-04-27 12:48:57 [INFO] Skip already processed: 1P0A1113_L.png
2026-04-27 12:48:57 [INFO] Skip already processed: 1P0A1116_L.png
2026-04-27 12:48:57 [INFO] Skip already processed: 1P0A1312_L.png
2026-04-27 12:48:57 [INFO] Skip already processed: 1P0A1315_L.png
2026-04-27 12:48:57 [INFO] Skip already processed: 1P0A1316_L.png
2026-04-27 12:48:57 [INFO] Skip already processed: 1P0A1319_L.png
2026-04-27 12:48:57 [INFO] Skip already processed: 1P0A1320_L.png
2026-04-27 12:48:57 [INFO] Skip already processed: 1P0A1325_L.png
2026-04-27 12:48:57 [INFO] Skip already processed: 1P0A1326_L.png
2026-04-27 12:48:57 [INFO] Skip already processed: 1P0A1329_L.png
2026-04-27 12:48:57 [INFO] Skip already processed: 1P0A1333_L.png
2026-04-27 12:48:57 [INFO] Skip already processed: 1P0A1338_L.png
2026-04-27 12:48:57 [INFO] Skip already processed: 1P0A1341_L.png
2026-04-27 12:48:57 [INFO] Skip already processed: 1P0A1342_L.png
2026-04-27 12:48:57 [INFO] Skip already processed: 1P0A1360_L.png
2026-04-27 12:48:57 [INFO] Skip already processed: 1P0A1366_L.png
2026-04-27 12:48:57 [INFO] Skip already processed: 1P0A1374_L.png
2026-04-27 12:48:57 [INFO] Skip already processed: 1P0A1376_L.png
2026-04-27 12:48:57 [INFO] Skip already processed: 1P0A1378_L.png
2026-04-27 12:48:57 [INFO] Skip already processed: 1P0A1380_L.png
2026-04-27 12:48:57 [INFO] Skip already processed: 1P0A1382_L.png
2026-04-27 12:48:57 [INFO] Skip already processed: 1P0A1384_L.png
2026-04-27 12:48:57 [INFO] Skip already processed: 1P0A1386_L.png
2026-04-27 12:48:57 [INFO] Skip already processed: 1P0A1398_L.png
2026-04-27 12:48:57 [INFO] Skip already processed: 1P0A1402_L.png
2026-04-27 12:48:57 [INFO] Skip already processed: 1P0A1404_L.png
2026-04-27 12:48:57 [INFO] Skip already processed: 1P0A1408_L.png
2026-04-27 12:48:57 [INFO] Skip already processed: 1P0A1411_L.png
2026-04-27 12:48:57 [INFO] Skip already processed: 1P0A1412_L.png
2026-04-27 12:48:57 [INFO] Skip already processed: 1P0A1418_L.png
2026-04-27 12:48:57 [INFO] Skip already processed: 1P0A1426_L.png
2026-04-27 12:48:57 [INFO] Skip already processed: 1P0A1432_L.png
2026-04-27 12:48:57 [INFO] Skip already processed: 1P0A1448_L.png
2026-04-27 12:48:57 [INFO] Skip already processed: 1P0A1450_L.png
2026-04-27 12:48:57 [INFO] Skip already processed: 1P0A1452_L.png
2026-04-27 12:48:57 [INFO] Skip already processed: 1P0A1454_L.png
2026-04-27 12:48:57 [INFO] Skip already processed: 1P0A1459_L.png
2026-04-27 12:48:57 [INFO] Skip already processed: 1P0A1463_L.png
2026-04-27 12:48:57 [INFO] Skip already processed: 1P0A1465_L.png
2026-04-27 12:48:57 [INFO] Skip already processed: 1P0A1470_L.png
2026-04-27 12:48:57 [INFO] Skip already processed: 1P0A1472_L.png
2026-04-27 12:48:57 [INFO] Skip already processed: 1P0A1474_L.png
2026-04-27 12:48:57 [INFO] Skip already processed: 1P0A1478_L.png
2026-04-27 12:48:57 [INFO] Skip already processed: 1P0A1480_L.png
2026-04-27 12:48:57 [INFO] Skip already processed: 1P0A1482_L.png
2026-04-27 12:48:57 [INFO] Skip already processed: 1P0A1486_L.png
2026-04-27 12:48:57 [INFO] Skip already processed: 1P0A1492_L.png
2026-04-27 12:48:57 [INFO] Skip already processed: 1P0A1494_L.png
2026-04-27 12:48:57 [INFO] Skip already processed: 1P0A1496_L.png
2026-04-27 12:48:57 [INFO] Skip already processed: 1P0A1499_L.png
2026-04-27 12:48:57 [INFO] Skip already processed: 1P0A1500_L.png
2026-04-27 12:48:57 [INFO] Skip already processed: 1P0A1502_L.png
2026-04-27 12:48:57 [INFO] Skip already processed: 1P0A1504_L.png
2026-04-27 12:48:57 [INFO] Skip already processed: 1P0A1506_L.png
2026-04-27 12:48:57 [INFO] Skip already processed: 1P0A1510_L.png
2026-04-27 12:48:57 [INFO] Skip already processed: 1P0A1512_L.png
2026-04-27 12:48:57 [INFO] Skip already processed: 1P0A1514_L.png
2026-04-27 12:48:57 [INFO] Skip already processed: 1P0A1516_L.png
2026-04-27 12:48:57 [INFO] Skip already processed: 1P0A1520_L.png
2026-04-27 12:48:57 [INFO] Skip already processed: 1P0A1522_L.png
2026-04-27 12:48:57 [INFO] Skip already processed: 1P0A1540_L.png
2026-04-27 12:48:57 [INFO] Skip already processed: 1P0A1546_L.png
2026-04-27 12:48:57 [INFO] Skip already processed: 1P0A1548_L.png
2026-04-27 12:48:57 [INFO] Skip already processed: 1P0A1560_L.png
2026-04-27 12:48:57 [INFO] Skip already processed: 1P0A1561_L.png
2026-04-27 12:48:57 [INFO] Skip already processed: 1P0A1570_L.png
2026-04-27 12:48:57 [INFO] Skip already processed: 1P0A1574_L.png
2026-04-27 12:48:57 [INFO] Skip already processed: 1P0A1576_L.png
2026-04-27 12:48:57 [INFO] Skip already processed: 1P0A1578_L.png
2026-04-27 12:48:57 [INFO] Skip already processed: 1P0A1585_L.png
2026-04-27 12:48:57 [INFO] Skip already processed: 1P0A1597_L.png
2026-04-27 12:48:57 [INFO] Skip already processed: 1P0A1598_L.png
2026-04-27 12:48:57 [INFO] Skip already processed: 1P0A1602_L.png
2026-04-27 12:48:57 [INFO] Skip already processed: 1P0A1606_L.png
2026-04-27 12:48:57 [INFO] Skip already processed: 1P0A1616_L.png
2026-04-27 12:48:57 [INFO] Skip already processed: 1P0A1618_L.png
2026-04-27 12:48:57 [INFO] Skip already processed: 1P0A1620_L.png
2026-04-27 12:48:57 [INFO] Skip already processed: 1P0A1622_L.png
2026-04-27 12:48:57 [INFO] Skip already processed: 1P0A1624_L.png
2026-04-27 12:48:57 [INFO] Skip already processed: 1P0A1626_L.png
2026-04-27 12:48:57 [INFO] Skip already processed: 1P0A1628_L.png
2026-04-27 12:48:57 [INFO] Skip already processed: 1P0A1631_L.png
2026-04-27 12:48:57 [INFO] Skip already processed: 1P0A1633_L.png
2026-04-27 12:48:57 [INFO] Skip already processed: 1P0A1637_L.png
2026-04-27 12:48:57 [INFO] Skip already processed: 1P0A1639_L.png
2026-04-27 12:48:57 [INFO] Skip already processed: 1P0A1641_L.png
2026-04-27 12:48:57 [INFO] Skip already processed: 1P0A1646_L.png
2026-04-27 12:48:57 [INFO] Skip already processed: 1P0A1654_L.png
2026-04-27 12:48:57 [INFO] Skip already processed: 1P0A1659_L.png
2026-04-27 12:48:57 [INFO] Skip already processed: 1P0A1663_L.png
2026-04-27 12:48:57 [INFO] Skip already processed: 1P0A1665_L.png
2026-04-27 12:48:57 [INFO] Skip already processed: 1P0A1675_L.png
2026-04-27 12:48:57 [INFO] Skip already processed: 1P0A1678_L.png
2026-04-27 12:48:57 [INFO] Skip already processed: 1P0A1679_L.png
2026-04-27 12:48:57 [INFO] Skip already processed: 1P0A1682_L.png
2026-04-27 12:48:57 [INFO] Skip already processed: 1P0A1685_L.png
2026-04-27 12:48:57 [INFO] Skip already processed: 1P0A1687_L.png
2026-04-27 12:48:57 [INFO] Skip already processed: 1P0A1697_L.png
2026-04-27 12:48:57 [INFO] Skip already processed: 1P0A1699_L.png
2026-04-27 12:48:57 [INFO] Skip already processed: 1P0A1702_L.png
2026-04-27 12:48:57 [INFO] Skip already processed: 1P0A1706_L.png
2026-04-27 12:48:57 [INFO] Skip already processed: 1P0A1707_L.png
2026-04-27 12:48:57 [INFO] Skip already processed: 1P0A1710_L.png
2026-04-27 12:48:57 [INFO] Skip already processed: 1P0A1711_L.png
2026-04-27 12:48:57 [INFO] Skip already processed: 1P0A1713_L.png
2026-04-27 12:48:57 [INFO] Skip already processed: 1P0A1720_L.png
2026-04-27 12:48:57 [INFO] Skip already processed: 1P0A1726_L.png
2026-04-27 12:48:57 [INFO] Skip already processed: 1P0A1727_L.png
2026-04-27 12:48:57 [INFO] Skip already processed: 1P0A1729_L.png
2026-04-27 12:48:57 [INFO] Skip already processed: 1P0A1731_L.png
2026-04-27 12:48:57 [INFO] Skip already processed: 1P0A1738_L.png
2026-04-27 12:48:57 [INFO] Skip already processed: 1P0A1745_L.png
2026-04-27 12:48:57 [INFO] Skip already processed: 1P0A1753_L.png
2026-04-27 12:48:57 [INFO] Skip already processed: 1P0A1761_L.png
2026-04-27 12:48:57 [INFO] Skip already processed: 1P0A1765_L.png
2026-04-27 12:48:57 [INFO] Skip already processed: 1P0A1769_L.png
2026-04-27 12:48:57 [INFO] Skip already processed: 1P0A1773_L.png
2026-04-27 12:48:57 [INFO] Skip already processed: 1P0A1776_L.png
2026-04-27 12:48:57 [INFO] Skip already processed: 1P0A1780_L.png
2026-04-27 12:48:57 [INFO] Skip already processed: 1P0A1790_L.png
2026-04-27 12:48:57 [INFO] Skip already processed: 1P0A1795_L.png
2026-04-27 12:48:57 [INFO] Skip already processed: 1P0A1799_L.png
2026-04-27 12:48:57 [INFO] Skip already processed: 1P0A1806_L.png
2026-04-27 12:48:57 [INFO] Skip already processed: 1P0A1816_L.png
2026-04-27 12:48:57 [INFO] Skip already processed: 1P0A1817_L.png
2026-04-27 12:48:57 [INFO] Skip already processed: 1P0A1821_L.png
2026-04-27 12:48:57 [INFO] Skip already processed: 1P0A1824_L.png
2026-04-27 12:48:57 [INFO] Skip already processed: 1P0A1825_L.png
2026-04-27 12:48:57 [INFO] Skip already processed: 1P0A1828_L.png
2026-04-27 12:48:57 [INFO] Skip already processed: 1P0A1829_L.png
2026-04-27 12:48:57 [INFO] Skip already processed: 1P0A1842_L.png
2026-04-27 12:48:57 [INFO] Skip already processed: 1P0A1843_L.png
2026-04-27 12:48:57 [INFO] Skip already processed: 1P0A1863_L.png
2026-04-27 12:48:57 [INFO] Skip already processed: 1P0A1867_L.png
2026-04-27 12:48:57 [INFO] Skip already processed: 1P0A1869_L.png
2026-04-27 12:48:57 [INFO] Skip already processed: 1P0A1873_L.png
2026-04-27 12:48:57 [INFO] Skip already processed: 1P0A1875_L.png
2026-04-27 12:48:57 [INFO] Skip already processed: 1P0A1880_L.png
2026-04-27 12:48:57 [INFO] Skip already processed: 1P0A1892_L.png
2026-04-27 12:48:57 [INFO] Skip already processed: 1P0A1897_L.png
2026-04-27 12:48:57 [INFO] Skip already processed: 1P0A1899_L.png
2026-04-27 12:48:57 [INFO] Skip already processed: 1P0A1901_L.png
2026-04-27 12:48:57 [INFO] Skip already processed: 1P0A1905_L.png
2026-04-27 12:48:57 [INFO] Skip already processed: 1P0A1918_L.png
2026-04-27 12:48:57 [INFO] Skip already processed: 1P0A1921_L.png
2026-04-27 12:48:57 [INFO] Skip already processed: 1P0A1928_L.png
2026-04-27 12:48:57 [INFO] Skip already processed: 1P0A1930_L.png
2026-04-27 12:48:57 [INFO] Skip already processed: 1P0A1934_L.png
2026-04-27 12:48:57 [INFO] Skip already processed: 1P0A1940_L.png
2026-04-27 12:48:57 [INFO] Skip already processed: 1P0A1944_L.png
2026-04-27 12:48:57 [INFO] Skip already processed: 1P0A1948_L.png
2026-04-27 12:48:57 [INFO] Skip already processed: 1P0A1954_L.png
2026-04-27 12:48:57 [INFO] Skip already processed: 1P0A1957_L.png
2026-04-27 12:48:57 [INFO] Skip already processed: 1P0A1959_L.png
2026-04-27 12:48:57 [INFO] Skip already processed: 1P0A1963_L.png
2026-04-27 12:48:57 [INFO] Skip already processed: 1P0A1965_L.png
2026-04-27 12:48:57 [INFO] Skip already processed: 1P0A1967_L.png
2026-04-27 12:48:57 [INFO] Skip already processed: 1P0A1988_L.png
2026-04-27 12:48:57 [INFO] Skip already processed: 1P0A1990_L.png
2026-04-27 12:48:57 [INFO] Skip already processed: 1P0A1994_L.png
2026-04-27 12:48:57 [INFO] Skip already processed: 1P0A1996_L.png
2026-04-27 12:48:57 [INFO] Skip already processed: 1P0A2000_L.png
2026-04-27 12:48:57 [INFO] Skip already processed: 1P0A2004_L.png
2026-04-27 12:48:57 [INFO] Skip already processed: 1P0A2008_L.png
2026-04-27 12:48:57 [INFO] Skip already processed: 1P0A2011_L.png
2026-04-27 12:48:57 [INFO] Skip already processed: 1P0A2012_L.png
2026-04-27 12:48:57 [INFO] Skip already processed: 1P0A2016_L.png
2026-04-27 12:48:57 [INFO] Skip already processed: 1P0A2018_L.png
2026-04-27 12:48:57 [INFO] Skip already processed: 1P0A2025_L.png
2026-04-27 12:48:57 [INFO] Skip already processed: 1P0A2034_L.png
2026-04-27 12:48:57 [INFO] Skip already processed: 1P0A2036_L.png
2026-04-27 12:48:57 [INFO] Skip already processed: 1P0A2038_L.png
2026-04-27 12:48:57 [INFO] Skip already processed: 1P0A2047_L.png
2026-04-27 12:48:57 [INFO] Skip already processed: 1P0A2050_L.png
2026-04-27 12:48:57 [INFO] Skip already processed: 1P0A2054_L.png
2026-04-27 12:48:57 [INFO] Skip already processed: 1P0A2058_L.png
2026-04-27 12:48:57 [INFO] Skip already processed: 1P0A2062_L.png
2026-04-27 12:48:57 [INFO] Skip already processed: 1P0A2065_L.png
2026-04-27 12:48:57 [INFO] Skip already processed: 1P0A2068_L.png
2026-04-27 12:48:57 [INFO] Skip already processed: 1P0A2071_L.png
2026-04-27 12:48:57 [INFO] Skip already processed: 1P0A2072_L.png
2026-04-27 12:48:57 [INFO] Skip already processed: 1P0A2077_L.png
2026-04-27 12:48:57 [INFO] Skip already processed: 1P0A2078_L.png
2026-04-27 12:48:57 [INFO] Skip already processed: 1P0A2083_L.png
2026-04-27 12:48:57 [INFO] Skip already processed: 1P0A2084_L.png
2026-04-27 12:48:57 [INFO] Skip already processed: 1P0A2086_L.png
2026-04-27 12:48:57 [INFO] Skip already processed: 1P0A2090_L.png
2026-04-27 12:48:57 [INFO] Skip already processed: 1P0A2092_L.png
2026-04-27 12:48:57 [INFO] Skip already processed: 1P0A2101_L.png
2026-04-27 12:48:57 [INFO] Skip already processed: 1P0A2106_L.png
2026-04-27 12:48:57 [INFO] Skip already processed: 1P0A2109_L.png
2026-04-27 12:48:57 [INFO] Skip already processed: 1P0A2115_L.png
2026-04-27 12:48:57 [INFO] Skip already processed: 1P0A2121_L.png
2026-04-27 12:48:57 [INFO] Skip already processed: 1P0A2124_L.png
2026-04-27 12:48:57 [INFO] Skip already processed: 1P0A2125_L.png
2026-04-27 12:48:57 [INFO] Skip already processed: 1P0A2128_L.png
2026-04-27 12:48:57 [INFO] Skip already processed: 1P0A2129_L.png
2026-04-27 12:48:57 [INFO] Skip already processed: 1P0A2131_L.png
2026-04-27 12:48:57 [INFO] Skip already processed: 1P0A2134_L.png
2026-04-27 12:48:57 [INFO] Skip already processed: 1P0A2138_L.png
2026-04-27 12:48:57 [INFO] Skip already processed: 1P0A2142_L.png
2026-04-27 12:48:57 [INFO] Skip already processed: 1P0A2146_L.png
2026-04-27 12:48:57 [INFO] Skip already processed: 1P0A2155_L.png
2026-04-27 12:48:57 [INFO] Skip already processed: 1P0A2158_L.png
2026-04-27 12:48:57 [INFO] Skip already processed: 1P0A2162_L.png
2026-04-27 12:48:57 [INFO] Skip already processed: 1P0A2174_L.png
2026-04-27 12:48:57 [INFO] Skip already processed: 1P0A2178_L.png
2026-04-27 12:48:57 [INFO] Skip already processed: 1P0A2181_L.png
2026-04-27 12:48:57 [INFO] Skip already processed: 1P0A2184_L.png
2026-04-27 12:48:57 [INFO] Skip already processed: 1P0A2189_L.png
2026-04-27 12:48:57 [INFO] Skip already processed: 1P0A2194_L.png
2026-04-27 12:48:57 [INFO] Skip already processed: 1P0A2199_L.png
2026-04-27 12:48:57 [INFO] Skip already processed: 1P0A2203_L.png
2026-04-27 12:48:57 [INFO] Skip already processed: 1P0A2209_L.png
2026-04-27 12:48:57 [INFO] Skip already processed: 1P0A2210_L.png
2026-04-27 12:48:57 [INFO] Skip already processed: 1P0A2213_L.png
2026-04-27 12:48:57 [INFO] Skip already processed: 1P0A2217_L.png
2026-04-27 12:48:57 [INFO] Skip already processed: 1P0A2220_L.png
2026-04-27 12:48:57 [INFO] Skip already processed: 1P0A2221_L.png
2026-04-27 12:48:57 [INFO] Skip already processed: 1P0A2224_L.png
2026-04-27 12:48:57 [INFO] Skip already processed: 1P0A2228_L.png
2026-04-27 12:48:57 [INFO] Skip already processed: 1P0A2231_L.png
2026-04-27 12:48:57 [INFO] Skip already processed: 1P0A2236_L.png
2026-04-27 12:48:57 [INFO] Skip already processed: 1P0A2244_L.png
2026-04-27 12:48:57 [INFO] Skip already processed: 1P0A2247_L.png
2026-04-27 12:48:57 [INFO] Skip already processed: 1P0A2250_L.png
2026-04-27 12:48:57 [INFO] Skip already processed: 1P0A2251_L.png
2026-04-27 12:48:57 [INFO] Skip already processed: 1P0A2254_L.png
2026-04-27 12:48:57 [INFO] Skip already processed: 1P0A2257_L.png
2026-04-27 12:48:57 [INFO] Skip already processed: 1P0A2264_L.png
2026-04-27 12:48:57 [INFO] Skip already processed: 1P0A2265_L.png
2026-04-27 12:48:57 [INFO] Skip already processed: 1P0A2269_L.png
2026-04-27 12:48:57 [INFO] Skip already processed: 1P0A2272_L.png
2026-04-27 12:48:57 [INFO] Skip already processed: 1P0A2275_L.png
2026-04-27 12:48:57 [INFO] Skip already processed: 1P0A2278_L.png
2026-04-27 12:48:57 [INFO] Skip already processed: 1P0A2282_L.png
2026-04-27 12:48:57 [INFO] Skip already processed: 1P0A2285_L.png
2026-04-27 12:48:57 [INFO] Skip already processed: 1P0A2286_L.png
2026-04-27 12:48:57 [INFO] Skip already processed: 1P0A2293_L.png
2026-04-27 12:48:57 [INFO] Skip already processed: 1P0A2296_L.png
2026-04-27 12:48:57 [INFO] Skip already processed: 1P0A2303_L.png
2026-04-27 12:48:57 [INFO] Skip already processed: 1P0A2304_L.png
2026-04-27 12:48:57 [INFO] Skip already processed: 1P0A2307_L.png
2026-04-27 12:48:57 [INFO] Skip already processed: 1P0A2313_L.png
2026-04-27 12:48:57 [INFO] Skip already processed: 1P0A2318_L.png
2026-04-27 12:48:57 [INFO] Skip already processed: 1P0A2321_L.png
2026-04-27 12:48:57 [INFO] Skip already processed: 1P0A2336_L.png
2026-04-27 12:48:57 [INFO] Skip already processed: 1P0A2339_L.png
2026-04-27 12:48:57 [INFO] Skip already processed: 1P0A2343_L.png
2026-04-27 12:48:57 [INFO] Skip already processed: 1P0A2362_L.png
2026-04-27 12:48:57 [INFO] Skip already processed: 1P0A2363_L.png
2026-04-27 12:48:57 [INFO] Skip already processed: 1P0A2366_L.png
2026-04-27 12:48:57 [INFO] Skip already processed: 1P0A2369_L.png
2026-04-27 12:48:57 [INFO] Skip already processed: 1P0A2376_L.png
2026-04-27 12:48:57 [INFO] Skip already processed: 1P0A2379_L.png
2026-04-27 12:48:57 [INFO] Skip already processed: 1P0A2380_L.png
2026-04-27 12:48:57 [INFO] Skip already processed: 1P0A2388_L.png
2026-04-27 12:48:57 [INFO] Skip already processed: 1P0A2389_L.png
2026-04-27 12:48:57 [INFO] Skip already processed: 1P0A2402_L.png
2026-04-27 12:48:57 [INFO] Skip already processed: 1P0A2405_L.png
2026-04-27 12:48:57 [INFO] Skip already processed: 1P0A2408_L.png
2026-04-27 12:48:57 [INFO] Skip already processed: 1P0A2411_L.png
2026-04-27 12:48:57 [INFO] Skip already processed: 1P0A2420_L.png
2026-04-27 12:48:57 [INFO] Skip already processed: 1P0A2423_L.png
2026-04-27 12:48:57 [INFO] Skip already processed: 1P0A2426_L.png
2026-04-27 12:48:57 [INFO] Skip already processed: 1P0A2430_L.png
2026-04-27 12:48:57 [INFO] Skip already processed: 1P0A2442_L.png
2026-04-27 12:48:57 [INFO] Skip already processed: 1P0A2445_L.png
2026-04-27 12:48:57 [INFO] Skip already processed: 1P0A2448_L.png
2026-04-27 12:48:57 [INFO] Skip already processed: 1P0A2452_L.png
2026-04-27 12:48:57 [INFO] Skip already processed: 1P0A2455_L.png
2026-04-27 12:48:57 [INFO] Skip already processed: 1P0A2458_L.png
2026-04-27 12:48:57 [INFO] Skip already processed: 1P0A2467_L.png
2026-04-27 12:48:57 [INFO] Skip already processed: 1P0A2468_L.png
2026-04-27 12:48:57 [INFO] Skip already processed: 1P0A2470_L.png
2026-04-27 12:48:57 [INFO] Skip already processed: 1P0A2473_L.png
2026-04-27 12:48:57 [INFO] Skip already processed: 1P0A2476_L.png
2026-04-27 12:48:57 [INFO] Skip already processed: 1P0A2479_L.png
2026-04-27 12:48:57 [INFO] Skip already processed: 1P0A2485_L.png
2026-04-27 12:48:57 [INFO] Skip already processed: 1P0A2488_L.png
2026-04-27 12:48:57 [INFO] Skip already processed: 1P0A2491_L.png
2026-04-27 12:48:57 [INFO] Skip already processed: 1P0A2492_L.png
2026-04-27 12:48:57 [INFO] Skip already processed: 1P0A2504_L.png
2026-04-27 12:48:57 [INFO] Skip already processed: 1P0A2510_L.png
2026-04-27 12:48:57 [INFO] Skip already processed: 1P0A2516_L.png
2026-04-27 12:48:57 [INFO] Skip already processed: 1P0A2522_L.png
2026-04-27 12:48:57 [INFO] Skip already processed: 1P0A2525_L.png
2026-04-27 12:48:57 [INFO] Skip already processed: 1P0A2528_L.png
2026-04-27 12:48:57 [INFO] Skip already processed: 1P0A2529_L.png
2026-04-27 12:48:57 [INFO] Skip already processed: 1P0A2532_L.png
2026-04-27 12:48:57 [INFO] Skip already processed: 1P0A2535_L.png
2026-04-27 12:48:57 [INFO] Skip already processed: 1P0A2538_L.png
2026-04-27 12:48:57 [INFO] Skip already processed: 1P0A2544_L.png
2026-04-27 12:48:57 [INFO] Skip already processed: 1P0A0894_L.png
2026-04-27 12:48:57 [INFO] Skip already processed: 1P0A0934_L.png
2026-04-27 12:48:57 [INFO] Skip already processed: 1P0A0945_L.png
2026-04-27 12:48:57 [INFO] Skip already processed: 1P0A0949_L.png
2026-04-27 12:48:57 [INFO] Skip already processed: 1P0A0953_L.png
2026-04-27 12:48:57 [INFO] Skip already processed: 1P0A0961_L.png
2026-04-27 12:48:57 [INFO] Skip already processed: 1P0A0976_L.png
2026-04-27 12:48:57 [INFO] Skip already processed: 1P0A0983_L.png
2026-04-27 12:48:57 [INFO] Skip already processed: 1P0A0989_L.png
2026-04-27 12:48:57 [INFO] Skip already processed: 1P0A1010_L.png
2026-04-27 12:48:57 [INFO] Skip already processed: 1P0A1014_L.png
2026-04-27 12:48:57 [INFO] Skip already processed: 1P0A1015_L.png
2026-04-27 12:48:57 [INFO] Skip already processed: 1P0A1055_L.png
2026-04-27 12:48:57 [INFO] Skip already processed: 1P0A1098_L.png
2026-04-27 12:48:57 [INFO] Skip already processed: 1P0A1310_L.png
2026-04-27 12:48:57 [INFO] Skip already processed: 1P0A1346_L.png
2026-04-27 12:48:57 [INFO] Skip already processed: 1P0A1390_L.png
2026-04-27 12:48:57 [INFO] Skip already processed: 1P0A1394_L.png
2026-04-27 12:48:57 [INFO] Skip already processed: 1P0A1396_L.png
2026-04-27 12:48:57 [INFO] Skip already processed: 1P0A1414_L.png
2026-04-27 12:48:57 [INFO] Skip already processed: 1P0A1420_L.png
2026-04-27 12:48:57 [INFO] Skip already processed: 1P0A1424_L.png
2026-04-27 12:48:57 [INFO] Skip already processed: 1P0A1446_L.png
2026-04-27 12:48:57 [INFO] Skip already processed: 1P0A1462_L.png
2026-04-27 12:48:57 [INFO] Skip already processed: 1P0A1536_L.png
2026-04-27 12:48:57 [INFO] Skip already processed: 1P0A1557_L.png
2026-04-27 12:48:57 [INFO] Skip already processed: 1P0A1564_L.png
2026-04-27 12:48:57 [INFO] Skip already processed: 1P0A1593_L.png
2026-04-27 12:48:57 [INFO] Skip already processed: 1P0A1609_L.png
2026-04-27 12:48:57 [INFO] Skip already processed: 1P0A1635_L.png
2026-04-27 12:48:57 [INFO] Skip already processed: 1P0A1683_L.png
2026-04-27 12:48:57 [INFO] Skip already processed: 1P0A1689_L.png
2026-04-27 12:48:57 [INFO] Skip already processed: 1P0A1750_L.png
2026-04-27 12:48:57 [INFO] Skip already processed: 1P0A1755_L.png
2026-04-27 12:48:57 [INFO] Skip already processed: 1P0A1789_L.png
2026-04-27 12:48:57 [INFO] Skip already processed: 1P0A1796_L.png
2026-04-27 12:48:57 [INFO] Skip already processed: 1P0A1803_L.png
2026-04-27 12:48:57 [INFO] Skip already processed: 1P0A1813_L.png
2026-04-27 12:48:57 [INFO] Skip already processed: 1P0A1838_L.png
2026-04-27 12:48:57 [INFO] Skip already processed: 1P0A1889_L.png
2026-04-27 12:48:57 [INFO] Skip already processed: 1P0A1936_L.png
2026-04-27 12:48:57 [INFO] Skip already processed: 1P0A1946_L.png
2026-04-27 12:48:57 [INFO] Skip already processed: 1P0A2027_L.png
2026-04-27 12:48:57 [INFO] Skip already processed: 1P0A2046_L.png
2026-04-27 12:48:57 [INFO] Skip already processed: 1P0A2051_L.png
2026-04-27 12:48:57 [INFO] Skip already processed: 1P0A2055_L.png
2026-04-27 12:48:57 [INFO] Skip already processed: 1P0A2059_L.png
2026-04-27 12:48:57 [INFO] Skip already processed: 1P0A2105_L.png
2026-04-27 12:48:57 [INFO] Skip already processed: 1P0A2114_L.png
2026-04-27 12:48:57 [INFO] Skip already processed: 1P0A2118_L.png
2026-04-27 12:48:57 [INFO] Skip already processed: 1P0A2135_L.png
2026-04-27 12:48:57 [INFO] Skip already processed: 1P0A2139_L.png
2026-04-27 12:48:57 [INFO] Skip already processed: 1P0A2167_L.png
2026-04-27 12:48:57 [INFO] Skip already processed: 1P0A2190_L.png
2026-04-27 12:48:57 [INFO] Skip already processed: 1P0A2232_L.png
2026-04-27 12:48:57 [INFO] Skip already processed: 1P0A2243_L.png
2026-04-27 12:48:57 [INFO] Skip already processed: 1P0A2289_L.png
2026-04-27 12:48:57 [INFO] Skip already processed: 1P0A2292_L.png
2026-04-27 12:48:57 [INFO] Skip already processed: 1P0A2300_L.png
2026-04-27 12:48:57 [INFO] Skip already processed: 1P0A2310_L.png
2026-04-27 12:48:57 [INFO] Skip already processed: 1P0A2324_L.png
2026-04-27 12:48:57 [INFO] Skip already processed: 1P0A2328_L.png
2026-04-27 12:48:57 [INFO] Skip already processed: 1P0A2332_L.png
2026-04-27 12:48:57 [INFO] Skip already processed: 1P0A2340_L.png
2026-04-27 12:48:57 [INFO] Skip already processed: 1P0A2346_L.png
2026-04-27 12:48:57 [INFO] Skip already processed: 1P0A2429_L.png
2026-04-27 12:48:57 [INFO] Skip already processed: 1P0A2435_L.png
2026-04-27 12:48:57 [INFO] Skip already processed: 1P0A2438_L.png
2026-04-27 12:48:57 [INFO] Skip already processed: 1P0A2441_L.png
2026-04-27 12:48:57 [INFO] Skip already processed: 1P0A2461_L.png
2026-04-27 12:48:57 [INFO] Skip already processed: 1P0A2482_L.png
2026-04-27 12:48:57 [INFO] Skip already processed: 1P0A2497_L.png
2026-04-27 12:48:57 [INFO] Skip already processed: 1P0A2507_L.png
2026-04-27 12:48:57 [INFO] Skip already processed: 1P0A2541_L.png
2026-04-27 12:49:00 [INFO] [sample] sample1.png -> sample1: 35x53, patches=1855
2026-04-27 12:49:00 [INFO] [sample] sample4.png -> sample4: 35x53, patches=1855
2026-04-27 12:49:00 [INFO] [sample] sample2.png -> sample2: 35x53, patches=1855
2026-04-27 12:49:00 [INFO] [sample] sample3.png -> sample3: 35x53, patches=1855
2026-04-27 12:49:00 [INFO] [sample] sample5.png -> sample5: 35x53, patches=1855
2026-04-27 12:49:00 [INFO] [sample] sample6.png -> sample6: 35x53, patches=1855
2026-04-27 12:49:00 [INFO] [sample] sample7.png -> sample7: 35x53, patches=1855
2026-04-27 12:49:00 [INFO] [sample] sample8.png -> sample8: 35x53, patches=1855
2026-04-27 12:49:00 [INFO] [sample] sample9.png -> sample9: 35x53, patches=1855
2026-04-27 12:49:00 [INFO] [sample] sample10.png -> sample10: 35x53, patches=1855
2026-04-27 12:49:00 [INFO] [sample] sample11.png -> sample11: 35x53, patches=1855
2026-04-27 12:49:00 [INFO] [sample] sample12.png -> sample12: 35x53, patches=1855
2026-04-27 12:49:00 [INFO] [sample] sample13.png -> sample13: 35x53, patches=1855
2026-04-27 12:49:00 [INFO] [sample] sample14.png -> sample14: 35x53, patches=1855
2026-04-27 12:49:00 [INFO] [sample] sample15.png -> sample15: 35x53, patches=1855
2026-04-27 12:49:00 [INFO] [sample] sample16.png -> sample16: 35x53, patches=1855
2026-04-27 12:49:00 [INFO] [sample] sample17.png -> sample17: 35x53, patches=1855
2026-04-27 12:49:00 [INFO] [sample] sample18.png -> sample18: 35x53, patches=1855
2026-04-27 12:49:00 [INFO] [sample] sample19.png -> sample19: 35x53, patches=1855
2026-04-27 12:49:00 [INFO] [sample] sample20.png -> sample20: 35x53, patches=1855
2026-04-27 12:49:01 [INFO] [sample] sample22.png -> sample22: 35x53, patches=1855
2026-04-27 12:49:01 [INFO] [sample] sample21.png -> sample21: 35x53, patches=1855
2026-04-27 12:49:01 [INFO] [sample] sample23.png -> sample23: 35x53, patches=1855
2026-04-27 12:49:01 [INFO] [sample] sample25.png -> sample25: 35x53, patches=1855
2026-04-27 12:49:01 [INFO] [sample] sample24.png -> sample24: 35x53, patches=1855
2026-04-27 12:49:01 [INFO] [sample] sample26.png -> sample26: 35x53, patches=1855
2026-04-27 12:49:01 [INFO] [sample] sample27.png -> sample27: 35x53, patches=1855
2026-04-27 12:49:01 [INFO] [sample] sample28.png -> sample28: 35x53, patches=1855
2026-04-27 12:49:01 [INFO] [sample] sample29.png -> sample29: 35x53, patches=1855
2026-04-27 12:49:01 [INFO] [sample] sample30.png -> sample30: 35x53, patches=1855
2026-04-27 12:49:01 [INFO] [sample] sample31.png -> sample31: 35x53, patches=1855
2026-04-27 12:49:01 [INFO] [sample] sample32.png -> sample32: 35x53, patches=1855
2026-04-27 12:49:01 [INFO] [sample] sample33.png -> sample33: 35x53, patches=1855
2026-04-27 12:49:01 [INFO] [sample] sample34.png -> sample34: 35x53, patches=1855
2026-04-27 12:49:01 [INFO] [sample] sample35.png -> sample35: 35x53, patches=1855
2026-04-27 12:49:01 [INFO] [sample] sample36.png -> sample36: 35x53, patches=1855
2026-04-27 12:49:01 [INFO] [sample] sample37.png -> sample37: 35x53, patches=1855
2026-04-27 12:49:01 [INFO] [sample] sample38.png -> sample38: 35x53, patches=1855
2026-04-27 12:49:01 [INFO] [sample] sample39.png -> sample39: 35x53, patches=1855
2026-04-27 12:49:01 [INFO] [sample] sample40.png -> sample40: 35x53, patches=1855
2026-04-27 12:49:02 [INFO] [sample] sample41.png -> sample41: 35x53, patches=1855
2026-04-27 12:49:02 [INFO] [sample] sample42.png -> sample42: 35x53, patches=1855
2026-04-27 12:49:02 [INFO] [sample] sample43.png -> sample43: 35x53, patches=1855
2026-04-27 12:49:02 [INFO] [sample] sample44.png -> sample44: 35x53, patches=1855
2026-04-27 12:49:02 [INFO] [sample] sample45.png -> sample45: 35x53, patches=1855
2026-04-27 12:49:02 [INFO] [sample] sample46.png -> sample46: 35x53, patches=1855
2026-04-27 12:49:02 [INFO] [sample] sample47.png -> sample47: 35x53, patches=1855
2026-04-27 12:49:02 [INFO] [sample] sample48.png -> sample48: 35x53, patches=1855
2026-04-27 12:49:02 [INFO] [sample] sample49.png -> sample49: 35x53, patches=1855
2026-04-27 12:49:02 [INFO] [sample] sample50.png -> sample50: 35x53, patches=1855
2026-04-27 12:49:02 [INFO] [sample] sample51.png -> sample51: 35x53, patches=1855
2026-04-27 12:49:02 [INFO] [sample] sample52.png -> sample52: 35x53, patches=1855
2026-04-27 12:49:02 [INFO] [sample] sample53.png -> sample53: 35x53, patches=1855
2026-04-27 12:49:02 [INFO] [sample] sample54.png -> sample54: 35x53, patches=1855
2026-04-27 12:49:02 [INFO] [sample] sample55.png -> sample55: 35x53, patches=1855
2026-04-27 12:49:02 [INFO] [sample] sample56.png -> sample56: 35x53, patches=1855
2026-04-27 12:49:02 [INFO] [sample] sample57.png -> sample57: 35x53, patches=1855
2026-04-27 12:49:02 [INFO] [sample] sample58.png -> sample58: 35x53, patches=1855
2026-04-27 12:49:02 [INFO] [sample] sample59.png -> sample59: 35x53, patches=1855
2026-04-27 12:49:02 [INFO] [sample] sample60.png -> sample60: 35x53, patches=1855
2026-04-27 12:49:02 [INFO] [sample] sample61.png -> sample61: 35x53, patches=1855
2026-04-27 12:49:03 [INFO] [sample] sample62.png -> sample62: 35x53, patches=1855
2026-04-27 12:49:03 [INFO] [sample] sample63.png -> sample63: 35x53, patches=1855
2026-04-27 12:49:03 [INFO] [sample] sample64.png -> sample64: 35x53, patches=1855
2026-04-27 12:49:03 [INFO] [sample] sample65.png -> sample65: 35x53, patches=1855
2026-04-27 12:49:03 [INFO] [sample] sample66.png -> sample66: 35x53, patches=1855
2026-04-27 12:49:03 [INFO] [sample] sample67.png -> sample67: 35x53, patches=1855
2026-04-27 12:49:03 [INFO] [sample] sample68.png -> sample68: 35x53, patches=1855
2026-04-27 12:49:03 [INFO] [sample] sample69.png -> sample69: 35x53, patches=1855
2026-04-27 12:49:03 [INFO] [sample] sample70.png -> sample70: 35x53, patches=1855
2026-04-27 12:49:03 [INFO] [sample] sample71.png -> sample71: 35x53, patches=1855
2026-04-27 12:49:03 [INFO] [sample] sample72.png -> sample72: 35x53, patches=1855
2026-04-27 12:49:03 [INFO] [sample] sample73.png -> sample73: 35x53, patches=1855
2026-04-27 12:49:03 [INFO] [sample] sample74.png -> sample74: 35x53, patches=1855
2026-04-27 12:49:03 [INFO] [sample] sample76.png -> sample76: 35x53, patches=1855
2026-04-27 12:49:03 [INFO] [sample] sample75.png -> sample75: 35x53, patches=1855
2026-04-27 12:49:03 [INFO] [sample] sample77.png -> sample77: 35x53, patches=1855
2026-04-27 12:49:03 [INFO] [sample] sample78.png -> sample78: 35x53, patches=1855
2026-04-27 12:49:03 [INFO] [sample] sample79.png -> sample79: 35x53, patches=1855
2026-04-27 12:49:03 [INFO] [sample] sample80.png -> sample80: 35x53, patches=1855
2026-04-27 12:49:04 [INFO] [sample] sample81.png -> sample81: 35x53, patches=1855
2026-04-27 12:49:04 [INFO] [sample] sample82.png -> sample82: 35x53, patches=1855
2026-04-27 12:49:04 [INFO] [sample] sample83.png -> sample83: 35x53, patches=1855
2026-04-27 12:49:04 [INFO] [sample] sample84.png -> sample84: 35x53, patches=1855
2026-04-27 12:49:04 [INFO] [sample] sample85.png -> sample85: 35x53, patches=1855
2026-04-27 12:49:04 [INFO] [sample] sample87.png -> sample87: 35x53, patches=1855
2026-04-27 12:49:04 [INFO] [sample] sample86.png -> sample86: 35x53, patches=1855
2026-04-27 12:49:04 [INFO] [sample] sample88.png -> sample88: 35x53, patches=1855
2026-04-27 12:49:04 [INFO] [sample] sample89.png -> sample89: 35x53, patches=1855
2026-04-27 12:49:04 [INFO] [sample] sample90.png -> sample90: 35x53, patches=1855
2026-04-27 12:49:04 [INFO] [sample] sample91.png -> sample91: 35x53, patches=1855
2026-04-27 12:49:04 [INFO] [sample] sample92.png -> sample92: 35x53, patches=1855
2026-04-27 12:49:04 [INFO] [sample] sample93.png -> sample93: 35x53, patches=1855
2026-04-27 12:49:04 [INFO] [sample] sample94.png -> sample94: 35x53, patches=1855
2026-04-27 12:49:04 [INFO] [sample] sample95.png -> sample95: 35x53, patches=1855
2026-04-27 12:49:04 [INFO] [sample] sample96.png -> sample96: 35x53, patches=1855
2026-04-27 12:49:04 [INFO] [sample] sample97.png -> sample97: 35x53, patches=1855
2026-04-27 12:49:04 [INFO] [sample] sample98.png -> sample98: 35x53, patches=1855
2026-04-27 12:49:04 [INFO] [sample] sample99.png -> sample99: 35x53, patches=1855
2026-04-27 12:49:05 [INFO] [sample] sample100.png -> sample100: 35x53, patches=1855
2026-04-27 12:49:05 [INFO] [sample] sample101.png -> sample101: 35x53, patches=1855
2026-04-27 12:49:05 [INFO] [sample] sample102.png -> sample102: 35x53, patches=1855
2026-04-27 12:49:05 [INFO] [sample] sample103.png -> sample103: 35x53, patches=1855
2026-04-27 12:49:05 [INFO] [sample] sample104.png -> sample104: 35x53, patches=1855
2026-04-27 12:49:05 [INFO] [sample] sample105.png -> sample105: 35x53, patches=1855
2026-04-27 12:49:05 [INFO] [sample] sample106.png -> sample106: 35x53, patches=1855
2026-04-27 12:49:05 [INFO] [sample] sample107.png -> sample107: 35x53, patches=1855
2026-04-27 12:49:05 [INFO] [sample] sample108.png -> sample108: 35x53, patches=1855
2026-04-27 12:49:05 [INFO] [sample] sample109.png -> sample109: 35x53, patches=1855
2026-04-27 12:49:05 [INFO] [sample] sample110.png -> sample110: 35x53, patches=1855
2026-04-27 12:49:05 [INFO] [sample] sample111.png -> sample111: 35x53, patches=1855
2026-04-27 12:49:05 [INFO] [sample] sample112.png -> sample112: 35x53, patches=1855
2026-04-27 12:49:05 [INFO] [sample] sample113.png -> sample113: 35x53, patches=1855
2026-04-27 12:49:05 [INFO] [sample] sample114.png -> sample114: 35x53, patches=1855
2026-04-27 12:49:06 [INFO] [sample] sample115.png -> sample115: 35x53, patches=1855
2026-04-27 12:49:06 [INFO] [sample] sample116.png -> sample116: 35x53, patches=1855
2026-04-27 12:49:06 [INFO] [sample] sample117.png -> sample117: 35x53, patches=1855
2026-04-27 12:49:06 [INFO] [sample] sample118.png -> sample118: 35x53, patches=1855
2026-04-27 12:49:06 [INFO] [sample] sample119.png -> sample119: 35x53, patches=1855
2026-04-27 12:49:06 [INFO] [sample] sample120.png -> sample120: 35x53, patches=1855
2026-04-27 12:49:06 [INFO] [sample] sample121.png -> sample121: 35x53, patches=1855
2026-04-27 12:49:06 [INFO] [sample] sample122.png -> sample122: 35x53, patches=1855
2026-04-27 12:49:06 [INFO] [sample] sample123.png -> sample123: 35x53, patches=1855
2026-04-27 12:49:06 [INFO] [sample] sample124.png -> sample124: 35x53, patches=1855
2026-04-27 12:49:06 [INFO] [sample] sample125.png -> sample125: 35x53, patches=1855
2026-04-27 12:49:06 [INFO] [sample] sample126.png -> sample126: 35x53, patches=1855
2026-04-27 12:49:06 [INFO] [sample] sample128.png -> sample128: 35x53, patches=1855
2026-04-27 12:49:06 [INFO] [sample] sample127.png -> sample127: 35x53, patches=1855
2026-04-27 12:49:06 [INFO] [sample] sample129.png -> sample129: 35x53, patches=1855
2026-04-27 12:49:06 [INFO] [sample] sample130.png -> sample130: 35x53, patches=1855
2026-04-27 12:49:06 [INFO] [sample] sample131.png -> sample131: 35x53, patches=1855
2026-04-27 12:49:06 [INFO] [sample] sample132.png -> sample132: 35x53, patches=1855
2026-04-27 12:49:06 [INFO] [sample] sample133.png -> sample133: 35x53, patches=1855
2026-04-27 12:49:07 [INFO] [sample] sample134.png -> sample134: 35x53, patches=1855
2026-04-27 12:49:07 [INFO] [sample] sample135.png -> sample135: 35x53, patches=1855
2026-04-27 12:49:07 [INFO] [sample] sample136.png -> sample136: 35x53, patches=1855
2026-04-27 12:49:07 [INFO] [sample] sample137.png -> sample137: 35x53, patches=1855
2026-04-27 12:49:07 [INFO] [sample] sample138.png -> sample138: 35x53, patches=1855
2026-04-27 12:49:07 [INFO] [sample] sample139.png -> sample139: 35x53, patches=1855
2026-04-27 12:49:07 [INFO] [sample] sample141.png -> sample141: 35x53, patches=1855
2026-04-27 12:49:07 [INFO] [sample] sample140.png -> sample140: 35x53, patches=1855
2026-04-27 12:49:07 [INFO] [sample] sample142.png -> sample142: 35x53, patches=1855
2026-04-27 12:49:07 [INFO] [sample] sample143.png -> sample143: 35x53, patches=1855
2026-04-27 12:49:07 [INFO] [sample] sample144.png -> sample144: 35x53, patches=1855
2026-04-27 12:49:07 [INFO] [sample] sample146.png -> sample146: 35x53, patches=1855
2026-04-27 12:49:07 [INFO] [sample] sample145.png -> sample145: 35x53, patches=1855
2026-04-27 12:49:07 [INFO] [sample] sample147.png -> sample147: 35x53, patches=1855
2026-04-27 12:49:07 [INFO] [sample] sample148.png -> sample148: 35x53, patches=1855
2026-04-27 12:49:07 [INFO] [sample] sample150.png -> sample150: 35x53, patches=1855
2026-04-27 12:49:07 [INFO] [sample] sample149.png -> sample149: 35x53, patches=1855
2026-04-27 12:49:07 [INFO] [sample] sample151.png -> sample151: 35x53, patches=1855
2026-04-27 12:49:07 [INFO] [sample] sample152.png -> sample152: 35x53, patches=1855
2026-04-27 12:49:08 [INFO] [sample] sample153.png -> sample153: 35x53, patches=1855
2026-04-27 12:49:08 [INFO] [sample] sample154.png -> sample154: 35x53, patches=1855
2026-04-27 12:49:08 [INFO] [sample] sample155.png -> sample155: 35x53, patches=1855
2026-04-27 12:49:08 [INFO] [sample] sample156.png -> sample156: 35x53, patches=1855
2026-04-27 12:49:08 [INFO] [sample] sample157.png -> sample157: 35x53, patches=1855
2026-04-27 12:49:08 [INFO] [sample] sample158.png -> sample158: 35x53, patches=1855
2026-04-27 12:49:08 [INFO] [sample] sample159.png -> sample159: 35x53, patches=1855
2026-04-27 12:49:08 [INFO] [sample] sample160.png -> sample160: 35x53, patches=1855
2026-04-27 12:49:08 [INFO] [sample] sample161.png -> sample161: 35x53, patches=1855
2026-04-27 12:49:08 [INFO] [sample] sample162.png -> sample162: 35x53, patches=1855
2026-04-27 12:49:08 [INFO] [sample] sample164.png -> sample164: 35x53, patches=1855
2026-04-27 12:49:08 [INFO] [sample] sample163.png -> sample163: 35x53, patches=1855
2026-04-27 12:49:08 [INFO] [sample] sample165.png -> sample165: 35x53, patches=1855
2026-04-27 12:49:08 [INFO] [sample] sample166.png -> sample166: 35x53, patches=1855
2026-04-27 12:49:08 [INFO] [sample] sample167.png -> sample167: 35x53, patches=1855
2026-04-27 12:49:08 [INFO] [sample] sample168.png -> sample168: 35x53, patches=1855
2026-04-27 12:49:08 [INFO] [sample] sample169.png -> sample169: 35x53, patches=1855
2026-04-27 12:49:08 [INFO] [sample] sample170.png -> sample170: 35x53, patches=1855
2026-04-27 12:49:08 [INFO] [sample] sample171.png -> sample171: 35x53, patches=1855
2026-04-27 12:49:08 [INFO] [sample] sample172.png -> sample172: 35x53, patches=1855
2026-04-27 12:49:09 [INFO] [sample] sample173.png -> sample173: 35x53, patches=1855
2026-04-27 12:49:09 [INFO] [sample] sample174.png -> sample174: 35x53, patches=1855
2026-04-27 12:49:09 [INFO] [sample] sample175.png -> sample175: 35x53, patches=1855
2026-04-27 12:49:09 [INFO] [sample] sample176.png -> sample176: 35x53, patches=1855
2026-04-27 12:49:09 [INFO] [sample] sample177.png -> sample177: 35x53, patches=1855
2026-04-27 12:49:09 [INFO] [sample] sample178.png -> sample178: 35x53, patches=1855
2026-04-27 12:49:09 [INFO] [sample] sample180.png -> sample180: 35x53, patches=1855
2026-04-27 12:49:09 [INFO] [sample] sample179.png -> sample179: 35x53, patches=1855
2026-04-27 12:49:09 [INFO] [sample] sample181.png -> sample181: 35x53, patches=1855
2026-04-27 12:49:09 [INFO] [sample] sample182.png -> sample182: 35x53, patches=1855
2026-04-27 12:49:09 [INFO] [sample] sample183.png -> sample183: 35x53, patches=1855
2026-04-27 12:49:09 [INFO] [sample] sample184.png -> sample184: 35x53, patches=1855
2026-04-27 12:49:09 [INFO] [sample] sample185.png -> sample185: 35x53, patches=1855
2026-04-27 12:49:09 [INFO] [sample] sample186.png -> sample186: 35x53, patches=1855
2026-04-27 12:49:09 [INFO] [sample] sample187.png -> sample187: 35x53, patches=1855
2026-04-27 12:49:09 [INFO] [sample] sample188.png -> sample188: 35x53, patches=1855
2026-04-27 12:49:09 [INFO] [sample] sample189.png -> sample189: 35x53, patches=1855
2026-04-27 12:49:09 [INFO] [sample] sample191.png -> sample191: 35x53, patches=1855
2026-04-27 12:49:09 [INFO] [sample] sample190.png -> sample190: 35x53, patches=1855
2026-04-27 12:49:09 [INFO] [sample] sample192.png -> sample192: 35x53, patches=1855
2026-04-27 12:49:10 [INFO] [sample] sample193.png -> sample193: 35x53, patches=1855
2026-04-27 12:49:10 [INFO] [sample] sample194.png -> sample194: 35x53, patches=1855
2026-04-27 12:49:10 [INFO] [sample] sample195.png -> sample195: 35x53, patches=1855
2026-04-27 12:49:10 [INFO] [sample] sample196.png -> sample196: 35x53, patches=1855
2026-04-27 12:49:10 [INFO] [sample] sample197.png -> sample197: 35x53, patches=1855
2026-04-27 12:49:10 [INFO] [sample] sample198.png -> sample198: 35x53, patches=1855
2026-04-27 12:49:10 [INFO] [sample] sample199.png -> sample199: 35x53, patches=1855
2026-04-27 12:49:10 [INFO] [sample] sample200.png -> sample200: 35x53, patches=1855
2026-04-27 12:49:10 [INFO] [sample] sample201.png -> sample201: 35x53, patches=1855
2026-04-27 12:49:10 [INFO] [sample] sample202.png -> sample202: 35x53, patches=1855
2026-04-27 12:49:10 [INFO] [sample] sample203.png -> sample203: 35x53, patches=1855
2026-04-27 12:49:10 [INFO] [sample] sample204.png -> sample204: 35x53, patches=1855
2026-04-27 12:49:10 [INFO] [sample] sample205.png -> sample205: 35x53, patches=1855
2026-04-27 12:49:10 [INFO] [sample] sample206.png -> sample206: 35x53, patches=1855
2026-04-27 12:49:10 [INFO] [sample] sample207.png -> sample207: 35x53, patches=1855
2026-04-27 12:49:10 [INFO] [sample] sample208.png -> sample208: 35x53, patches=1855
2026-04-27 12:49:10 [INFO] [sample] sample209.png -> sample209: 35x53, patches=1855
2026-04-27 12:49:10 [INFO] [sample] sample210.png -> sample210: 35x53, patches=1855
2026-04-27 12:49:10 [INFO] [sample] sample211.png -> sample211: 35x53, patches=1855
2026-04-27 12:49:11 [INFO] [sample] sample212.png -> sample212: 35x53, patches=1855
2026-04-27 12:49:11 [INFO] [sample] sample213.png -> sample213: 35x53, patches=1855
2026-04-27 12:49:11 [INFO] [sample] sample214.png -> sample214: 35x53, patches=1855
2026-04-27 12:49:11 [INFO] [sample] sample215.png -> sample215: 35x53, patches=1855
2026-04-27 12:49:11 [INFO] [sample] sample216.png -> sample216: 35x53, patches=1855
2026-04-27 12:49:11 [INFO] [sample] sample217.png -> sample217: 35x53, patches=1855
2026-04-27 12:49:11 [INFO] [sample] sample218.png -> sample218: 35x53, patches=1855
2026-04-27 12:49:11 [INFO] [sample] sample219.png -> sample219: 35x53, patches=1855
2026-04-27 12:49:11 [INFO] [sample] sample220.png -> sample220: 35x53, patches=1855
2026-04-27 12:49:11 [INFO] [sample] sample221.png -> sample221: 35x53, patches=1855
2026-04-27 12:49:11 [INFO] [sample] sample222.png -> sample222: 35x53, patches=1855
2026-04-27 12:49:11 [INFO] [sample] sample223.png -> sample223: 35x53, patches=1855
2026-04-27 12:49:11 [INFO] [sample] sample224.png -> sample224: 35x53, patches=1855
2026-04-27 12:49:11 [INFO] [sample] sample225.png -> sample225: 35x53, patches=1855
2026-04-27 12:49:11 [INFO] [sample] sample227.png -> sample227: 35x53, patches=1855
2026-04-27 12:49:11 [INFO] [sample] sample226.png -> sample226: 35x53, patches=1855
2026-04-27 12:49:11 [INFO] [sample] sample229.png -> sample229: 35x53, patches=1855
2026-04-27 12:49:11 [INFO] [sample] sample230.png -> sample230: 35x53, patches=1855
2026-04-27 12:49:11 [INFO] [sample] sample228.png -> sample228: 35x53, patches=1855
2026-04-27 12:49:11 [INFO] [sample] sample231.png -> sample231: 35x53, patches=1855
2026-04-27 12:49:11 [INFO] [sample] sample232.png -> sample232: 35x53, patches=1855
2026-04-27 12:49:12 [INFO] [sample] sample233.png -> sample233: 35x53, patches=1855
2026-04-27 12:49:12 [INFO] [sample] sample234.png -> sample234: 35x53, patches=1855
2026-04-27 12:49:12 [INFO] [sample] sample235.png -> sample235: 35x53, patches=1855
2026-04-27 12:49:12 [INFO] [sample] sample236.png -> sample236: 35x53, patches=1855
2026-04-27 12:49:12 [INFO] [sample] sample237.png -> sample237: 35x53, patches=1855
2026-04-27 12:49:12 [INFO] [sample] sample239.png -> sample239: 35x53, patches=1855
2026-04-27 12:49:12 [INFO] [sample] sample238.png -> sample238: 35x53, patches=1855
2026-04-27 12:49:12 [INFO] [sample] sample240.png -> sample240: 35x53, patches=1855
2026-04-27 12:49:12 [INFO] [sample] sample241.png -> sample241: 35x53, patches=1855
2026-04-27 12:49:12 [INFO] [sample] sample242.png -> sample242: 35x53, patches=1855
2026-04-27 12:49:12 [INFO] [sample] sample243.png -> sample243: 35x53, patches=1855
2026-04-27 12:49:12 [INFO] [sample] sample244.png -> sample244: 35x53, patches=1855
2026-04-27 12:49:12 [INFO] [sample] sample245.png -> sample245: 35x53, patches=1855
2026-04-27 12:49:12 [INFO] [sample] sample246.png -> sample246: 35x53, patches=1855
2026-04-27 12:49:12 [INFO] [sample] sample247.png -> sample247: 35x53, patches=1855
2026-04-27 12:49:12 [INFO] [sample] sample248.png -> sample248: 35x53, patches=1855
2026-04-27 12:49:12 [INFO] [sample] sample249.png -> sample249: 35x53, patches=1855
2026-04-27 12:49:12 [INFO] [sample] sample250.png -> sample250: 35x53, patches=1855
2026-04-27 12:49:12 [INFO] [sample] sample251.png -> sample251: 35x53, patches=1855
2026-04-27 12:49:13 [INFO] [sample] sample252.png -> sample252: 35x53, patches=1855
2026-04-27 12:49:13 [INFO] [sample] sample253.png -> sample253: 35x53, patches=1855
2026-04-27 12:49:13 [INFO] [sample] sample254.png -> sample254: 35x53, patches=1855
2026-04-27 12:49:13 [INFO] [sample] sample255.png -> sample255: 35x53, patches=1855
2026-04-27 12:49:13 [INFO] [sample] sample256.png -> sample256: 35x53, patches=1855
2026-04-27 12:49:13 [INFO] [sample] sample257.png -> sample257: 35x53, patches=1855
2026-04-27 12:49:13 [INFO] [sample] sample258.png -> sample258: 35x53, patches=1855
2026-04-27 12:49:13 [INFO] [sample] sample259.png -> sample259: 35x53, patches=1855
2026-04-27 12:49:13 [INFO] [sample] sample260.png -> sample260: 35x53, patches=1855
2026-04-27 12:49:13 [INFO] [sample] sample262.png -> sample262: 35x53, patches=1855
2026-04-27 12:49:13 [INFO] [sample] sample261.png -> sample261: 35x53, patches=1855
2026-04-27 12:49:13 [INFO] [sample] sample263.png -> sample263: 35x53, patches=1855
2026-04-27 12:49:13 [INFO] [sample] sample264.png -> sample264: 35x53, patches=1855
2026-04-27 12:49:13 [INFO] [sample] sample265.png -> sample265: 35x53, patches=1855
2026-04-27 12:49:13 [INFO] [sample] sample267.png -> sample267: 35x53, patches=1855
2026-04-27 12:49:13 [INFO] [sample] sample268.png -> sample268: 35x53, patches=1855
2026-04-27 12:49:13 [INFO] [sample] sample266.png -> sample266: 35x53, patches=1855
2026-04-27 12:49:13 [INFO] [sample] sample269.png -> sample269: 35x53, patches=1855
2026-04-27 12:49:13 [INFO] [sample] sample270.png -> sample270: 35x53, patches=1855
2026-04-27 12:49:14 [INFO] [sample] sample271.png -> sample271: 35x53, patches=1855
2026-04-27 12:49:14 [INFO] [sample] sample272.png -> sample272: 35x53, patches=1855
2026-04-27 12:49:14 [INFO] [sample] sample273.png -> sample273: 35x53, patches=1855
2026-04-27 12:49:14 [INFO] [sample] sample274.png -> sample274: 35x53, patches=1855
2026-04-27 12:49:14 [INFO] [sample] sample275.png -> sample275: 35x53, patches=1855
2026-04-27 12:49:14 [INFO] [sample] sample276.png -> sample276: 35x53, patches=1855
2026-04-27 12:49:14 [INFO] [sample] sample277.png -> sample277: 35x53, patches=1855
2026-04-27 12:49:14 [INFO] [sample] sample278.png -> sample278: 35x53, patches=1855
2026-04-27 12:49:14 [INFO] [sample] sample279.png -> sample279: 35x53, patches=1855
2026-04-27 12:49:14 [INFO] [sample] sample280.png -> sample280: 35x53, patches=1855
2026-04-27 12:49:14 [INFO] [sample] sample281.png -> sample281: 35x53, patches=1855
2026-04-27 12:49:14 [INFO] [sample] sample282.png -> sample282: 35x53, patches=1855
2026-04-27 12:49:14 [INFO] [sample] sample283.png -> sample283: 35x53, patches=1855
2026-04-27 12:49:14 [INFO] [sample] sample284.png -> sample284: 35x53, patches=1855
2026-04-27 12:49:14 [INFO] [sample] sample285.png -> sample285: 35x53, patches=1855
2026-04-27 12:49:14 [INFO] [sample] sample286.png -> sample286: 35x53, patches=1855
2026-04-27 12:49:14 [INFO] [sample] sample287.png -> sample287: 35x53, patches=1855
2026-04-27 12:49:14 [INFO] [sample] sample288.png -> sample288: 35x53, patches=1855
2026-04-27 12:49:14 [INFO] [sample] sample289.png -> sample289: 35x53, patches=1855
2026-04-27 12:49:14 [INFO] [sample] sample290.png -> sample290: 35x53, patches=1855
2026-04-27 12:49:14 [INFO] [sample] sample291.png -> sample291: 35x53, patches=1855
2026-04-27 12:49:15 [INFO] [sample] sample292.png -> sample292: 35x53, patches=1855
2026-04-27 12:49:15 [INFO] [sample] sample293.png -> sample293: 35x53, patches=1855
2026-04-27 12:49:15 [INFO] [sample] sample294.png -> sample294: 35x53, patches=1855
2026-04-27 12:49:15 [INFO] [sample] sample296.png -> sample296: 35x53, patches=1855
2026-04-27 12:49:15 [INFO] [sample] sample295.png -> sample295: 35x53, patches=1855
2026-04-27 12:49:15 [INFO] [sample] sample297.png -> sample297: 35x53, patches=1855
2026-04-27 12:49:15 [INFO] [sample] sample298.png -> sample298: 35x53, patches=1855
2026-04-27 12:49:15 [INFO] [sample] sample299.png -> sample299: 35x53, patches=1855
2026-04-27 12:49:15 [INFO] [sample] sample300.png -> sample300: 35x53, patches=1855
2026-04-27 12:49:15 [INFO] [sample] sample301.png -> sample301: 35x53, patches=1855
2026-04-27 12:49:15 [INFO] [sample] sample302.png -> sample302: 35x53, patches=1855
2026-04-27 12:49:15 [INFO] [sample] sample303.png -> sample303: 35x53, patches=1855
2026-04-27 12:49:15 [INFO] [sample] sample304.png -> sample304: 35x53, patches=1855
2026-04-27 12:49:15 [INFO] [sample] sample305.png -> sample305: 35x53, patches=1855
2026-04-27 12:49:15 [INFO] [sample] sample306.png -> sample306: 35x53, patches=1855
2026-04-27 12:49:15 [INFO] [sample] sample307.png -> sample307: 35x53, patches=1855
2026-04-27 12:49:15 [INFO] [sample] sample308.png -> sample308: 35x53, patches=1855
2026-04-27 12:49:15 [INFO] [sample] sample309.png -> sample309: 35x53, patches=1855
2026-04-27 12:49:15 [INFO] [sample] sample310.png -> sample310: 35x53, patches=1855
2026-04-27 12:49:16 [INFO] [sample] sample311.png -> sample311: 35x53, patches=1855
2026-04-27 12:49:16 [INFO] [sample] sample312.png -> sample312: 35x53, patches=1855
2026-04-27 12:49:16 [INFO] [sample] sample313.png -> sample313: 35x53, patches=1855
2026-04-27 12:49:16 [INFO] [sample] sample314.png -> sample314: 35x53, patches=1855
2026-04-27 12:49:16 [INFO] [sample] sample315.png -> sample315: 35x53, patches=1855
2026-04-27 12:49:16 [INFO] [sample] sample316.png -> sample316: 35x53, patches=1855
2026-04-27 12:49:16 [INFO] [sample] sample317.png -> sample317: 35x53, patches=1855
2026-04-27 12:49:16 [INFO] [sample] sample319.png -> sample319: 35x53, patches=1855
2026-04-27 12:49:16 [INFO] [sample] sample318.png -> sample318: 35x53, patches=1855
2026-04-27 12:49:16 [INFO] [sample] sample320.png -> sample320: 35x53, patches=1855
2026-04-27 12:49:16 [INFO] [sample] sample321.png -> sample321: 35x53, patches=1855
2026-04-27 12:49:16 [INFO] [sample] sample322.png -> sample322: 35x53, patches=1855
2026-04-27 12:49:16 [INFO] [sample] sample323.png -> sample323: 35x53, patches=1855
2026-04-27 12:49:16 [INFO] [sample] sample324.png -> sample324: 35x53, patches=1855
2026-04-27 12:49:16 [INFO] [sample] sample325.png -> sample325: 35x53, patches=1855
2026-04-27 12:49:16 [INFO] [sample] sample326.png -> sample326: 35x53, patches=1855
2026-04-27 12:49:16 [INFO] [sample] sample327.png -> sample327: 35x53, patches=1855
2026-04-27 12:49:16 [INFO] [sample] sample328.png -> sample328: 35x53, patches=1855
2026-04-27 12:49:16 [INFO] [sample] sample329.png -> sample329: 35x53, patches=1855
2026-04-27 12:49:16 [INFO] [sample] sample330.png -> sample330: 35x53, patches=1855
2026-04-27 12:49:17 [INFO] [sample] sample332.png -> sample332: 35x53, patches=1855
2026-04-27 12:49:17 [INFO] [sample] sample331.png -> sample331: 35x53, patches=1855
2026-04-27 12:49:17 [INFO] [sample] sample333.png -> sample333: 35x53, patches=1855
2026-04-27 12:49:17 [INFO] [sample] sample335.png -> sample335: 35x53, patches=1855
2026-04-27 12:49:17 [INFO] [sample] sample334.png -> sample334: 35x53, patches=1855
2026-04-27 12:49:17 [INFO] [sample] sample336.png -> sample336: 35x53, patches=1855
2026-04-27 12:49:17 [INFO] [sample] sample337.png -> sample337: 35x53, patches=1855
2026-04-27 12:49:17 [INFO] [sample] sample338.png -> sample338: 35x53, patches=1855
2026-04-27 12:49:17 [INFO] [sample] sample340.png -> sample340: 35x53, patches=1855
2026-04-27 12:49:17 [INFO] [sample] sample339.png -> sample339: 35x53, patches=1855
2026-04-27 12:49:17 [INFO] [sample] sample341.png -> sample341: 35x53, patches=1855
2026-04-27 12:49:17 [INFO] [sample] sample342.png -> sample342: 35x53, patches=1855
2026-04-27 12:49:17 [INFO] [sample] sample343.png -> sample343: 35x53, patches=1855
2026-04-27 12:49:17 [INFO] [sample] sample344.png -> sample344: 35x53, patches=1855
2026-04-27 12:49:17 [INFO] [sample] sample345.png -> sample345: 35x53, patches=1855
2026-04-27 12:49:17 [INFO] [sample] sample346.png -> sample346: 35x53, patches=1855
2026-04-27 12:49:17 [INFO] [sample] sample347.png -> sample347: 35x53, patches=1855
2026-04-27 12:49:17 [INFO] [sample] sample348.png -> sample348: 35x53, patches=1855
2026-04-27 12:49:17 [INFO] [sample] sample350.png -> sample350: 35x53, patches=1855
2026-04-27 12:49:17 [INFO] [sample] sample349.png -> sample349: 35x53, patches=1855
2026-04-27 12:49:20 [INFO] [valid_sample] valid_sample1.png -> valid_sample1: 35x53, patches=1855
2026-04-27 12:49:20 [INFO] [valid_sample] valid_sample2.png -> valid_sample2: 35x53, patches=1855
2026-04-27 12:49:20 [INFO] [valid_sample] valid_sample3.png -> valid_sample3: 35x53, patches=1855
2026-04-27 12:49:20 [INFO] [valid_sample] valid_sample4.png -> valid_sample4: 35x53, patches=1855
2026-04-27 12:49:20 [INFO] [valid_sample] valid_sample5.png -> valid_sample5: 35x53, patches=1855
2026-04-27 12:49:21 [INFO] [valid_sample] valid_sample7.png -> valid_sample7: 35x53, patches=1855
2026-04-27 12:49:21 [INFO] [valid_sample] valid_sample6.png -> valid_sample6: 35x53, patches=1855
2026-04-27 12:49:21 [INFO] [valid_sample] valid_sample8.png -> valid_sample8: 35x53, patches=1855
2026-04-27 12:49:21 [INFO] [valid_sample] valid_sample10.png -> valid_sample10: 35x53, patches=1855
2026-04-27 12:49:21 [INFO] [valid_sample] valid_sample9.png -> valid_sample9: 35x53, patches=1855
2026-04-27 12:49:21 [INFO] [valid_sample] valid_sample11.png -> valid_sample11: 35x53, patches=1855
2026-04-27 12:49:21 [INFO] [valid_sample] valid_sample12.png -> valid_sample12: 35x53, patches=1855
2026-04-27 12:49:21 [INFO] [valid_sample] valid_sample14.png -> valid_sample14: 35x53, patches=1855
2026-04-27 12:49:21 [INFO] [valid_sample] valid_sample13.png -> valid_sample13: 35x53, patches=1855
2026-04-27 12:49:21 [INFO] [valid_sample] valid_sample15.png -> valid_sample15: 35x53, patches=1855
2026-04-27 12:49:21 [INFO] [valid_sample] valid_sample16.png -> valid_sample16: 35x53, patches=1855
2026-04-27 12:49:21 [INFO] [valid_sample] valid_sample17.png -> valid_sample17: 35x53, patches=1855
2026-04-27 12:49:21 [INFO] [valid_sample] valid_sample18.png -> valid_sample18: 35x53, patches=1855
2026-04-27 12:49:21 [INFO] [valid_sample] valid_sample19.png -> valid_sample19: 35x53, patches=1855
2026-04-27 12:49:21 [INFO] [valid_sample] valid_sample20.png -> valid_sample20: 35x53, patches=1855
2026-04-27 12:49:21 [INFO] [valid_sample] valid_sample21.png -> valid_sample21: 35x53, patches=1855
2026-04-27 12:49:21 [INFO] [valid_sample] valid_sample22.png -> valid_sample22: 35x53, patches=1855
2026-04-27 12:49:21 [INFO] [valid_sample] valid_sample23.png -> valid_sample23: 35x53, patches=1855
2026-04-27 12:49:21 [INFO] [valid_sample] valid_sample24.png -> valid_sample24: 35x53, patches=1855
2026-04-27 12:49:21 [INFO] [valid_sample] valid_sample25.png -> valid_sample25: 35x53, patches=1855
2026-04-27 12:49:22 [INFO] [valid_sample] valid_sample26.png -> valid_sample26: 35x53, patches=1855
2026-04-27 12:49:22 [INFO] [valid_sample] valid_sample27.png -> valid_sample27: 35x53, patches=1855
2026-04-27 12:49:22 [INFO] [valid_sample] valid_sample29.png -> valid_sample29: 35x53, patches=1855
2026-04-27 12:49:22 [INFO] [valid_sample] valid_sample28.png -> valid_sample28: 35x53, patches=1855
2026-04-27 12:49:22 [INFO] [valid_sample] valid_sample30.png -> valid_sample30: 35x53, patches=1855
2026-04-27 12:49:22 [INFO] [valid_sample] valid_sample31.png -> valid_sample31: 35x53, patches=1855
2026-04-27 12:49:22 [INFO] [valid_sample] valid_sample32.png -> valid_sample32: 35x53, patches=1855
2026-04-27 12:49:22 [INFO] [valid_sample] valid_sample33.png -> valid_sample33: 35x53, patches=1855
2026-04-27 12:49:22 [INFO] [valid_sample] valid_sample34.png -> valid_sample34: 35x53, patches=1855
2026-04-27 12:49:22 [INFO] [valid_sample] valid_sample35.png -> valid_sample35: 35x53, patches=1855
2026-04-27 12:49:22 [INFO] [valid_sample] valid_sample36.png -> valid_sample36: 35x53, patches=1855
2026-04-27 12:49:22 [INFO] [valid_sample] valid_sample37.png -> valid_sample37: 35x53, patches=1855
2026-04-27 12:49:22 [INFO] [valid_sample] valid_sample38.png -> valid_sample38: 35x53, patches=1855
2026-04-27 12:49:22 [INFO] [valid_sample] valid_sample39.png -> valid_sample39: 35x53, patches=1855
2026-04-27 12:49:22 [INFO] [valid_sample] valid_sample40.png -> valid_sample40: 35x53, patches=1855
2026-04-27 12:49:22 [INFO] [valid_sample] valid_sample41.png -> valid_sample41: 35x53, patches=1855
2026-04-27 12:49:22 [INFO] [valid_sample] valid_sample42.png -> valid_sample42: 35x53, patches=1855
2026-04-27 12:49:22 [INFO] [valid_sample] valid_sample43.png -> valid_sample43: 35x53, patches=1855
2026-04-27 12:49:22 [INFO] [valid_sample] valid_sample44.png -> valid_sample44: 35x53, patches=1855
2026-04-27 12:49:22 [INFO] [valid_sample] valid_sample45.png -> valid_sample45: 35x53, patches=1855
2026-04-27 12:49:23 [INFO] [valid_sample] valid_sample46.png -> valid_sample46: 35x53, patches=1855
2026-04-27 12:49:23 [INFO] [valid_sample] valid_sample47.png -> valid_sample47: 35x53, patches=1855
2026-04-27 12:49:23 [INFO] [valid_sample] valid_sample48.png -> valid_sample48: 35x53, patches=1855
2026-04-27 12:49:23 [INFO] [valid_sample] valid_sample49.png -> valid_sample49: 35x53, patches=1855
2026-04-27 12:49:23 [INFO] [valid_sample] valid_sample50.png -> valid_sample50: 35x53, patches=1855
2026-04-27 12:49:23 [INFO] [valid_sample] valid_sample51.png -> valid_sample51: 35x53, patches=1855
2026-04-27 12:49:23 [INFO] [valid_sample] valid_sample52.png -> valid_sample52: 35x53, patches=1855
2026-04-27 12:49:23 [INFO] [valid_sample] valid_sample53.png -> valid_sample53: 35x53, patches=1855
2026-04-27 12:49:23 [INFO] [valid_sample] valid_sample54.png -> valid_sample54: 35x53, patches=1855
2026-04-27 12:49:23 [INFO] [valid_sample] valid_sample55.png -> valid_sample55: 35x53, patches=1855
2026-04-27 12:49:23 [INFO] [valid_sample] valid_sample56.png -> valid_sample56: 35x53, patches=1855
2026-04-27 12:49:23 [INFO] [valid_sample] valid_sample57.png -> valid_sample57: 35x53, patches=1855
2026-04-27 12:49:23 [INFO] [valid_sample] valid_sample58.png -> valid_sample58: 35x53, patches=1855
2026-04-27 12:49:23 [INFO] [valid_sample] valid_sample59.png -> valid_sample59: 35x53, patches=1855
2026-04-27 12:49:23 [INFO] [valid_sample] valid_sample60.png -> valid_sample60: 35x53, patches=1855
2026-04-27 12:49:23 [INFO] [valid_sample] valid_sample61.png -> valid_sample61: 35x53, patches=1855
2026-04-27 12:49:23 [INFO] [valid_sample] valid_sample62.png -> valid_sample62: 35x53, patches=1855
2026-04-27 12:49:23 [INFO] [valid_sample] valid_sample64.png -> valid_sample64: 35x53, patches=1855
2026-04-27 12:49:23 [INFO] [valid_sample] valid_sample63.png -> valid_sample63: 35x53, patches=1855
2026-04-27 12:49:24 [INFO] [valid_sample] valid_sample65.png -> valid_sample65: 35x53, patches=1855
2026-04-27 12:49:24 [INFO] [valid_sample] valid_sample66.png -> valid_sample66: 35x53, patches=1855
2026-04-27 12:49:24 [INFO] [valid_sample] valid_sample67.png -> valid_sample67: 35x53, patches=1855
2026-04-27 12:49:24 [INFO] [valid_sample] valid_sample68.png -> valid_sample68: 35x53, patches=1855
2026-04-27 12:49:24 [INFO] [valid_sample] valid_sample69.png -> valid_sample69: 35x53, patches=1855
2026-04-27 12:49:24 [INFO] [valid_sample] valid_sample70.png -> valid_sample70: 35x53, patches=1855
2026-04-27 12:49:24 [INFO] [valid_sample] valid_sample71.png -> valid_sample71: 35x53, patches=1855
2026-04-27 12:49:24 [INFO] [valid_sample] valid_sample72.png -> valid_sample72: 35x53, patches=1855
2026-04-27 12:49:24 [INFO] [valid_sample] valid_sample73.png -> valid_sample73: 35x53, patches=1855
2026-04-27 12:49:24 [INFO] [valid_sample] valid_sample74.png -> valid_sample74: 35x53, patches=1855
2026-04-27 12:49:27 [INFO] Saved: /Volumes/JIAYI/ImageFocusDetection/data/samples_labels/sample297_labels/sample297.csv
2026-04-27 12:49:27 [INFO] Saved: /Volumes/JIAYI/ImageFocusDetection/data/samples_labels/sample263_labels/sample263.csv
2026-04-27 12:49:27 [INFO] Saved: /Volumes/JIAYI/ImageFocusDetection/data/samples_labels/sample264_labels/sample264.csv
2026-04-27 12:49:27 [INFO] Saved: /Volumes/JIAYI/ImageFocusDetection/data/samples_labels/sample5_labels/sample5.csv
2026-04-27 12:49:27 [INFO] Saved: /Volumes/JIAYI/ImageFocusDetection/data/samples_labels/sample290_labels/sample290.csv
2026-04-27 12:49:27 [INFO] Saved: /Volumes/JIAYI/ImageFocusDetection/data/samples_labels/sample299_labels/sample299.csv
2026-04-27 12:49:27 [INFO] Saved: /Volumes/JIAYI/ImageFocusDetection/data/samples_labels/sample2_labels/sample2.csv
2026-04-27 12:49:27 [INFO] Saved: /Volumes/JIAYI/ImageFocusDetection/data/samples_labels/sample252_labels/sample252.csv
2026-04-27 12:49:27 [INFO] Saved: /Volumes/JIAYI/ImageFocusDetection/data/samples_labels/sample201_labels/sample201.csv
2026-04-27 12:49:27 [INFO] Saved: /Volumes/JIAYI/ImageFocusDetection/data/samples_labels/sample255_labels/sample255.csv
2026-04-27 12:49:28 [INFO] Saved: /Volumes/JIAYI/ImageFocusDetection/data/samples_labels/sample239_labels/sample239.csv
2026-04-27 12:49:28 [INFO] Saved: /Volumes/JIAYI/ImageFocusDetection/data/samples_labels/sample206_labels/sample206.csv
2026-04-27 12:49:28 [INFO] Saved: /Volumes/JIAYI/ImageFocusDetection/data/samples_labels/sample230_labels/sample230.csv
2026-04-27 12:49:28 [INFO] Saved: /Volumes/JIAYI/ImageFocusDetection/data/samples_labels/sample237_labels/sample237.csv
2026-04-27 12:49:28 [INFO] Saved: /Volumes/JIAYI/ImageFocusDetection/data/samples_labels/sample208_labels/sample208.csv
2026-04-27 12:49:28 [INFO] Saved: /Volumes/JIAYI/ImageFocusDetection/data/samples_labels/sample3_labels/sample3.csv
2026-04-27 12:49:28 [INFO] Saved: /Volumes/JIAYI/ImageFocusDetection/data/samples_labels/sample254_labels/sample254.csv
2026-04-27 12:49:28 [INFO] Saved: /Volumes/JIAYI/ImageFocusDetection/data/samples_labels/sample4_labels/sample4.csv
2026-04-27 12:49:28 [INFO] Saved: /Volumes/JIAYI/ImageFocusDetection/data/samples_labels/sample298_labels/sample298.csv
2026-04-27 12:49:28 [INFO] Saved: /Volumes/JIAYI/ImageFocusDetection/data/samples_labels/sample253_labels/sample253.csv
2026-04-27 12:49:29 [INFO] Saved: /Volumes/JIAYI/ImageFocusDetection/data/samples_labels/sample291_labels/sample291.csv
2026-04-27 12:49:29 [INFO] Saved: /Volumes/JIAYI/ImageFocusDetection/data/samples_labels/sample262_labels/sample262.csv
2026-04-27 12:49:29 [INFO] Saved: /Volumes/JIAYI/ImageFocusDetection/data/samples_labels/sample265_labels/sample265.csv
2026-04-27 12:49:29 [INFO] Saved: /Volumes/JIAYI/ImageFocusDetection/data/samples_labels/sample236_labels/sample236.csv
2026-04-27 12:49:29 [INFO] Saved: /Volumes/JIAYI/ImageFocusDetection/data/samples_labels/sample296_labels/sample296.csv
2026-04-27 12:49:29 [INFO] Saved: /Volumes/JIAYI/ImageFocusDetection/data/samples_labels/sample209_labels/sample209.csv
2026-04-27 12:49:29 [INFO] Saved: /Volumes/JIAYI/ImageFocusDetection/data/samples_labels/sample207_labels/sample207.csv
2026-04-27 12:49:29 [INFO] Saved: /Volumes/JIAYI/ImageFocusDetection/data/samples_labels/sample231_labels/sample231.csv
2026-04-27 12:49:29 [INFO] Saved: /Volumes/JIAYI/ImageFocusDetection/data/samples_labels/sample238_labels/sample238.csv
2026-04-27 12:49:29 [INFO] Saved: /Volumes/JIAYI/ImageFocusDetection/data/samples_labels/sample200_labels/sample200.csv
2026-04-27 12:49:30 [INFO] Saved: /Volumes/JIAYI/ImageFocusDetection/data/samples_labels/sample14_labels/sample14.csv
2026-04-27 12:49:30 [INFO] Saved: /Volumes/JIAYI/ImageFocusDetection/data/samples_labels/sample13_labels/sample13.csv
2026-04-27 12:49:30 [INFO] Saved: /Volumes/JIAYI/ImageFocusDetection/data/samples_labels/sample140_labels/sample140.csv
2026-04-27 12:49:30 [INFO] Saved: /Volumes/JIAYI/ImageFocusDetection/data/samples_labels/sample178_labels/sample178.csv
2026-04-27 12:49:30 [INFO] Saved: /Volumes/JIAYI/ImageFocusDetection/data/samples_labels/sample147_labels/sample147.csv
2026-04-27 12:49:30 [INFO] Saved: /Volumes/JIAYI/ImageFocusDetection/data/samples_labels/sample25_labels/sample25.csv
2026-04-27 12:49:30 [INFO] Saved: /Volumes/JIAYI/ImageFocusDetection/data/samples_labels/sample343_labels/sample343.csv
2026-04-27 12:49:30 [INFO] Saved: /Volumes/JIAYI/ImageFocusDetection/data/samples_labels/sample185_labels/sample185.csv
2026-04-27 12:49:30 [INFO] Saved: /Volumes/JIAYI/ImageFocusDetection/data/samples_labels/sample22_labels/sample22.csv
2026-04-27 12:49:30 [INFO] Saved: /Volumes/JIAYI/ImageFocusDetection/data/samples_labels/sample171_labels/sample171.csv
2026-04-27 12:49:30 [INFO] Saved: /Volumes/JIAYI/ImageFocusDetection/data/samples_labels/sample149_labels/sample149.csv
2026-04-27 12:49:30 [INFO] Saved: /Volumes/JIAYI/ImageFocusDetection/data/samples_labels/sample344_labels/sample344.csv
2026-04-27 12:49:30 [INFO] Saved: /Volumes/JIAYI/ImageFocusDetection/data/samples_labels/sample182_labels/sample182.csv
2026-04-27 12:49:30 [INFO] Saved: /Volumes/JIAYI/ImageFocusDetection/data/samples_labels/sample49_labels/sample49.csv
2026-04-27 12:49:31 [INFO] Saved: /Volumes/JIAYI/ImageFocusDetection/data/samples_labels/sample176_labels/sample176.csv
2026-04-27 12:49:31 [INFO] Saved: /Volumes/JIAYI/ImageFocusDetection/data/samples_labels/sample310_labels/sample310.csv
2026-04-27 12:49:31 [INFO] Saved: /Volumes/JIAYI/ImageFocusDetection/data/samples_labels/sample82_labels/sample82.csv
2026-04-27 12:49:31 [INFO] Saved: /Volumes/JIAYI/ImageFocusDetection/data/samples_labels/sample122_labels/sample122.csv
2026-04-27 12:49:31 [INFO] Saved: /Volumes/JIAYI/ImageFocusDetection/data/samples_labels/sample76_labels/sample76.csv
2026-04-27 12:49:31 [INFO] Saved: /Volumes/JIAYI/ImageFocusDetection/data/samples_labels/sample125_labels/sample125.csv
2026-04-27 12:49:31 [INFO] Saved: /Volumes/JIAYI/ImageFocusDetection/data/samples_labels/sample317_labels/sample317.csv
2026-04-27 12:49:31 [INFO] Saved: /Volumes/JIAYI/ImageFocusDetection/data/samples_labels/sample328_labels/sample328.csv
2026-04-27 12:49:31 [INFO] Saved: /Volumes/JIAYI/ImageFocusDetection/data/samples_labels/sample113_labels/sample113.csv
2026-04-27 12:49:31 [INFO] Saved: /Volumes/JIAYI/ImageFocusDetection/data/samples_labels/sample85_labels/sample85.csv
2026-04-27 12:49:31 [INFO] Saved: /Volumes/JIAYI/ImageFocusDetection/data/samples_labels/sample71_labels/sample71.csv
2026-04-27 12:49:32 [INFO] Saved: /Volumes/JIAYI/ImageFocusDetection/data/samples_labels/sample321_labels/sample321.csv
2026-04-27 12:49:32 [INFO] Saved: /Volumes/JIAYI/ImageFocusDetection/data/samples_labels/sample78_labels/sample78.csv
2026-04-27 12:49:32 [INFO] Saved: /Volumes/JIAYI/ImageFocusDetection/data/samples_labels/sample47_labels/sample47.csv
2026-04-27 12:49:32 [INFO] Saved: /Volumes/JIAYI/ImageFocusDetection/data/samples_labels/sample326_labels/sample326.csv
2026-04-27 12:49:32 [INFO] Saved: /Volumes/JIAYI/ImageFocusDetection/data/samples_labels/sample114_labels/sample114.csv
2026-04-27 12:49:32 [INFO] Saved: /Volumes/JIAYI/ImageFocusDetection/data/samples_labels/sample40_labels/sample40.csv
2026-04-27 12:49:32 [INFO] Saved: /Volumes/JIAYI/ImageFocusDetection/data/samples_labels/sample319_labels/sample319.csv
2026-04-27 12:49:32 [INFO] Saved: /Volumes/JIAYI/ImageFocusDetection/data/samples_labels/sample148_labels/sample148.csv
2026-04-27 12:49:32 [INFO] Saved: /Volumes/JIAYI/ImageFocusDetection/data/samples_labels/sample23_labels/sample23.csv
2026-04-27 12:49:32 [INFO] Saved: /Volumes/JIAYI/ImageFocusDetection/data/samples_labels/sample345_labels/sample345.csv
2026-04-27 12:49:33 [INFO] Saved: /Volumes/JIAYI/ImageFocusDetection/data/samples_labels/sample177_labels/sample177.csv
2026-04-27 12:49:33 [INFO] Saved: /Volumes/JIAYI/ImageFocusDetection/data/samples_labels/sample183_labels/sample183.csv
2026-04-27 12:49:33 [INFO] Saved: /Volumes/JIAYI/ImageFocusDetection/data/samples_labels/sample184_labels/sample184.csv
2026-04-27 12:49:33 [INFO] Saved: /Volumes/JIAYI/ImageFocusDetection/data/samples_labels/sample24_labels/sample24.csv
2026-04-27 12:49:33 [INFO] Saved: /Volumes/JIAYI/ImageFocusDetection/data/samples_labels/sample170_labels/sample170.csv
2026-04-27 12:49:33 [INFO] Saved: /Volumes/JIAYI/ImageFocusDetection/data/samples_labels/sample12_labels/sample12.csv
2026-04-27 12:49:33 [INFO] Saved: /Volumes/JIAYI/ImageFocusDetection/data/samples_labels/sample342_labels/sample342.csv
2026-04-27 12:49:33 [INFO] Saved: /Volumes/JIAYI/ImageFocusDetection/data/samples_labels/sample179_labels/sample179.csv
2026-04-27 12:49:33 [INFO] Saved: /Volumes/JIAYI/ImageFocusDetection/data/samples_labels/sample146_labels/sample146.csv
2026-04-27 12:49:33 [INFO] Saved: /Volumes/JIAYI/ImageFocusDetection/data/samples_labels/sample15_labels/sample15.csv
2026-04-27 12:49:34 [INFO] Saved: /Volumes/JIAYI/ImageFocusDetection/data/samples_labels/sample141_labels/sample141.csv
2026-04-27 12:49:34 [INFO] Saved: /Volumes/JIAYI/ImageFocusDetection/data/samples_labels/sample115_labels/sample115.csv
2026-04-27 12:49:34 [INFO] Saved: /Volumes/JIAYI/ImageFocusDetection/data/samples_labels/sample327_labels/sample327.csv
2026-04-27 12:49:34 [INFO] Saved: /Volumes/JIAYI/ImageFocusDetection/data/samples_labels/sample318_labels/sample318.csv
2026-04-27 12:49:34 [INFO] Saved: /Volumes/JIAYI/ImageFocusDetection/data/samples_labels/sample41_labels/sample41.csv
2026-04-27 12:49:34 [INFO] Saved: /Volumes/JIAYI/ImageFocusDetection/data/samples_labels/sample320_labels/sample320.csv
2026-04-27 12:49:34 [INFO] Saved: /Volumes/JIAYI/ImageFocusDetection/data/samples_labels/sample79_labels/sample79.csv
2026-04-27 12:49:34 [INFO] Saved: /Volumes/JIAYI/ImageFocusDetection/data/samples_labels/sample112_labels/sample112.csv
2026-04-27 12:49:34 [INFO] Saved: /Volumes/JIAYI/ImageFocusDetection/data/samples_labels/sample46_labels/sample46.csv
2026-04-27 12:49:34 [INFO] Saved: /Volumes/JIAYI/ImageFocusDetection/data/samples_labels/sample316_labels/sample316.csv
2026-04-27 12:49:34 [INFO] Saved: /Volumes/JIAYI/ImageFocusDetection/data/samples_labels/sample84_labels/sample84.csv
2026-04-27 12:49:34 [INFO] Saved: /Volumes/JIAYI/ImageFocusDetection/data/samples_labels/sample124_labels/sample124.csv
2026-04-27 12:49:34 [INFO] Saved: /Volumes/JIAYI/ImageFocusDetection/data/samples_labels/sample329_labels/sample329.csv
2026-04-27 12:49:34 [INFO] Saved: /Volumes/JIAYI/ImageFocusDetection/data/samples_labels/sample123_labels/sample123.csv
2026-04-27 12:49:34 [INFO] Saved: /Volumes/JIAYI/ImageFocusDetection/data/samples_labels/sample70_labels/sample70.csv
2026-04-27 12:49:35 [INFO] Saved: /Volumes/JIAYI/ImageFocusDetection/data/samples_labels/sample311_labels/sample311.csv
2026-04-27 12:49:35 [INFO] Saved: /Volumes/JIAYI/ImageFocusDetection/data/samples_labels/sample48_labels/sample48.csv
2026-04-27 12:49:35 [INFO] Saved: /Volumes/JIAYI/ImageFocusDetection/data/samples_labels/sample83_labels/sample83.csv
2026-04-27 12:49:35 [INFO] Saved: /Volumes/JIAYI/ImageFocusDetection/data/samples_labels/sample77_labels/sample77.csv
2026-04-27 12:49:35 [INFO] Saved: /Volumes/JIAYI/ImageFocusDetection/data/samples_labels/sample55_labels/sample55.csv
2026-04-27 12:49:35 [INFO] Saved: /Volumes/JIAYI/ImageFocusDetection/data/samples_labels/sample333_labels/sample333.csv
2026-04-27 12:49:35 [INFO] Saved: /Volumes/JIAYI/ImageFocusDetection/data/samples_labels/sample52_labels/sample52.csv
2026-04-27 12:49:35 [INFO] Saved: /Volumes/JIAYI/ImageFocusDetection/data/samples_labels/sample101_labels/sample101.csv
2026-04-27 12:49:35 [INFO] Saved: /Volumes/JIAYI/ImageFocusDetection/data/samples_labels/sample139_labels/sample139.csv
2026-04-27 12:49:35 [INFO] Saved: /Volumes/JIAYI/ImageFocusDetection/data/samples_labels/sample99_labels/sample99.csv
2026-04-27 12:49:36 [INFO] Saved: /Volumes/JIAYI/ImageFocusDetection/data/samples_labels/sample334_labels/sample334.csv
2026-04-27 12:49:36 [INFO] Saved: /Volumes/JIAYI/ImageFocusDetection/data/samples_labels/sample106_labels/sample106.csv
2026-04-27 12:49:36 [INFO] Saved: /Volumes/JIAYI/ImageFocusDetection/data/samples_labels/sample64_labels/sample64.csv
2026-04-27 12:49:36 [INFO] Saved: /Volumes/JIAYI/ImageFocusDetection/data/samples_labels/sample90_labels/sample90.csv
2026-04-27 12:49:36 [INFO] Saved: /Volumes/JIAYI/ImageFocusDetection/data/samples_labels/sample130_labels/sample130.csv
2026-04-27 12:49:36 [INFO] Saved: /Volumes/JIAYI/ImageFocusDetection/data/samples_labels/sample108_labels/sample108.csv
2026-04-27 12:49:36 [INFO] Saved: /Volumes/JIAYI/ImageFocusDetection/data/samples_labels/sample302_labels/sample302.csv
2026-04-27 12:49:36 [INFO] Saved: /Volumes/JIAYI/ImageFocusDetection/data/samples_labels/sample63_labels/sample63.csv
2026-04-27 12:49:36 [INFO] Saved: /Volumes/JIAYI/ImageFocusDetection/data/samples_labels/sample97_labels/sample97.csv
2026-04-27 12:49:36 [INFO] Saved: /Volumes/JIAYI/ImageFocusDetection/data/samples_labels/sample305_labels/sample305.csv
2026-04-27 12:49:37 [INFO] Saved: /Volumes/JIAYI/ImageFocusDetection/data/samples_labels/sample137_labels/sample137.csv
2026-04-27 12:49:37 [INFO] Saved: /Volumes/JIAYI/ImageFocusDetection/data/samples_labels/sample163_labels/sample163.csv
2026-04-27 12:49:37 [INFO] Saved: /Volumes/JIAYI/ImageFocusDetection/data/samples_labels/sample197_labels/sample197.csv
2026-04-27 12:49:37 [INFO] Saved: /Volumes/JIAYI/ImageFocusDetection/data/samples_labels/sample37_labels/sample37.csv
2026-04-27 12:49:37 [INFO] Saved: /Volumes/JIAYI/ImageFocusDetection/data/samples_labels/sample190_labels/sample190.csv
2026-04-27 12:49:37 [INFO] Saved: /Volumes/JIAYI/ImageFocusDetection/data/samples_labels/sample164_labels/sample164.csv
2026-04-27 12:49:37 [INFO] Saved: /Volumes/JIAYI/ImageFocusDetection/data/samples_labels/sample30_labels/sample30.csv
2026-04-27 12:49:37 [INFO] Saved: /Volumes/JIAYI/ImageFocusDetection/data/samples_labels/sample39_labels/sample39.csv
2026-04-27 12:49:37 [INFO] Saved: /Volumes/JIAYI/ImageFocusDetection/data/samples_labels/sample199_labels/sample199.csv
2026-04-27 12:49:37 [INFO] Saved: /Volumes/JIAYI/ImageFocusDetection/data/samples_labels/sample152_labels/sample152.csv
2026-04-27 12:49:37 [INFO] Saved: /Volumes/JIAYI/ImageFocusDetection/data/samples_labels/sample155_labels/sample155.csv
2026-04-27 12:49:38 [INFO] Saved: /Volumes/JIAYI/ImageFocusDetection/data/samples_labels/sample96_labels/sample96.csv
2026-04-27 12:49:38 [INFO] Saved: /Volumes/JIAYI/ImageFocusDetection/data/samples_labels/sample62_labels/sample62.csv
2026-04-27 12:49:38 [INFO] Saved: /Volumes/JIAYI/ImageFocusDetection/data/samples_labels/sample109_labels/sample109.csv
2026-04-27 12:49:38 [INFO] Saved: /Volumes/JIAYI/ImageFocusDetection/data/samples_labels/sample136_labels/sample136.csv
2026-04-27 12:49:38 [INFO] Saved: /Volumes/JIAYI/ImageFocusDetection/data/samples_labels/sample304_labels/sample304.csv
2026-04-27 12:49:38 [INFO] Saved: /Volumes/JIAYI/ImageFocusDetection/data/samples_labels/sample65_labels/sample65.csv
2026-04-27 12:49:38 [INFO] Saved: /Volumes/JIAYI/ImageFocusDetection/data/samples_labels/sample303_labels/sample303.csv
2026-04-27 12:49:38 [INFO] Saved: /Volumes/JIAYI/ImageFocusDetection/data/samples_labels/sample131_labels/sample131.csv
2026-04-27 12:49:38 [INFO] Saved: /Volumes/JIAYI/ImageFocusDetection/data/samples_labels/sample91_labels/sample91.csv
2026-04-27 12:49:38 [INFO] Saved: /Volumes/JIAYI/ImageFocusDetection/data/samples_labels/sample138_labels/sample138.csv
2026-04-27 12:49:38 [INFO] Saved: /Volumes/JIAYI/ImageFocusDetection/data/samples_labels/sample53_labels/sample53.csv
2026-04-27 12:49:38 [INFO] Saved: /Volumes/JIAYI/ImageFocusDetection/data/samples_labels/sample335_labels/sample335.csv
2026-04-27 12:49:38 [INFO] Saved: /Volumes/JIAYI/ImageFocusDetection/data/samples_labels/sample98_labels/sample98.csv
2026-04-27 12:49:38 [INFO] Saved: /Volumes/JIAYI/ImageFocusDetection/data/samples_labels/sample107_labels/sample107.csv
2026-04-27 12:49:39 [INFO] Saved: /Volumes/JIAYI/ImageFocusDetection/data/samples_labels/sample54_labels/sample54.csv
2026-04-27 12:49:39 [INFO] Saved: /Volumes/JIAYI/ImageFocusDetection/data/samples_labels/sample100_labels/sample100.csv
2026-04-27 12:49:39 [INFO] Saved: /Volumes/JIAYI/ImageFocusDetection/data/samples_labels/sample153_labels/sample153.csv
2026-04-27 12:49:39 [INFO] Saved: /Volumes/JIAYI/ImageFocusDetection/data/samples_labels/sample154_labels/sample154.csv
2026-04-27 12:49:39 [INFO] Saved: /Volumes/JIAYI/ImageFocusDetection/data/samples_labels/sample332_labels/sample332.csv
2026-04-27 12:49:39 [INFO] Saved: /Volumes/JIAYI/ImageFocusDetection/data/samples_labels/sample38_labels/sample38.csv
2026-04-27 12:49:39 [INFO] Saved: /Volumes/JIAYI/ImageFocusDetection/data/samples_labels/sample198_labels/sample198.csv
2026-04-27 12:49:39 [INFO] Saved: /Volumes/JIAYI/ImageFocusDetection/data/samples_labels/sample191_labels/sample191.csv
2026-04-27 12:49:39 [INFO] Saved: /Volumes/JIAYI/ImageFocusDetection/data/samples_labels/sample165_labels/sample165.csv
2026-04-27 12:49:39 [INFO] Saved: /Volumes/JIAYI/ImageFocusDetection/data/samples_labels/sample31_labels/sample31.csv
2026-04-27 12:49:40 [INFO] Saved: /Volumes/JIAYI/ImageFocusDetection/data/samples_labels/sample196_labels/sample196.csv
2026-04-27 12:49:40 [INFO] Saved: /Volumes/JIAYI/ImageFocusDetection/data/samples_labels/sample350_labels/sample350.csv
2026-04-27 12:49:40 [INFO] Saved: /Volumes/JIAYI/ImageFocusDetection/data/samples_labels/sample36_labels/sample36.csv
2026-04-27 12:49:40 [INFO] Saved: /Volumes/JIAYI/ImageFocusDetection/data/samples_labels/sample162_labels/sample162.csv
2026-04-27 12:49:40 [INFO] Saved: /Volumes/JIAYI/ImageFocusDetection/data/samples_labels/sample222_labels/sample222.csv
2026-04-27 12:49:40 [INFO] Saved: /Volumes/JIAYI/ImageFocusDetection/data/samples_labels/sample225_labels/sample225.csv
2026-04-27 12:49:40 [INFO] Saved: /Volumes/JIAYI/ImageFocusDetection/data/samples_labels/sample213_labels/sample213.csv
2026-04-27 12:49:40 [INFO] Saved: /Volumes/JIAYI/ImageFocusDetection/data/samples_labels/sample214_labels/sample214.csv
2026-04-27 12:49:40 [INFO] Saved: /Volumes/JIAYI/ImageFocusDetection/data/samples_labels/sample240_labels/sample240.csv
2026-04-27 12:49:40 [INFO] Saved: /Volumes/JIAYI/ImageFocusDetection/data/samples_labels/sample247_labels/sample247.csv
2026-04-27 12:49:41 [INFO] Saved: /Volumes/JIAYI/ImageFocusDetection/data/samples_labels/sample278_labels/sample278.csv
2026-04-27 12:49:41 [INFO] Saved: /Volumes/JIAYI/ImageFocusDetection/data/samples_labels/sample285_labels/sample285.csv
2026-04-27 12:49:41 [INFO] Saved: /Volumes/JIAYI/ImageFocusDetection/data/samples_labels/sample276_labels/sample276.csv
2026-04-27 12:49:41 [INFO] Saved: /Volumes/JIAYI/ImageFocusDetection/data/samples_labels/sample271_labels/sample271.csv
2026-04-27 12:49:41 [INFO] Saved: /Volumes/JIAYI/ImageFocusDetection/data/samples_labels/sample282_labels/sample282.csv
2026-04-27 12:49:41 [INFO] Saved: /Volumes/JIAYI/ImageFocusDetection/data/samples_labels/sample249_labels/sample249.csv
2026-04-27 12:49:41 [INFO] Saved: /Volumes/JIAYI/ImageFocusDetection/data/samples_labels/sample212_labels/sample212.csv
2026-04-27 12:49:41 [INFO] Saved: /Volumes/JIAYI/ImageFocusDetection/data/samples_labels/sample215_labels/sample215.csv
2026-04-27 12:49:41 [INFO] Saved: /Volumes/JIAYI/ImageFocusDetection/data/samples_labels/sample224_labels/sample224.csv
2026-04-27 12:49:41 [INFO] Saved: /Volumes/JIAYI/ImageFocusDetection/data/samples_labels/sample223_labels/sample223.csv
2026-04-27 12:49:41 [INFO] Saved: /Volumes/JIAYI/ImageFocusDetection/data/samples_labels/sample283_labels/sample283.csv
2026-04-27 12:49:42 [INFO] Saved: /Volumes/JIAYI/ImageFocusDetection/data/samples_labels/sample277_labels/sample277.csv
2026-04-27 12:49:42 [INFO] Saved: /Volumes/JIAYI/ImageFocusDetection/data/samples_labels/sample248_labels/sample248.csv
2026-04-27 12:49:42 [INFO] Saved: /Volumes/JIAYI/ImageFocusDetection/data/samples_labels/sample270_labels/sample270.csv
2026-04-27 12:49:42 [INFO] Saved: /Volumes/JIAYI/ImageFocusDetection/data/samples_labels/sample284_labels/sample284.csv
2026-04-27 12:49:42 [INFO] Saved: /Volumes/JIAYI/ImageFocusDetection/data/samples_labels/sample246_labels/sample246.csv
2026-04-27 12:49:42 [INFO] Saved: /Volumes/JIAYI/ImageFocusDetection/data/samples_labels/sample279_labels/sample279.csv
2026-04-27 12:49:42 [INFO] Saved: /Volumes/JIAYI/ImageFocusDetection/data/samples_labels/sample241_labels/sample241.csv
2026-04-27 12:49:42 [INFO] Saved: /Volumes/JIAYI/ImageFocusDetection/data/samples_labels/sample205_labels/sample205.csv
2026-04-27 12:49:42 [INFO] Saved: /Volumes/JIAYI/ImageFocusDetection/data/samples_labels/sample202_labels/sample202.csv
2026-04-27 12:49:42 [INFO] Saved: /Volumes/JIAYI/ImageFocusDetection/data/samples_labels/sample234_labels/sample234.csv
2026-04-27 12:49:43 [INFO] Saved: /Volumes/JIAYI/ImageFocusDetection/data/samples_labels/sample233_labels/sample233.csv
2026-04-27 12:49:43 [INFO] Saved: /Volumes/JIAYI/ImageFocusDetection/data/samples_labels/sample258_labels/sample258.csv
2026-04-27 12:49:43 [INFO] Saved: /Volumes/JIAYI/ImageFocusDetection/data/samples_labels/sample267_labels/sample267.csv
2026-04-27 12:49:43 [INFO] Saved: /Volumes/JIAYI/ImageFocusDetection/data/samples_labels/sample293_labels/sample293.csv
2026-04-27 12:49:43 [INFO] Saved: /Volumes/JIAYI/ImageFocusDetection/data/samples_labels/sample8_labels/sample8.csv
2026-04-27 12:49:43 [INFO] Saved: /Volumes/JIAYI/ImageFocusDetection/data/samples_labels/sample294_labels/sample294.csv
2026-04-27 12:49:43 [INFO] Saved: /Volumes/JIAYI/ImageFocusDetection/data/samples_labels/sample260_labels/sample260.csv
2026-04-27 12:49:43 [INFO] Saved: /Volumes/JIAYI/ImageFocusDetection/data/samples_labels/sample1_labels/sample1.csv
2026-04-27 12:49:43 [INFO] Saved: /Volumes/JIAYI/ImageFocusDetection/data/samples_labels/sample269_labels/sample269.csv
2026-04-27 12:49:43 [INFO] Saved: /Volumes/JIAYI/ImageFocusDetection/data/samples_labels/sample256_labels/sample256.csv
2026-04-27 12:49:43 [INFO] Saved: /Volumes/JIAYI/ImageFocusDetection/data/samples_labels/sample6_labels/sample6.csv
2026-04-27 12:49:44 [INFO] Saved: /Volumes/JIAYI/ImageFocusDetection/data/samples_labels/sample251_labels/sample251.csv
2026-04-27 12:49:44 [INFO] Saved: /Volumes/JIAYI/ImageFocusDetection/data/samples_labels/sample232_labels/sample232.csv
2026-04-27 12:49:44 [INFO] Saved: /Volumes/JIAYI/ImageFocusDetection/data/samples_labels/sample235_labels/sample235.csv
2026-04-27 12:49:44 [INFO] Saved: /Volumes/JIAYI/ImageFocusDetection/data/samples_labels/sample203_labels/sample203.csv
2026-04-27 12:49:44 [INFO] Saved: /Volumes/JIAYI/ImageFocusDetection/data/samples_labels/sample204_labels/sample204.csv
2026-04-27 12:49:44 [INFO] Saved: /Volumes/JIAYI/ImageFocusDetection/data/samples_labels/sample7_labels/sample7.csv
2026-04-27 12:49:44 [INFO] Saved: /Volumes/JIAYI/ImageFocusDetection/data/samples_labels/sample250_labels/sample250.csv
2026-04-27 12:49:44 [INFO] Saved: /Volumes/JIAYI/ImageFocusDetection/data/samples_labels/sample268_labels/sample268.csv
2026-04-27 12:49:44 [INFO] Saved: /Volumes/JIAYI/ImageFocusDetection/data/samples_labels/sample257_labels/sample257.csv
2026-04-27 12:49:44 [INFO] Saved: /Volumes/JIAYI/ImageFocusDetection/data/samples_labels/sample261_labels/sample261.csv
2026-04-27 12:49:45 [INFO] Saved: /Volumes/JIAYI/ImageFocusDetection/data/samples_labels/sample9_labels/sample9.csv
2026-04-27 12:49:45 [INFO] Saved: /Volumes/JIAYI/ImageFocusDetection/data/samples_labels/sample259_labels/sample259.csv
2026-04-27 12:49:45 [INFO] Saved: /Volumes/JIAYI/ImageFocusDetection/data/samples_labels/sample295_labels/sample295.csv
2026-04-27 12:49:45 [INFO] Saved: /Volumes/JIAYI/ImageFocusDetection/data/samples_labels/sample292_labels/sample292.csv
2026-04-27 12:49:45 [INFO] Saved: /Volumes/JIAYI/ImageFocusDetection/data/samples_labels/sample266_labels/sample266.csv
2026-04-27 12:49:45 [INFO] Saved: /Volumes/JIAYI/ImageFocusDetection/data/samples_labels/sample314_labels/sample314.csv
2026-04-27 12:49:45 [INFO] Saved: /Volumes/JIAYI/ImageFocusDetection/data/samples_labels/sample126_labels/sample126.csv
2026-04-27 12:49:45 [INFO] Saved: /Volumes/JIAYI/ImageFocusDetection/data/samples_labels/sample72_labels/sample72.csv
2026-04-27 12:49:45 [INFO] Saved: /Volumes/JIAYI/ImageFocusDetection/data/samples_labels/sample119_labels/sample119.csv
2026-04-27 12:49:45 [INFO] Saved: /Volumes/JIAYI/ImageFocusDetection/data/samples_labels/sample86_labels/sample86.csv
2026-04-27 12:49:46 [INFO] Saved: /Volumes/JIAYI/ImageFocusDetection/data/samples_labels/sample121_labels/sample121.csv
2026-04-27 12:49:46 [INFO] Saved: /Volumes/JIAYI/ImageFocusDetection/data/samples_labels/sample313_labels/sample313.csv
2026-04-27 12:49:46 [INFO] Saved: /Volumes/JIAYI/ImageFocusDetection/data/samples_labels/sample81_labels/sample81.csv
2026-04-27 12:49:46 [INFO] Saved: /Volumes/JIAYI/ImageFocusDetection/data/samples_labels/sample75_labels/sample75.csv
2026-04-27 12:49:46 [INFO] Saved: /Volumes/JIAYI/ImageFocusDetection/data/samples_labels/sample88_labels/sample88.csv
2026-04-27 12:49:46 [INFO] Saved: /Volumes/JIAYI/ImageFocusDetection/data/samples_labels/sample117_labels/sample117.csv
2026-04-27 12:49:46 [INFO] Saved: /Volumes/JIAYI/ImageFocusDetection/data/samples_labels/sample325_labels/sample325.csv
2026-04-27 12:49:46 [INFO] Saved: /Volumes/JIAYI/ImageFocusDetection/data/samples_labels/sample43_labels/sample43.csv
2026-04-27 12:49:46 [INFO] Saved: /Volumes/JIAYI/ImageFocusDetection/data/samples_labels/sample128_labels/sample128.csv
2026-04-27 12:49:46 [INFO] Saved: /Volumes/JIAYI/ImageFocusDetection/data/samples_labels/sample322_labels/sample322.csv
2026-04-27 12:49:46 [INFO] Saved: /Volumes/JIAYI/ImageFocusDetection/data/samples_labels/sample110_labels/sample110.csv
2026-04-27 12:49:47 [INFO] Saved: /Volumes/JIAYI/ImageFocusDetection/data/samples_labels/sample44_labels/sample44.csv
2026-04-27 12:49:47 [INFO] Saved: /Volumes/JIAYI/ImageFocusDetection/data/samples_labels/sample349_labels/sample349.csv
2026-04-27 12:49:47 [INFO] Saved: /Volumes/JIAYI/ImageFocusDetection/data/samples_labels/sample10_labels/sample10.csv
2026-04-27 12:49:47 [INFO] Saved: /Volumes/JIAYI/ImageFocusDetection/data/samples_labels/sample144_labels/sample144.csv
2026-04-27 12:49:47 [INFO] Saved: /Volumes/JIAYI/ImageFocusDetection/data/samples_labels/sample188_labels/sample188.csv
2026-04-27 12:49:47 [INFO] Saved: /Volumes/JIAYI/ImageFocusDetection/data/samples_labels/sample17_labels/sample17.csv
2026-04-27 12:49:47 [INFO] Saved: /Volumes/JIAYI/ImageFocusDetection/data/samples_labels/sample143_labels/sample143.csv
2026-04-27 12:49:47 [INFO] Saved: /Volumes/JIAYI/ImageFocusDetection/data/samples_labels/sample28_labels/sample28.csv
2026-04-27 12:49:47 [INFO] Saved: /Volumes/JIAYI/ImageFocusDetection/data/samples_labels/sample21_labels/sample21.csv
2026-04-27 12:49:47 [INFO] Saved: /Volumes/JIAYI/ImageFocusDetection/data/samples_labels/sample181_labels/sample181.csv
2026-04-27 12:49:47 [INFO] Saved: /Volumes/JIAYI/ImageFocusDetection/data/samples_labels/sample347_labels/sample347.csv
2026-04-27 12:49:48 [INFO] Saved: /Volumes/JIAYI/ImageFocusDetection/data/samples_labels/sample26_labels/sample26.csv
2026-04-27 12:49:48 [INFO] Saved: /Volumes/JIAYI/ImageFocusDetection/data/samples_labels/sample175_labels/sample175.csv
2026-04-27 12:49:48 [INFO] Saved: /Volumes/JIAYI/ImageFocusDetection/data/samples_labels/sample172_labels/sample172.csv
2026-04-27 12:49:48 [INFO] Saved: /Volumes/JIAYI/ImageFocusDetection/data/samples_labels/sample340_labels/sample340.csv
2026-04-27 12:49:48 [INFO] Saved: /Volumes/JIAYI/ImageFocusDetection/data/samples_labels/sample19_labels/sample19.csv
2026-04-27 12:49:48 [INFO] Saved: /Volumes/JIAYI/ImageFocusDetection/data/samples_labels/sample111_labels/sample111.csv
2026-04-27 12:49:48 [INFO] Saved: /Volumes/JIAYI/ImageFocusDetection/data/samples_labels/sample186_labels/sample186.csv
2026-04-27 12:49:48 [INFO] Saved: /Volumes/JIAYI/ImageFocusDetection/data/samples_labels/sample323_labels/sample323.csv
2026-04-27 12:49:48 [INFO] Saved: /Volumes/JIAYI/ImageFocusDetection/data/samples_labels/sample45_labels/sample45.csv
2026-04-27 12:49:48 [INFO] Saved: /Volumes/JIAYI/ImageFocusDetection/data/samples_labels/sample324_labels/sample324.csv
2026-04-27 12:49:48 [INFO] Saved: /Volumes/JIAYI/ImageFocusDetection/data/samples_labels/sample89_labels/sample89.csv
2026-04-27 12:49:49 [INFO] Saved: /Volumes/JIAYI/ImageFocusDetection/data/samples_labels/sample129_labels/sample129.csv
2026-04-27 12:49:49 [INFO] Saved: /Volumes/JIAYI/ImageFocusDetection/data/samples_labels/sample116_labels/sample116.csv
2026-04-27 12:49:49 [INFO] Saved: /Volumes/JIAYI/ImageFocusDetection/data/samples_labels/sample42_labels/sample42.csv
2026-04-27 12:49:49 [INFO] Saved: /Volumes/JIAYI/ImageFocusDetection/data/samples_labels/sample312_labels/sample312.csv
2026-04-27 12:49:49 [INFO] Saved: /Volumes/JIAYI/ImageFocusDetection/data/samples_labels/sample120_labels/sample120.csv
2026-04-27 12:49:49 [INFO] Saved: /Volumes/JIAYI/ImageFocusDetection/data/samples_labels/sample74_labels/sample74.csv
2026-04-27 12:49:49 [INFO] Saved: /Volumes/JIAYI/ImageFocusDetection/data/samples_labels/sample80_labels/sample80.csv
2026-04-27 12:49:49 [INFO] Saved: /Volumes/JIAYI/ImageFocusDetection/data/samples_labels/sample127_labels/sample127.csv
2026-04-27 12:49:49 [INFO] Saved: /Volumes/JIAYI/ImageFocusDetection/data/samples_labels/sample315_labels/sample315.csv
2026-04-27 12:49:49 [INFO] Saved: /Volumes/JIAYI/ImageFocusDetection/data/samples_labels/sample87_labels/sample87.csv
2026-04-27 12:49:50 [INFO] Saved: /Volumes/JIAYI/ImageFocusDetection/data/samples_labels/sample73_labels/sample73.csv
2026-04-27 12:49:50 [INFO] Saved: /Volumes/JIAYI/ImageFocusDetection/data/samples_labels/sample118_labels/sample118.csv
2026-04-27 12:49:50 [INFO] Saved: /Volumes/JIAYI/ImageFocusDetection/data/samples_labels/sample27_labels/sample27.csv
2026-04-27 12:49:50 [INFO] Saved: /Volumes/JIAYI/ImageFocusDetection/data/samples_labels/sample187_labels/sample187.csv
2026-04-27 12:49:50 [INFO] Saved: /Volumes/JIAYI/ImageFocusDetection/data/samples_labels/sample341_labels/sample341.csv
2026-04-27 12:49:50 [INFO] Saved: /Volumes/JIAYI/ImageFocusDetection/data/samples_labels/sample18_labels/sample18.csv
2026-04-27 12:49:50 [INFO] Saved: /Volumes/JIAYI/ImageFocusDetection/data/samples_labels/sample173_labels/sample173.csv
2026-04-27 12:49:50 [INFO] Saved: /Volumes/JIAYI/ImageFocusDetection/data/samples_labels/sample20_labels/sample20.csv
2026-04-27 12:49:50 [INFO] Saved: /Volumes/JIAYI/ImageFocusDetection/data/samples_labels/sample174_labels/sample174.csv
2026-04-27 12:49:50 [INFO] Saved: /Volumes/JIAYI/ImageFocusDetection/data/samples_labels/sample346_labels/sample346.csv
2026-04-27 12:49:50 [INFO] Saved: /Volumes/JIAYI/ImageFocusDetection/data/samples_labels/sample16_labels/sample16.csv
2026-04-27 12:49:51 [INFO] Saved: /Volumes/JIAYI/ImageFocusDetection/data/samples_labels/sample180_labels/sample180.csv
2026-04-27 12:49:51 [INFO] Saved: /Volumes/JIAYI/ImageFocusDetection/data/samples_labels/sample189_labels/sample189.csv
2026-04-27 12:49:51 [INFO] Saved: /Volumes/JIAYI/ImageFocusDetection/data/samples_labels/sample142_labels/sample142.csv
2026-04-27 12:49:51 [INFO] Saved: /Volumes/JIAYI/ImageFocusDetection/data/samples_labels/sample29_labels/sample29.csv
2026-04-27 12:49:51 [INFO] Saved: /Volumes/JIAYI/ImageFocusDetection/data/samples_labels/sample348_labels/sample348.csv
2026-04-27 12:49:51 [INFO] Saved: /Volumes/JIAYI/ImageFocusDetection/data/samples_labels/sample11_labels/sample11.csv
2026-04-27 12:49:51 [INFO] Saved: /Volumes/JIAYI/ImageFocusDetection/data/samples_labels/sample145_labels/sample145.csv
2026-04-27 12:49:51 [INFO] Saved: /Volumes/JIAYI/ImageFocusDetection/data/samples_labels/sample193_labels/sample193.csv
2026-04-27 12:49:51 [INFO] Saved: /Volumes/JIAYI/ImageFocusDetection/data/samples_labels/sample167_labels/sample167.csv
2026-04-27 12:49:51 [INFO] Saved: /Volumes/JIAYI/ImageFocusDetection/data/samples_labels/sample33_labels/sample33.csv
2026-04-27 12:49:51 [INFO] Saved: /Volumes/JIAYI/ImageFocusDetection/data/samples_labels/sample158_labels/sample158.csv
2026-04-27 12:49:51 [INFO] Saved: /Volumes/JIAYI/ImageFocusDetection/data/samples_labels/sample160_labels/sample160.csv
2026-04-27 12:49:52 [INFO] Saved: /Volumes/JIAYI/ImageFocusDetection/data/samples_labels/sample194_labels/sample194.csv
2026-04-27 12:49:52 [INFO] Saved: /Volumes/JIAYI/ImageFocusDetection/data/samples_labels/sample34_labels/sample34.csv
2026-04-27 12:49:52 [INFO] Saved: /Volumes/JIAYI/ImageFocusDetection/data/samples_labels/sample156_labels/sample156.csv
2026-04-27 12:49:52 [INFO] Saved: /Volumes/JIAYI/ImageFocusDetection/data/samples_labels/sample169_labels/sample169.csv
2026-04-27 12:49:52 [INFO] Saved: /Volumes/JIAYI/ImageFocusDetection/data/samples_labels/sample151_labels/sample151.csv
2026-04-27 12:49:52 [INFO] Saved: /Volumes/JIAYI/ImageFocusDetection/data/samples_labels/sample308_labels/sample308.csv
2026-04-27 12:49:52 [INFO] Saved: /Volumes/JIAYI/ImageFocusDetection/data/samples_labels/sample51_labels/sample51.csv
2026-04-27 12:49:52 [INFO] Saved: /Volumes/JIAYI/ImageFocusDetection/data/samples_labels/sample337_labels/sample337.csv
2026-04-27 12:49:52 [INFO] Saved: /Volumes/JIAYI/ImageFocusDetection/data/samples_labels/sample105_labels/sample105.csv
2026-04-27 12:49:52 [INFO] Saved: /Volumes/JIAYI/ImageFocusDetection/data/samples_labels/sample56_labels/sample56.csv
2026-04-27 12:49:53 [INFO] Saved: /Volumes/JIAYI/ImageFocusDetection/data/samples_labels/sample102_labels/sample102.csv
2026-04-27 12:49:53 [INFO] Saved: /Volumes/JIAYI/ImageFocusDetection/data/samples_labels/sample330_labels/sample330.csv
2026-04-27 12:49:53 [INFO] Saved: /Volumes/JIAYI/ImageFocusDetection/data/samples_labels/sample69_labels/sample69.csv
2026-04-27 12:49:53 [INFO] Saved: /Volumes/JIAYI/ImageFocusDetection/data/samples_labels/sample60_labels/sample60.csv
2026-04-27 12:49:53 [INFO] Saved: /Volumes/JIAYI/ImageFocusDetection/data/samples_labels/sample339_labels/sample339.csv
2026-04-27 12:49:53 [INFO] Saved: /Volumes/JIAYI/ImageFocusDetection/data/samples_labels/sample94_labels/sample94.csv
2026-04-27 12:49:53 [INFO] Saved: /Volumes/JIAYI/ImageFocusDetection/data/samples_labels/sample134_labels/sample134.csv
2026-04-27 12:49:53 [INFO] Saved: /Volumes/JIAYI/ImageFocusDetection/data/samples_labels/sample306_labels/sample306.csv
2026-04-27 12:49:53 [INFO] Saved: /Volumes/JIAYI/ImageFocusDetection/data/samples_labels/sample67_labels/sample67.csv
2026-04-27 12:49:53 [INFO] Saved: /Volumes/JIAYI/ImageFocusDetection/data/samples_labels/sample93_labels/sample93.csv
2026-04-27 12:49:54 [INFO] Saved: /Volumes/JIAYI/ImageFocusDetection/data/samples_labels/sample301_labels/sample301.csv
2026-04-27 12:49:54 [INFO] Saved: /Volumes/JIAYI/ImageFocusDetection/data/samples_labels/sample58_labels/sample58.csv
2026-04-27 12:49:54 [INFO] Saved: /Volumes/JIAYI/ImageFocusDetection/data/samples_labels/sample133_labels/sample133.csv
2026-04-27 12:49:54 [INFO] Saved: /Volumes/JIAYI/ImageFocusDetection/data/samples_labels/sample157_labels/sample157.csv
2026-04-27 12:49:54 [INFO] Saved: /Volumes/JIAYI/ImageFocusDetection/data/samples_labels/sample150_labels/sample150.csv
2026-04-27 12:49:54 [INFO] Saved: /Volumes/JIAYI/ImageFocusDetection/data/samples_labels/sample168_labels/sample168.csv
2026-04-27 12:49:54 [INFO] Saved: /Volumes/JIAYI/ImageFocusDetection/data/samples_labels/sample195_labels/sample195.csv
2026-04-27 12:49:54 [INFO] Saved: /Volumes/JIAYI/ImageFocusDetection/data/samples_labels/sample161_labels/sample161.csv
2026-04-27 12:49:54 [INFO] Saved: /Volumes/JIAYI/ImageFocusDetection/data/samples_labels/sample35_labels/sample35.csv
2026-04-27 12:49:54 [INFO] Saved: /Volumes/JIAYI/ImageFocusDetection/data/samples_labels/sample166_labels/sample166.csv
2026-04-27 12:49:55 [INFO] Saved: /Volumes/JIAYI/ImageFocusDetection/data/samples_labels/sample192_labels/sample192.csv
2026-04-27 12:49:55 [INFO] Saved: /Volumes/JIAYI/ImageFocusDetection/data/samples_labels/sample159_labels/sample159.csv
2026-04-27 12:49:55 [INFO] Saved: /Volumes/JIAYI/ImageFocusDetection/data/samples_labels/sample32_labels/sample32.csv
2026-04-27 12:49:55 [INFO] Saved: /Volumes/JIAYI/ImageFocusDetection/data/samples_labels/sample66_labels/sample66.csv
2026-04-27 12:49:55 [INFO] Saved: /Volumes/JIAYI/ImageFocusDetection/data/samples_labels/sample92_labels/sample92.csv
2026-04-27 12:49:55 [INFO] Saved: /Volumes/JIAYI/ImageFocusDetection/data/samples_labels/sample132_labels/sample132.csv
2026-04-27 12:49:55 [INFO] Saved: /Volumes/JIAYI/ImageFocusDetection/data/samples_labels/sample300_labels/sample300.csv
2026-04-27 12:49:55 [INFO] Saved: /Volumes/JIAYI/ImageFocusDetection/data/samples_labels/sample59_labels/sample59.csv
2026-04-27 12:49:55 [INFO] Saved: /Volumes/JIAYI/ImageFocusDetection/data/samples_labels/sample95_labels/sample95.csv
2026-04-27 12:49:55 [INFO] Saved: /Volumes/JIAYI/ImageFocusDetection/data/samples_labels/sample61_labels/sample61.csv
2026-04-27 12:49:55 [INFO] Saved: /Volumes/JIAYI/ImageFocusDetection/data/samples_labels/sample338_labels/sample338.csv
2026-04-27 12:49:56 [INFO] Saved: /Volumes/JIAYI/ImageFocusDetection/data/samples_labels/sample307_labels/sample307.csv
2026-04-27 12:49:56 [INFO] Saved: /Volumes/JIAYI/ImageFocusDetection/data/samples_labels/sample135_labels/sample135.csv
2026-04-27 12:49:56 [INFO] Saved: /Volumes/JIAYI/ImageFocusDetection/data/samples_labels/sample57_labels/sample57.csv
2026-04-27 12:49:56 [INFO] Saved: /Volumes/JIAYI/ImageFocusDetection/data/samples_labels/sample68_labels/sample68.csv
2026-04-27 12:49:56 [INFO] Saved: /Volumes/JIAYI/ImageFocusDetection/data/samples_labels/sample331_labels/sample331.csv
2026-04-27 12:49:56 [INFO] Saved: /Volumes/JIAYI/ImageFocusDetection/data/samples_labels/sample103_labels/sample103.csv
2026-04-27 12:49:56 [INFO] Saved: /Volumes/JIAYI/ImageFocusDetection/data/samples_labels/sample309_labels/sample309.csv
2026-04-27 12:49:56 [INFO] Saved: /Volumes/JIAYI/ImageFocusDetection/data/samples_labels/sample104_labels/sample104.csv
2026-04-27 12:49:56 [INFO] Saved: /Volumes/JIAYI/ImageFocusDetection/data/samples_labels/sample50_labels/sample50.csv
2026-04-27 12:49:56 [INFO] Saved: /Volumes/JIAYI/ImageFocusDetection/data/samples_labels/sample336_labels/sample336.csv
2026-04-27 12:49:56 [INFO] Saved: /Volumes/JIAYI/ImageFocusDetection/data/samples_labels/sample244_labels/sample244.csv
2026-04-27 12:49:57 [INFO] Saved: /Volumes/JIAYI/ImageFocusDetection/data/samples_labels/sample243_labels/sample243.csv
2026-04-27 12:49:57 [INFO] Saved: /Volumes/JIAYI/ImageFocusDetection/data/samples_labels/sample288_labels/sample288.csv
2026-04-27 12:49:57 [INFO] Saved: /Volumes/JIAYI/ImageFocusDetection/data/samples_labels/sample275_labels/sample275.csv
2026-04-27 12:49:57 [INFO] Saved: /Volumes/JIAYI/ImageFocusDetection/data/samples_labels/sample286_labels/sample286.csv
2026-04-27 12:49:57 [INFO] Saved: /Volumes/JIAYI/ImageFocusDetection/data/samples_labels/sample281_labels/sample281.csv
2026-04-27 12:49:57 [INFO] Saved: /Volumes/JIAYI/ImageFocusDetection/data/samples_labels/sample272_labels/sample272.csv
2026-04-27 12:49:57 [INFO] Saved: /Volumes/JIAYI/ImageFocusDetection/data/samples_labels/sample219_labels/sample219.csv
2026-04-27 12:49:57 [INFO] Saved: /Volumes/JIAYI/ImageFocusDetection/data/samples_labels/sample226_labels/sample226.csv
2026-04-27 12:49:57 [INFO] Saved: /Volumes/JIAYI/ImageFocusDetection/data/samples_labels/sample228_labels/sample228.csv
2026-04-27 12:49:57 [INFO] Saved: /Volumes/JIAYI/ImageFocusDetection/data/samples_labels/sample221_labels/sample221.csv
2026-04-27 12:49:57 [INFO] Saved: /Volumes/JIAYI/ImageFocusDetection/data/samples_labels/sample217_labels/sample217.csv
2026-04-27 12:49:58 [INFO] Saved: /Volumes/JIAYI/ImageFocusDetection/data/samples_labels/sample273_labels/sample273.csv
2026-04-27 12:49:58 [INFO] Saved: /Volumes/JIAYI/ImageFocusDetection/data/samples_labels/sample210_labels/sample210.csv
2026-04-27 12:49:58 [INFO] Saved: /Volumes/JIAYI/ImageFocusDetection/data/samples_labels/sample287_labels/sample287.csv
2026-04-27 12:49:58 [INFO] Saved: /Volumes/JIAYI/ImageFocusDetection/data/samples_labels/sample280_labels/sample280.csv
2026-04-27 12:49:58 [INFO] Saved: /Volumes/JIAYI/ImageFocusDetection/data/samples_labels/sample274_labels/sample274.csv
2026-04-27 12:49:58 [INFO] Saved: /Volumes/JIAYI/ImageFocusDetection/data/samples_labels/sample289_labels/sample289.csv
2026-04-27 12:49:58 [INFO] Saved: /Volumes/JIAYI/ImageFocusDetection/data/samples_labels/sample242_labels/sample242.csv
2026-04-27 12:49:58 [INFO] Saved: /Volumes/JIAYI/ImageFocusDetection/data/samples_labels/sample245_labels/sample245.csv
2026-04-27 12:49:58 [INFO] Saved: /Volumes/JIAYI/ImageFocusDetection/data/samples_labels/sample229_labels/sample229.csv
2026-04-27 12:49:58 [INFO] Saved: /Volumes/JIAYI/ImageFocusDetection/data/samples_labels/sample211_labels/sample211.csv
2026-04-27 12:49:59 [INFO] Saved: /Volumes/JIAYI/ImageFocusDetection/data/samples_labels/sample220_labels/sample220.csv
2026-04-27 12:49:59 [INFO] Saved: /Volumes/JIAYI/ImageFocusDetection/data/samples_labels/sample216_labels/sample216.csv
2026-04-27 12:49:59 [INFO] Saved: /Volumes/JIAYI/ImageFocusDetection/data/samples_labels/sample218_labels/sample218.csv
2026-04-27 12:49:59 [INFO] Saved: /Volumes/JIAYI/ImageFocusDetection/data/samples_labels/sample227_labels/sample227.csv
2026-04-27 12:50:02 [INFO] Saved: /Volumes/JIAYI/ImageFocusDetection/data/valid_samples_labels/valid_sample62_labels/valid_sample62.csv
2026-04-27 12:50:02 [INFO] Saved: /Volumes/JIAYI/ImageFocusDetection/data/valid_samples_labels/valid_sample65_labels/valid_sample65.csv
2026-04-27 12:50:02 [INFO] Saved: /Volumes/JIAYI/ImageFocusDetection/data/valid_samples_labels/valid_sample53_labels/valid_sample53.csv
2026-04-27 12:50:02 [INFO] Saved: /Volumes/JIAYI/ImageFocusDetection/data/valid_samples_labels/valid_sample54_labels/valid_sample54.csv
2026-04-27 12:50:02 [INFO] Saved: /Volumes/JIAYI/ImageFocusDetection/data/valid_samples_labels/valid_sample38_labels/valid_sample38.csv
2026-04-27 12:50:02 [INFO] Saved: /Volumes/JIAYI/ImageFocusDetection/data/valid_samples_labels/valid_sample7_labels/valid_sample7.csv
2026-04-27 12:50:02 [INFO] Saved: /Volumes/JIAYI/ImageFocusDetection/data/valid_samples_labels/valid_sample31_labels/valid_sample31.csv
2026-04-27 12:50:02 [INFO] Saved: /Volumes/JIAYI/ImageFocusDetection/data/valid_samples_labels/valid_sample9_labels/valid_sample9.csv
2026-04-27 12:50:02 [INFO] Saved: /Volumes/JIAYI/ImageFocusDetection/data/valid_samples_labels/valid_sample36_labels/valid_sample36.csv
2026-04-27 12:50:02 [INFO] Saved: /Volumes/JIAYI/ImageFocusDetection/data/valid_samples_labels/valid_sample55_labels/valid_sample55.csv
2026-04-27 12:50:03 [INFO] Saved: /Volumes/JIAYI/ImageFocusDetection/data/valid_samples_labels/valid_sample52_labels/valid_sample52.csv
2026-04-27 12:50:03 [INFO] Saved: /Volumes/JIAYI/ImageFocusDetection/data/valid_samples_labels/valid_sample64_labels/valid_sample64.csv
2026-04-27 12:50:03 [INFO] Saved: /Volumes/JIAYI/ImageFocusDetection/data/valid_samples_labels/valid_sample8_labels/valid_sample8.csv
2026-04-27 12:50:03 [INFO] Saved: /Volumes/JIAYI/ImageFocusDetection/data/valid_samples_labels/valid_sample63_labels/valid_sample63.csv
2026-04-27 12:50:03 [INFO] Saved: /Volumes/JIAYI/ImageFocusDetection/data/valid_samples_labels/valid_sample37_labels/valid_sample37.csv
2026-04-27 12:50:03 [INFO] Saved: /Volumes/JIAYI/ImageFocusDetection/data/valid_samples_labels/valid_sample30_labels/valid_sample30.csv
2026-04-27 12:50:03 [INFO] Saved: /Volumes/JIAYI/ImageFocusDetection/data/valid_samples_labels/valid_sample39_labels/valid_sample39.csv
2026-04-27 12:50:03 [INFO] Saved: /Volumes/JIAYI/ImageFocusDetection/data/valid_samples_labels/valid_sample6_labels/valid_sample6.csv
2026-04-27 12:50:03 [INFO] Saved: /Volumes/JIAYI/ImageFocusDetection/data/valid_samples_labels/valid_sample1_labels/valid_sample1.csv
2026-04-27 12:50:03 [INFO] Saved: /Volumes/JIAYI/ImageFocusDetection/data/valid_samples_labels/valid_sample23_labels/valid_sample23.csv
2026-04-27 12:50:04 [INFO] Saved: /Volumes/JIAYI/ImageFocusDetection/data/valid_samples_labels/valid_sample24_labels/valid_sample24.csv
2026-04-27 12:50:04 [INFO] Saved: /Volumes/JIAYI/ImageFocusDetection/data/valid_samples_labels/valid_sample12_labels/valid_sample12.csv
2026-04-27 12:50:04 [INFO] Saved: /Volumes/JIAYI/ImageFocusDetection/data/valid_samples_labels/valid_sample41_labels/valid_sample41.csv
2026-04-27 12:50:04 [INFO] Saved: /Volumes/JIAYI/ImageFocusDetection/data/valid_samples_labels/valid_sample15_labels/valid_sample15.csv
2026-04-27 12:50:04 [INFO] Saved: /Volumes/JIAYI/ImageFocusDetection/data/valid_samples_labels/valid_sample46_labels/valid_sample46.csv
2026-04-27 12:50:04 [INFO] Saved: /Volumes/JIAYI/ImageFocusDetection/data/valid_samples_labels/valid_sample48_labels/valid_sample48.csv
2026-04-27 12:50:04 [INFO] Saved: /Volumes/JIAYI/ImageFocusDetection/data/valid_samples_labels/valid_sample70_labels/valid_sample70.csv
2026-04-27 12:50:04 [INFO] Saved: /Volumes/JIAYI/ImageFocusDetection/data/valid_samples_labels/valid_sample14_labels/valid_sample14.csv
2026-04-27 12:50:04 [INFO] Saved: /Volumes/JIAYI/ImageFocusDetection/data/valid_samples_labels/valid_sample13_labels/valid_sample13.csv
2026-04-27 12:50:04 [INFO] Saved: /Volumes/JIAYI/ImageFocusDetection/data/valid_samples_labels/valid_sample25_labels/valid_sample25.csv
2026-04-27 12:50:05 [INFO] Saved: /Volumes/JIAYI/ImageFocusDetection/data/valid_samples_labels/valid_sample49_labels/valid_sample49.csv
2026-04-27 12:50:05 [INFO] Saved: /Volumes/JIAYI/ImageFocusDetection/data/valid_samples_labels/valid_sample22_labels/valid_sample22.csv
2026-04-27 12:50:05 [INFO] Saved: /Volumes/JIAYI/ImageFocusDetection/data/valid_samples_labels/valid_sample47_labels/valid_sample47.csv
2026-04-27 12:50:05 [INFO] Saved: /Volumes/JIAYI/ImageFocusDetection/data/valid_samples_labels/valid_sample71_labels/valid_sample71.csv
2026-04-27 12:50:05 [INFO] Saved: /Volumes/JIAYI/ImageFocusDetection/data/valid_samples_labels/valid_sample40_labels/valid_sample40.csv
2026-04-27 12:50:05 [INFO] Saved: /Volumes/JIAYI/ImageFocusDetection/data/valid_samples_labels/valid_sample4_labels/valid_sample4.csv
2026-04-27 12:50:05 [INFO] Saved: /Volumes/JIAYI/ImageFocusDetection/data/valid_samples_labels/valid_sample3_labels/valid_sample3.csv
2026-04-27 12:50:05 [INFO] Saved: /Volumes/JIAYI/ImageFocusDetection/data/valid_samples_labels/valid_sample32_labels/valid_sample32.csv
2026-04-27 12:50:05 [INFO] Saved: /Volumes/JIAYI/ImageFocusDetection/data/valid_samples_labels/valid_sample35_labels/valid_sample35.csv
2026-04-27 12:50:05 [INFO] Saved: /Volumes/JIAYI/ImageFocusDetection/data/valid_samples_labels/valid_sample59_labels/valid_sample59.csv
2026-04-27 12:50:06 [INFO] Saved: /Volumes/JIAYI/ImageFocusDetection/data/valid_samples_labels/valid_sample66_labels/valid_sample66.csv
2026-04-27 12:50:06 [INFO] Saved: /Volumes/JIAYI/ImageFocusDetection/data/valid_samples_labels/valid_sample61_labels/valid_sample61.csv
2026-04-27 12:50:06 [INFO] Saved: /Volumes/JIAYI/ImageFocusDetection/data/valid_samples_labels/valid_sample68_labels/valid_sample68.csv
2026-04-27 12:50:06 [INFO] Saved: /Volumes/JIAYI/ImageFocusDetection/data/valid_samples_labels/valid_sample57_labels/valid_sample57.csv
2026-04-27 12:50:06 [INFO] Saved: /Volumes/JIAYI/ImageFocusDetection/data/valid_samples_labels/valid_sample50_labels/valid_sample50.csv
2026-04-27 12:50:06 [INFO] Saved: /Volumes/JIAYI/ImageFocusDetection/data/valid_samples_labels/valid_sample33_labels/valid_sample33.csv
2026-04-27 12:50:06 [INFO] Saved: /Volumes/JIAYI/ImageFocusDetection/data/valid_samples_labels/valid_sample34_labels/valid_sample34.csv
2026-04-27 12:50:06 [INFO] Saved: /Volumes/JIAYI/ImageFocusDetection/data/valid_samples_labels/valid_sample2_labels/valid_sample2.csv
2026-04-27 12:50:06 [INFO] Saved: /Volumes/JIAYI/ImageFocusDetection/data/valid_samples_labels/valid_sample5_labels/valid_sample5.csv
2026-04-27 12:50:06 [INFO] Saved: /Volumes/JIAYI/ImageFocusDetection/data/valid_samples_labels/valid_sample51_labels/valid_sample51.csv
2026-04-27 12:50:07 [INFO] Saved: /Volumes/JIAYI/ImageFocusDetection/data/valid_samples_labels/valid_sample69_labels/valid_sample69.csv
2026-04-27 12:50:07 [INFO] Saved: /Volumes/JIAYI/ImageFocusDetection/data/valid_samples_labels/valid_sample56_labels/valid_sample56.csv
2026-04-27 12:50:07 [INFO] Saved: /Volumes/JIAYI/ImageFocusDetection/data/valid_samples_labels/valid_sample60_labels/valid_sample60.csv
2026-04-27 12:50:07 [INFO] Saved: /Volumes/JIAYI/ImageFocusDetection/data/valid_samples_labels/valid_sample58_labels/valid_sample58.csv
2026-04-27 12:50:07 [INFO] Saved: /Volumes/JIAYI/ImageFocusDetection/data/valid_samples_labels/valid_sample67_labels/valid_sample67.csv
2026-04-27 12:50:07 [INFO] Saved: /Volumes/JIAYI/ImageFocusDetection/data/valid_samples_labels/valid_sample42_labels/valid_sample42.csv
2026-04-27 12:50:07 [INFO] Saved: /Volumes/JIAYI/ImageFocusDetection/data/valid_samples_labels/valid_sample74_labels/valid_sample74.csv
2026-04-27 12:50:07 [INFO] Saved: /Volumes/JIAYI/ImageFocusDetection/data/valid_samples_labels/valid_sample45_labels/valid_sample45.csv
2026-04-27 12:50:07 [INFO] Saved: /Volumes/JIAYI/ImageFocusDetection/data/valid_samples_labels/valid_sample73_labels/valid_sample73.csv
2026-04-27 12:50:07 [INFO] Saved: /Volumes/JIAYI/ImageFocusDetection/data/valid_samples_labels/valid_sample18_labels/valid_sample18.csv
2026-04-27 12:50:08 [INFO] Saved: /Volumes/JIAYI/ImageFocusDetection/data/valid_samples_labels/valid_sample20_labels/valid_sample20.csv
2026-04-27 12:50:08 [INFO] Saved: /Volumes/JIAYI/ImageFocusDetection/data/valid_samples_labels/valid_sample29_labels/valid_sample29.csv
2026-04-27 12:50:08 [INFO] Saved: /Volumes/JIAYI/ImageFocusDetection/data/valid_samples_labels/valid_sample16_labels/valid_sample16.csv
2026-04-27 12:50:08 [INFO] Saved: /Volumes/JIAYI/ImageFocusDetection/data/valid_samples_labels/valid_sample27_labels/valid_sample27.csv
2026-04-27 12:50:08 [INFO] Saved: /Volumes/JIAYI/ImageFocusDetection/data/valid_samples_labels/valid_sample11_labels/valid_sample11.csv
2026-04-27 12:50:08 [INFO] Saved: /Volumes/JIAYI/ImageFocusDetection/data/valid_samples_labels/valid_sample72_labels/valid_sample72.csv
2026-04-27 12:50:08 [INFO] Saved: /Volumes/JIAYI/ImageFocusDetection/data/valid_samples_labels/valid_sample43_labels/valid_sample43.csv
2026-04-27 12:50:08 [INFO] Saved: /Volumes/JIAYI/ImageFocusDetection/data/valid_samples_labels/valid_sample44_labels/valid_sample44.csv
2026-04-27 12:50:08 [INFO] Saved: /Volumes/JIAYI/ImageFocusDetection/data/valid_samples_labels/valid_sample10_labels/valid_sample10.csv
2026-04-27 12:50:08 [INFO] Saved: /Volumes/JIAYI/ImageFocusDetection/data/valid_samples_labels/valid_sample28_labels/valid_sample28.csv
2026-04-27 12:50:08 [INFO] Saved: /Volumes/JIAYI/ImageFocusDetection/data/valid_samples_labels/valid_sample17_labels/valid_sample17.csv
2026-04-27 12:50:08 [INFO] Saved: /Volumes/JIAYI/ImageFocusDetection/data/valid_samples_labels/valid_sample19_labels/valid_sample19.csv
2026-04-27 12:50:08 [INFO] Saved: /Volumes/JIAYI/ImageFocusDetection/data/valid_samples_labels/valid_sample21_labels/valid_sample21.csv
2026-04-27 12:50:08 [INFO] Saved: /Volumes/JIAYI/ImageFocusDetection/data/valid_samples_labels/valid_sample26_labels/valid_sample26.csv
2026-04-27 12:50:15 [INFO] Finished: sample6 (grid=35x53)
2026-04-27 12:50:16 [INFO] Finished: sample69 (grid=35x53)
2026-04-27 12:50:16 [INFO] Finished: sample77 (grid=35x53)
2026-04-27 12:50:16 [INFO] Finished: sample127 (grid=35x53)
2026-04-27 12:50:16 [INFO] Finished: sample290 (grid=35x53)
2026-04-27 12:50:20 [INFO] Finished: sample144 (grid=35x53)
2026-04-27 12:50:20 [INFO] Finished: sample139 (grid=35x53)
2026-04-27 12:50:20 [INFO] Finished: sample148 (grid=35x53)
2026-04-27 12:50:20 [INFO] Finished: sample65 (grid=35x53)
2026-04-27 12:50:20 [INFO] Finished: sample14 (grid=35x53)
2026-04-27 12:50:24 [INFO] Finished: sample282 (grid=35x53)
2026-04-27 12:50:24 [INFO] Finished: sample18 (grid=35x53)
2026-04-27 12:50:25 [INFO] Finished: sample156 (grid=35x53)
2026-04-27 12:50:25 [INFO] Finished: sample135 (grid=35x53)
2026-04-27 12:50:25 [INFO] Finished: sample53 (grid=35x53)
2026-04-27 12:50:29 [INFO] Finished: sample103 (grid=35x53)
2026-04-27 12:50:29 [INFO] Finished: sample160 (grid=35x53)
2026-04-27 12:50:29 [INFO] Finished: sample30 (grid=35x53)
2026-04-27 12:50:29 [INFO] Finished: sample111 (grid=35x53)
2026-04-27 12:50:30 [INFO] Finished: sample41 (grid=35x53)
2026-04-27 12:50:33 [INFO] Finished: sample172 (grid=35x53)
2026-04-27 12:50:33 [INFO] Finished: sample312 (grid=35x53)
2026-04-27 12:50:34 [INFO] Finished: sample22 (grid=35x53)
2026-04-27 12:50:34 [INFO] Finished: sample212 (grid=35x53)
2026-04-27 12:50:34 [INFO] Finished: sample88 (grid=35x53)
2026-04-27 12:50:38 [INFO] Finished: sample96 (grid=35x53)
2026-04-27 12:50:38 [INFO] Finished: sample271 (grid=35x53)
2026-04-27 12:50:38 [INFO] Finished: sample200 (grid=35x53)
2026-04-27 12:50:38 [INFO] Finished: sample300 (grid=35x53)
2026-04-27 12:50:38 [INFO] Finished: sample263 (grid=35x53)
2026-04-27 12:50:42 [INFO] Finished: sample84 (grid=35x53)
2026-04-27 12:50:43 [INFO] Finished: sample336 (grid=35x53)
2026-04-27 12:50:43 [INFO] Finished: sample236 (grid=35x53)
2026-04-27 12:50:43 [INFO] Finished: sample255 (grid=35x53)
2026-04-27 12:50:43 [INFO] Finished: sample181 (grid=35x53)
2026-04-27 12:50:46 [INFO] Finished: sample228 (grid=35x53)
2026-04-27 12:50:47 [INFO] Finished: sample328 (grid=35x53)
2026-04-27 12:50:47 [INFO] Finished: sample324 (grid=35x53)
2026-04-27 12:50:47 [INFO] Finished: sample259 (grid=35x53)
2026-04-27 12:50:47 [INFO] Finished: sample193 (grid=35x53)
2026-04-27 12:50:51 [INFO] Finished: sample224 (grid=35x53)
2026-04-27 12:50:51 [INFO] Finished: sample347 (grid=35x53)
2026-04-27 12:50:52 [INFO] Finished: sample247 (grid=35x53)
2026-04-27 12:50:52 [INFO] Finished: sample261 (grid=35x53)
2026-04-27 12:50:53 [INFO] Finished: sample86 (grid=35x53)
2026-04-27 12:50:54 [INFO] Finished: sample202 (grid=35x53)
2026-04-27 12:50:55 [INFO] Finished: sample98 (grid=35x53)
2026-04-27 12:50:55 [INFO] Finished: sample302 (grid=35x53)
2026-04-27 12:50:56 [INFO] Finished: sample273 (grid=35x53)
2026-04-27 12:50:56 [INFO] Finished: sample94 (grid=35x53)
2026-04-27 12:50:56 [INFO] Finished: sample310 (grid=35x53)
2026-04-27 12:50:58 [INFO] Finished: sample210 (grid=35x53)
2026-04-27 12:50:59 [INFO] Finished: sample345 (grid=35x53)
2026-04-27 12:51:00 [INFO] Finished: sample338 (grid=35x53)
2026-04-27 12:51:00 [INFO] Finished: sample245 (grid=35x53)
2026-04-27 12:51:01 [INFO] Finished: sample238 (grid=35x53)
2026-04-27 12:51:01 [INFO] Finished: sample191 (grid=35x53)
2026-04-27 12:51:02 [INFO] Finished: sample326 (grid=35x53)
2026-04-27 12:51:05 [INFO] Finished: sample226 (grid=35x53)
2026-04-27 12:51:05 [INFO] Finished: sample249 (grid=35x53)
2026-04-27 12:51:05 [INFO] Finished: sample257 (grid=35x53)
2026-04-27 12:51:06 [INFO] Finished: sample349 (grid=35x53)
2026-04-27 12:51:06 [INFO] Finished: sample234 (grid=35x53)
2026-04-27 12:51:09 [INFO] Finished: sample183 (grid=35x53)
2026-04-27 12:51:09 [INFO] Finished: sample334 (grid=35x53)
2026-04-27 12:51:10 [INFO] Finished: sample79 (grid=35x53)
2026-04-27 12:51:10 [INFO] Finished: sample154 (grid=35x53)
2026-04-27 12:51:10 [INFO] Finished: sample8 (grid=35x53)
2026-04-27 12:51:13 [INFO] Finished: sample129 (grid=35x53)
2026-04-27 12:51:14 [INFO] Finished: sample67 (grid=35x53)
2026-04-27 12:51:14 [INFO] Finished: sample280 (grid=35x53)
2026-04-27 12:51:14 [INFO] Finished: sample137 (grid=35x53)
2026-04-27 12:51:14 [INFO] Finished: sample146 (grid=35x53)
2026-04-27 12:51:18 [INFO] Finished: sample4 (grid=35x53)
2026-04-27 12:51:18 [INFO] Finished: sample16 (grid=35x53)
2026-04-27 12:51:18 [INFO] Finished: sample158 (grid=35x53)
2026-04-27 12:51:18 [INFO] Finished: sample75 (grid=35x53)
2026-04-27 12:51:19 [INFO] Finished: sample125 (grid=35x53)
2026-04-27 12:51:22 [INFO] Finished: sample292 (grid=35x53)
2026-04-27 12:51:23 [INFO] Finished: sample20 (grid=35x53)
2026-04-27 12:51:23 [INFO] Finished: sample170 (grid=35x53)
2026-04-27 12:51:23 [INFO] Finished: sample113 (grid=35x53)
2026-04-27 12:51:23 [INFO] Finished: sample43 (grid=35x53)
2026-04-27 12:51:25 [INFO] Finished: sample162 (grid=35x53)
2026-04-27 12:51:27 [INFO] Finished: sample199 (grid=35x53)
2026-04-27 12:51:27 [INFO] Finished: sample32 (grid=35x53)
2026-04-27 12:51:27 [INFO] Finished: sample101 (grid=35x53)
2026-04-27 12:51:27 [INFO] Finished: sample51 (grid=35x53)
2026-04-27 12:51:28 [INFO] Finished: sample253 (grid=35x53)
2026-04-27 12:51:31 [INFO] Finished: sample230 (grid=35x53)
2026-04-27 12:51:31 [INFO] Finished: sample330 (grid=35x53)
2026-04-27 12:51:31 [INFO] Finished: sample341 (grid=35x53)
2026-04-27 12:51:31 [INFO] Finished: sample187 (grid=35x53)
2026-04-27 12:51:32 [INFO] Finished: sample241 (grid=35x53)
2026-04-27 12:51:36 [INFO] Finished: sample195 (grid=35x53)
2026-04-27 12:51:36 [INFO] Finished: sample322 (grid=35x53)
2026-04-27 12:51:36 [INFO] Finished: sample222 (grid=35x53)
2026-04-27 12:51:36 [INFO] Finished: sample90 (grid=35x53)
2026-04-27 12:51:36 [INFO] Finished: sample277 (grid=35x53)
2026-04-27 12:51:40 [INFO] Finished: sample314 (grid=35x53)
2026-04-27 12:51:40 [INFO] Finished: sample218 (grid=35x53)
2026-04-27 12:51:41 [INFO] Finished: sample214 (grid=35x53)
2026-04-27 12:51:41 [INFO] Finished: sample269 (grid=35x53)
2026-04-27 12:51:41 [INFO] Finished: sample318 (grid=35x53)
2026-04-27 12:51:44 [INFO] Finished: sample82 (grid=35x53)
2026-04-27 12:51:45 [INFO] Finished: sample265 (grid=35x53)
2026-04-27 12:51:45 [INFO] Finished: sample306 (grid=35x53)
2026-04-27 12:51:45 [INFO] Finished: sample206 (grid=35x53)
2026-04-27 12:51:45 [INFO] Finished: sample36 (grid=35x53)
2026-04-27 12:51:48 [INFO] Finished: sample28 (grid=35x53)
2026-04-27 12:51:48 [INFO] Finished: sample166 (grid=35x53)
2026-04-27 12:51:48 [INFO] Finished: sample178 (grid=35x53)
2026-04-27 12:51:48 [INFO] Finished: sample105 (grid=35x53)
2026-04-27 12:51:49 [INFO] Finished: sample55 (grid=35x53)
2026-04-27 12:51:52 [INFO] Finished: sample109 (grid=35x53)
2026-04-27 12:51:53 [INFO] Finished: sample174 (grid=35x53)
2026-04-27 12:51:53 [INFO] Finished: sample24 (grid=35x53)
2026-04-27 12:51:53 [INFO] Finished: sample117 (grid=35x53)
2026-04-27 12:51:53 [INFO] Finished: sample59 (grid=35x53)
2026-04-27 12:51:56 [INFO] Finished: sample47 (grid=35x53)
2026-04-27 12:51:56 [INFO] Finished: sample121 (grid=35x53)
2026-04-27 12:51:56 [INFO] Finished: sample288 (grid=35x53)
2026-04-27 12:51:56 [INFO] Finished: sample142 (grid=35x53)
2026-04-27 12:51:56 [INFO] Finished: sample12 (grid=35x53)
2026-04-27 12:52:00 [INFO] Finished: sample296 (grid=35x53)
2026-04-27 12:52:01 [INFO] Finished: sample71 (grid=35x53)
2026-04-27 12:52:01 [INFO] Finished: sample150 (grid=35x53)
2026-04-27 12:52:01 [INFO] Finished: sample284 (grid=35x53)
2026-04-27 12:52:01 [INFO] Finished: sample133 (grid=35x53)
2026-04-27 12:52:05 [INFO] Finished: sample63 (grid=35x53)
2026-04-27 12:52:05 [INFO] Finished: sample45 (grid=35x53)
2026-04-27 12:52:05 [INFO] Finished: sample115 (grid=35x53)
2026-04-27 12:52:05 [INFO] Finished: sample168 (grid=35x53)
2026-04-27 12:52:05 [INFO] Finished: sample38 (grid=35x53)
2026-04-27 12:52:09 [INFO] Finished: sample26 (grid=35x53)
2026-04-27 12:52:09 [INFO] Finished: sample57 (grid=35x53)
2026-04-27 12:52:10 [INFO] Finished: sample176 (grid=35x53)
2026-04-27 12:52:10 [INFO] Finished: sample107 (grid=35x53)
2026-04-27 12:52:10 [INFO] Finished: sample119 (grid=35x53)
2026-04-27 12:52:15 [INFO] Finished: sample34 (grid=35x53)
2026-04-27 12:52:15 [INFO] Finished: sample164 (grid=35x53)
2026-04-27 12:52:15 [INFO] Finished: sample49 (grid=35x53)
2026-04-27 12:52:15 [INFO] Finished: sample131 (grid=35x53)
2026-04-27 12:52:15 [INFO] Finished: sample286 (grid=35x53)
2026-04-27 12:52:19 [INFO] Finished: sample152 (grid=35x53)
2026-04-27 12:52:19 [INFO] Finished: sample298 (grid=35x53)
2026-04-27 12:52:19 [INFO] Finished: sample61 (grid=35x53)
2026-04-27 12:52:19 [INFO] Finished: sample123 (grid=35x53)
2026-04-27 12:52:20 [INFO] Finished: sample294 (grid=35x53)
2026-04-27 12:52:23 [INFO] Finished: sample2 (grid=35x53)
2026-04-27 12:52:23 [INFO] Finished: sample73 (grid=35x53)
2026-04-27 12:52:23 [INFO] Finished: sample10 (grid=35x53)
2026-04-27 12:52:24 [INFO] Finished: sample197 (grid=35x53)
2026-04-27 12:52:24 [INFO] Finished: sample140 (grid=35x53)
2026-04-27 12:52:28 [INFO] Finished: sample320 (grid=35x53)
2026-04-27 12:52:28 [INFO] Finished: sample343 (grid=35x53)
2026-04-27 12:52:28 [INFO] Finished: sample189 (grid=35x53)
2026-04-27 12:52:28 [INFO] Finished: sample243 (grid=35x53)
2026-04-27 12:52:28 [INFO] Finished: sample220 (grid=35x53)
2026-04-27 12:52:32 [INFO] Finished: sample232 (grid=35x53)
2026-04-27 12:52:33 [INFO] Finished: sample185 (grid=35x53)
2026-04-27 12:52:33 [INFO] Finished: sample251 (grid=35x53)
2026-04-27 12:52:33 [INFO] Finished: sample332 (grid=35x53)
2026-04-27 12:52:34 [INFO] Finished: sample204 (grid=35x53)
2026-04-27 12:52:37 [INFO] Finished: sample279 (grid=35x53)
2026-04-27 12:52:37 [INFO] Finished: sample267 (grid=35x53)
2026-04-27 12:52:37 [INFO] Finished: sample304 (grid=35x53)
2026-04-27 12:52:37 [INFO] Finished: sample316 (grid=35x53)
2026-04-27 12:52:38 [INFO] Finished: sample80 (grid=35x53)
2026-04-27 12:52:41 [INFO] Finished: sample216 (grid=35x53)
2026-04-27 12:52:42 [INFO] Finished: sample275 (grid=35x53)
2026-04-27 12:52:42 [INFO] Finished: sample92 (grid=35x53)
2026-04-27 12:52:42 [INFO] Finished: sample208 (grid=35x53)
2026-04-27 12:52:42 [INFO] Finished: sample308 (grid=35x53)
2026-04-27 12:52:45 [INFO] Finished: sample329 (grid=35x53)
2026-04-27 12:52:46 [INFO] Finished: sample229 (grid=35x53)
2026-04-27 12:52:46 [INFO] Finished: sample254 (grid=35x53)
2026-04-27 12:52:46 [INFO] Finished: sample180 (grid=35x53)
2026-04-27 12:52:46 [INFO] Finished: sample337 (grid=35x53)
2026-04-27 12:52:54 [INFO] Finished: sample192 (grid=35x53)
2026-04-27 12:52:55 [INFO] Finished: sample346 (grid=35x53)
2026-04-27 12:52:55 [INFO] Finished: sample225 (grid=35x53)
2026-04-27 12:52:55 [INFO] Finished: sample237 (grid=35x53)
2026-04-27 12:52:55 [INFO] Finished: sample246 (grid=35x53)
2026-04-27 12:53:01 [INFO] Finished: sample213 (grid=35x53)
2026-04-27 12:53:04 [INFO] Finished: sample325 (grid=35x53)
2026-04-27 12:53:04 [INFO] Finished: sample258 (grid=35x53)
2026-04-27 12:53:04 [INFO] Finished: sample270 (grid=35x53)
2026-04-27 12:53:04 [INFO] Finished: sample97 (grid=35x53)
2026-04-27 12:53:08 [INFO] Finished: sample313 (grid=35x53)
2026-04-27 12:53:11 [INFO] Finished: sample89 (grid=35x53)
2026-04-27 12:53:11 [INFO] Finished: sample301 (grid=35x53)
2026-04-27 12:53:11 [INFO] Finished: sample85 (grid=35x53)
2026-04-27 12:53:11 [INFO] Finished: sample262 (grid=35x53)
2026-04-27 12:53:15 [INFO] Finished: sample201 (grid=35x53)
2026-04-27 12:53:18 [INFO] Finished: sample102 (grid=35x53)
2026-04-27 12:53:21 [INFO] Finished: sample23 (grid=35x53)
2026-04-27 12:53:21 [INFO] Finished: sample161 (grid=35x53)
2026-04-27 12:53:21 [INFO] Finished: sample52 (grid=35x53)
2026-04-27 12:53:22 [INFO] Finished: sample31 (grid=35x53)
2026-04-27 12:53:22 [INFO] Finished: sample173 (grid=35x53)
2026-04-27 12:53:25 [INFO] Finished: sample110 (grid=35x53)
2026-04-27 12:53:25 [INFO] Finished: sample40 (grid=35x53)
2026-04-27 12:53:26 [INFO] Finished: sample138 (grid=35x53)
2026-04-27 12:53:26 [INFO] Finished: sample15 (grid=35x53)
2026-04-27 12:53:26 [INFO] Finished: sample68 (grid=35x53)
2026-04-27 12:53:30 [INFO] Finished: sample145 (grid=35x53)
2026-04-27 12:53:30 [INFO] Finished: sample126 (grid=35x53)
2026-04-27 12:53:30 [INFO] Finished: sample291 (grid=35x53)
2026-04-27 12:53:30 [INFO] Finished: sample76 (grid=35x53)
2026-04-27 12:53:30 [INFO] Finished: sample7 (grid=35x53)
2026-04-27 12:53:34 [INFO] Finished: sample157 (grid=35x53)
2026-04-27 12:53:34 [INFO] Finished: sample134 (grid=35x53)
2026-04-27 12:53:35 [INFO] Finished: sample19 (grid=35x53)
2026-04-27 12:53:35 [INFO] Finished: sample64 (grid=35x53)
2026-04-27 12:53:35 [INFO] Finished: sample283 (grid=35x53)
2026-04-27 12:53:38 [INFO] Finished: sample149 (grid=35x53)
2026-04-27 12:53:39 [INFO] Finished: sample112 (grid=35x53)
2026-04-27 12:53:39 [INFO] Finished: sample42 (grid=35x53)
2026-04-27 12:53:39 [INFO] Finished: sample21 (grid=35x53)
2026-04-27 12:53:39 [INFO] Finished: sample171 (grid=35x53)
2026-04-27 12:53:43 [INFO] Finished: sample50 (grid=35x53)
2026-04-27 12:53:43 [INFO] Finished: sample100 (grid=35x53)
2026-04-27 12:53:43 [INFO] Finished: sample33 (grid=35x53)
2026-04-27 12:53:44 [INFO] Finished: sample136 (grid=35x53)
2026-04-27 12:53:44 [INFO] Finished: sample163 (grid=35x53)
2026-04-27 12:53:47 [INFO] Finished: sample66 (grid=35x53)
2026-04-27 12:53:47 [INFO] Finished: sample128 (grid=35x53)
2026-04-27 12:53:48 [INFO] Finished: sample281 (grid=35x53)
2026-04-27 12:53:48 [INFO] Finished: sample155 (grid=35x53)
2026-04-27 12:53:48 [INFO] Finished: sample78 (grid=35x53)
2026-04-27 12:53:52 [INFO] Finished: sample9 (grid=35x53)
2026-04-27 12:53:52 [INFO] Finished: sample124 (grid=35x53)
2026-04-27 12:53:52 [INFO] Finished: sample5 (grid=35x53)
2026-04-27 12:53:52 [INFO] Finished: sample293 (grid=35x53)
2026-04-27 12:53:52 [INFO] Finished: sample74 (grid=35x53)
2026-04-27 12:53:56 [INFO] Finished: sample159 (grid=35x53)
2026-04-27 12:53:56 [INFO] Finished: sample227 (grid=35x53)
2026-04-27 12:53:57 [INFO] Finished: sample147 (grid=35x53)
2026-04-27 12:53:57 [INFO] Finished: sample17 (grid=35x53)
2026-04-27 12:53:57 [INFO] Finished: sample190 (grid=35x53)
2026-04-27 12:54:00 [INFO] Finished: sample327 (grid=35x53)
2026-04-27 12:54:00 [INFO] Finished: sample344 (grid=35x53)
2026-04-27 12:54:00 [INFO] Finished: sample239 (grid=35x53)
2026-04-27 12:54:01 [INFO] Finished: sample339 (grid=35x53)
2026-04-27 12:54:01 [INFO] Finished: sample244 (grid=35x53)
2026-04-27 12:54:04 [INFO] Finished: sample335 (grid=35x53)
2026-04-27 12:54:04 [INFO] Finished: sample348 (grid=35x53)
2026-04-27 12:54:05 [INFO] Finished: sample235 (grid=35x53)
2026-04-27 12:54:05 [INFO] Finished: sample182 (grid=35x53)
2026-04-27 12:54:05 [INFO] Finished: sample248 (grid=35x53)
2026-04-27 12:54:09 [INFO] Finished: sample99 (grid=35x53)
2026-04-27 12:54:10 [INFO] Finished: sample303 (grid=35x53)
2026-04-27 12:54:10 [INFO] Finished: sample203 (grid=35x53)
2026-04-27 12:54:10 [INFO] Finished: sample87 (grid=35x53)
2026-04-27 12:54:10 [INFO] Finished: sample256 (grid=35x53)
2026-04-27 12:54:13 [INFO] Finished: sample260 (grid=35x53)
2026-04-27 12:54:14 [INFO] Finished: sample311 (grid=35x53)
2026-04-27 12:54:14 [INFO] Finished: sample95 (grid=35x53)
2026-04-27 12:54:15 [INFO] Finished: sample211 (grid=35x53)
2026-04-27 12:54:15 [INFO] Finished: sample272 (grid=35x53)
2026-04-27 12:54:18 [INFO] Finished: sample1 (grid=35x53)
2026-04-27 12:54:19 [INFO] Finished: sample297 (grid=35x53)
2026-04-27 12:54:19 [INFO] Finished: sample70 (grid=35x53)
2026-04-27 12:54:19 [INFO] Finished: sample120 (grid=35x53)
2026-04-27 12:54:19 [INFO] Finished: sample143 (grid=35x53)
2026-04-27 12:54:20 [INFO] Finished: sample289 (grid=35x53)
2026-04-27 12:54:23 [INFO] Finished: sample13 (grid=35x53)
2026-04-27 12:54:23 [INFO] Finished: sample62 (grid=35x53)
2026-04-27 12:54:23 [INFO] Finished: sample132 (grid=35x53)
2026-04-27 12:54:24 [INFO] Finished: sample285 (grid=35x53)
2026-04-27 12:54:24 [INFO] Finished: sample151 (grid=35x53)
2026-04-27 12:54:27 [INFO] Finished: sample179 (grid=35x53)
2026-04-27 12:54:27 [INFO] Finished: sample54 (grid=35x53)
2026-04-27 12:54:28 [INFO] Finished: sample104 (grid=35x53)
2026-04-27 12:54:28 [INFO] Finished: sample29 (grid=35x53)
2026-04-27 12:54:28 [INFO] Finished: sample167 (grid=35x53)
2026-04-27 12:54:30 [INFO] Finished: sample37 (grid=35x53)
2026-04-27 12:54:31 [INFO] Finished: sample46 (grid=35x53)
2026-04-27 12:54:31 [INFO] Finished: sample116 (grid=35x53)
2026-04-27 12:54:32 [INFO] Finished: sample175 (grid=35x53)
2026-04-27 12:54:32 [INFO] Finished: sample58 (grid=35x53)
2026-04-27 12:54:34 [INFO] Finished: sample108 (grid=35x53)
2026-04-27 12:54:34 [INFO] Finished: sample25 (grid=35x53)
2026-04-27 12:54:36 [INFO] Finished: sample268 (grid=35x53)
2026-04-27 12:54:36 [INFO] Finished: sample215 (grid=35x53)
2026-04-27 12:54:36 [INFO] Finished: sample315 (grid=35x53)
2026-04-27 12:54:37 [INFO] Finished: sample276 (grid=35x53)
2026-04-27 12:54:37 [INFO] Finished: sample91 (grid=35x53)
2026-04-27 12:54:39 [INFO] Finished: sample307 (grid=35x53)
2026-04-27 12:54:39 [INFO] Finished: sample207 (grid=35x53)
2026-04-27 12:54:40 [INFO] Finished: sample264 (grid=35x53)
2026-04-27 12:54:41 [INFO] Finished: sample319 (grid=35x53)
2026-04-27 12:54:41 [INFO] Finished: sample83 (grid=35x53)
2026-04-27 12:54:42 [INFO] Finished: sample219 (grid=35x53)
2026-04-27 12:54:43 [INFO] Finished: sample331 (grid=35x53)
2026-04-27 12:54:44 [INFO] Finished: sample186 (grid=35x53)
2026-04-27 12:54:44 [INFO] Finished: sample231 (grid=35x53)
2026-04-27 12:54:45 [INFO] Finished: sample252 (grid=35x53)
2026-04-27 12:54:46 [INFO] Finished: sample198 (grid=35x53)
2026-04-27 12:54:46 [INFO] Finished: sample223 (grid=35x53)
2026-04-27 12:54:48 [INFO] Finished: sample194 (grid=35x53)
2026-04-27 12:54:48 [INFO] Finished: sample323 (grid=35x53)
2026-04-27 12:54:48 [INFO] Finished: sample240 (grid=35x53)
2026-04-27 12:54:49 [INFO] Finished: sample340 (grid=35x53)
2026-04-27 12:54:49 [INFO] Finished: sample266 (grid=35x53)
2026-04-27 12:54:51 [INFO] Finished: sample81 (grid=35x53)
2026-04-27 12:54:51 [INFO] Finished: sample278 (grid=35x53)
2026-04-27 12:54:51 [INFO] Finished: sample305 (grid=35x53)
2026-04-27 12:54:52 [INFO] Finished: sample205 (grid=35x53)
2026-04-27 12:54:52 [INFO] Finished: sample274 (grid=35x53)
2026-04-27 12:54:55 [INFO] Finished: sample209 (grid=35x53)
2026-04-27 12:54:55 [INFO] Finished: sample93 (grid=35x53)
2026-04-27 12:54:56 [INFO] Finished: sample309 (grid=35x53)
2026-04-27 12:54:56 [INFO] Finished: sample317 (grid=35x53)
2026-04-27 12:54:56 [INFO] Finished: sample217 (grid=35x53)
2026-04-27 12:55:00 [INFO] Finished: sample242 (grid=35x53)
2026-04-27 12:55:00 [INFO] Finished: sample188 (grid=35x53)
2026-04-27 12:55:01 [INFO] Finished: sample221 (grid=35x53)
2026-04-27 12:55:01 [INFO] Finished: sample196 (grid=35x53)
2026-04-27 12:55:01 [INFO] Finished: sample342 (grid=35x53)
2026-04-27 12:55:04 [INFO] Finished: sample321 (grid=35x53)
2026-04-27 12:55:05 [INFO] Finished: sample350 (grid=35x53)
2026-04-27 12:55:05 [INFO] Finished: sample184 (grid=35x53)
2026-04-27 12:55:05 [INFO] Finished: sample250 (grid=35x53)
2026-04-27 12:55:05 [INFO] Finished: sample333 (grid=35x53)
2026-04-27 12:55:08 [INFO] Finished: sample233 (grid=35x53)
2026-04-27 12:55:09 [INFO] Finished: sample153 (grid=35x53)
2026-04-27 12:55:09 [INFO] Finished: sample299 (grid=35x53)
2026-04-27 12:55:09 [INFO] Finished: sample60 (grid=35x53)
2026-04-27 12:55:09 [INFO] Finished: sample130 (grid=35x53)
2026-04-27 12:55:12 [INFO] Finished: sample72 (grid=35x53)
2026-04-27 12:55:13 [INFO] Finished: sample287 (grid=35x53)
2026-04-27 12:55:13 [INFO] Finished: sample3 (grid=35x53)
2026-04-27 12:55:13 [INFO] Finished: sample141 (grid=35x53)
2026-04-27 12:55:13 [INFO] Finished: sample11 (grid=35x53)
2026-04-27 12:55:17 [INFO] Finished: sample295 (grid=35x53)
2026-04-27 12:55:17 [INFO] Finished: sample122 (grid=35x53)
2026-04-27 12:55:18 [INFO] Finished: sample27 (grid=35x53)
2026-04-27 12:55:18 [INFO] Finished: sample177 (grid=35x53)
2026-04-27 12:55:18 [INFO] Finished: sample169 (grid=35x53)
2026-04-27 12:55:21 [INFO] Finished: sample44 (grid=35x53)
2026-04-27 12:55:22 [INFO] Finished: sample114 (grid=35x53)
2026-04-27 12:55:22 [INFO] Finished: sample165 (grid=35x53)
2026-04-27 12:55:22 [INFO] Finished: sample48 (grid=35x53)
2026-04-27 12:55:22 [INFO] Finished: sample39 (grid=35x53)
2026-04-27 12:55:24 [INFO] Finished: sample118 (grid=35x53)
2026-04-27 12:55:25 [INFO] Finished: sample56 (grid=35x53)
2026-04-27 12:55:25 [INFO] Finished: sample106 (grid=35x53)
2026-04-27 12:55:25 [INFO] Finished: sample35 (grid=35x53)
2026-04-27 12:55:32 [INFO] Finished: valid_sample33 (grid=35x53)
2026-04-27 12:55:32 [INFO] Finished: valid_sample21 (grid=35x53)
2026-04-27 12:55:32 [INFO] Finished: valid_sample42 (grid=35x53)
2026-04-27 12:55:32 [INFO] Finished: valid_sample74 (grid=35x53)
2026-04-27 12:55:32 [INFO] Finished: valid_sample50 (grid=35x53)
2026-04-27 12:55:36 [INFO] Finished: valid_sample5 (grid=35x53)
2026-04-27 12:55:36 [INFO] Finished: valid_sample9 (grid=35x53)
2026-04-27 12:55:36 [INFO] Finished: valid_sample66 (grid=35x53)
2026-04-27 12:55:36 [INFO] Finished: valid_sample17 (grid=35x53)
2026-04-27 12:55:36 [INFO] Finished: valid_sample23 (grid=35x53)
2026-04-27 12:55:40 [INFO] Finished: valid_sample40 (grid=35x53)
2026-04-27 12:55:41 [INFO] Finished: valid_sample52 (grid=35x53)
2026-04-27 12:55:41 [INFO] Finished: valid_sample64 (grid=35x53)
2026-04-27 12:55:41 [INFO] Finished: valid_sample19 (grid=35x53)
2026-04-27 12:55:41 [INFO] Finished: valid_sample31 (grid=35x53)
2026-04-27 12:55:44 [INFO] Finished: valid_sample7 (grid=35x53)
2026-04-27 12:55:44 [INFO] Finished: valid_sample68 (grid=35x53)
2026-04-27 12:55:44 [INFO] Finished: valid_sample11 (grid=35x53)
2026-04-27 12:55:44 [INFO] Finished: valid_sample15 (grid=35x53)
2026-04-27 12:55:45 [INFO] Finished: valid_sample3 (grid=35x53)
2026-04-27 12:55:48 [INFO] Finished: valid_sample72 (grid=35x53)
2026-04-27 12:55:49 [INFO] Finished: valid_sample35 (grid=35x53)
2026-04-27 12:55:49 [INFO] Finished: valid_sample60 (grid=35x53)
2026-04-27 12:55:49 [INFO] Finished: valid_sample56 (grid=35x53)
2026-04-27 12:55:49 [INFO] Finished: valid_sample48 (grid=35x53)
2026-04-27 12:55:52 [INFO] Finished: valid_sample27 (grid=35x53)
2026-04-27 12:55:53 [INFO] Finished: valid_sample62 (grid=35x53)
2026-04-27 12:55:53 [INFO] Finished: valid_sample39 (grid=35x53)
2026-04-27 12:55:53 [INFO] Finished: valid_sample44 (grid=35x53)
2026-04-27 12:55:53 [INFO] Finished: valid_sample70 (grid=35x53)
2026-04-27 12:55:56 [INFO] Finished: valid_sample13 (grid=35x53)
2026-04-27 12:55:56 [INFO] Finished: valid_sample1 (grid=35x53)
2026-04-27 12:55:57 [INFO] Finished: valid_sample46 (grid=35x53)
2026-04-27 12:55:57 [INFO] Finished: valid_sample25 (grid=35x53)
2026-04-27 12:55:58 [INFO] Finished: valid_sample58 (grid=35x53)
2026-04-27 12:55:58 [INFO] Finished: valid_sample29 (grid=35x53)
2026-04-27 12:56:00 [INFO] Finished: valid_sample54 (grid=35x53)
2026-04-27 12:56:00 [INFO] Finished: valid_sample37 (grid=35x53)
2026-04-27 12:56:01 [INFO] Finished: valid_sample16 (grid=35x53)
2026-04-27 12:56:02 [INFO] Finished: valid_sample4 (grid=35x53)
2026-04-27 12:56:02 [INFO] Finished: valid_sample8 (grid=35x53)
2026-04-27 12:56:03 [INFO] Finished: valid_sample67 (grid=35x53)
2026-04-27 12:56:04 [INFO] Finished: valid_sample32 (grid=35x53)
2026-04-27 12:56:05 [INFO] Finished: valid_sample51 (grid=35x53)
2026-04-27 12:56:06 [INFO] Finished: valid_sample20 (grid=35x53)
2026-04-27 12:56:06 [INFO] Finished: valid_sample43 (grid=35x53)
2026-04-27 12:56:06 [INFO] Finished: valid_sample65 (grid=35x53)
2026-04-27 12:56:06 [INFO] Finished: valid_sample18 (grid=35x53)
2026-04-27 12:56:07 [INFO] Finished: valid_sample14 (grid=35x53)
2026-04-27 12:56:10 [INFO] Finished: valid_sample6 (grid=35x53)
2026-04-27 12:56:10 [INFO] Finished: valid_sample69 (grid=35x53)
2026-04-27 12:56:11 [INFO] Finished: valid_sample53 (grid=35x53)
2026-04-27 12:56:11 [INFO] Finished: valid_sample41 (grid=35x53)
2026-04-27 12:56:11 [INFO] Finished: valid_sample22 (grid=35x53)
2026-04-27 12:56:14 [INFO] Finished: valid_sample30 (grid=35x53)
2026-04-27 12:56:15 [INFO] Finished: valid_sample57 (grid=35x53)
2026-04-27 12:56:15 [INFO] Finished: valid_sample49 (grid=35x53)
2026-04-27 12:56:15 [INFO] Finished: valid_sample34 (grid=35x53)
2026-04-27 12:56:15 [INFO] Finished: valid_sample45 (grid=35x53)
2026-04-27 12:56:18 [INFO] Finished: valid_sample38 (grid=35x53)
2026-04-27 12:56:19 [INFO] Finished: valid_sample10 (grid=35x53)
2026-04-27 12:56:19 [INFO] Finished: valid_sample26 (grid=35x53)
2026-04-27 12:56:19 [INFO] Finished: valid_sample73 (grid=35x53)
2026-04-27 12:56:20 [INFO] Finished: valid_sample2 (grid=35x53)
2026-04-27 12:56:21 [INFO] Finished: valid_sample61 (grid=35x53)
2026-04-27 12:56:23 [INFO] Finished: valid_sample24 (grid=35x53)
2026-04-27 12:56:24 [INFO] Finished: valid_sample59 (grid=35x53)
2026-04-27 12:56:24 [INFO] Finished: valid_sample47 (grid=35x53)
2026-04-27 12:56:24 [INFO] Finished: valid_sample36 (grid=35x53)
2026-04-27 12:56:24 [INFO] Finished: valid_sample55 (grid=35x53)
2026-04-27 12:56:26 [INFO] Finished: valid_sample12 (grid=35x53)
2026-04-27 12:56:26 [INFO] Finished: valid_sample28 (grid=35x53)
2026-04-27 12:56:26 [INFO] Finished: valid_sample63 (grid=35x53)
2026-04-27 12:56:26 [INFO] Finished: valid_sample71 (grid=35x53)
2026-04-27 12:56:27 [INFO] Preprocessing total time: 531.30s
2026-04-27 12:56:27 [INFO] === Mode: Train + Evaluate ===
2026-04-27 12:56:27 [INFO] === Run 1/4 | training.PCA_components=0.95 ===
2026-04-27 12:56:27 [INFO] Evaluate output tag: TR_PCA_components_0_95
2026-04-27 12:56:27 [INFO] Enabled models: decision_tree, random_forest, svm
2026-04-27 12:56:27 [INFO] === Step 2: Training ===
2026-04-27 12:56:27 [INFO] Removed 162 rows with label=-1 from: /Volumes/JIAYI/ImageFocusDetection/data/samples_labels/sample6_labels/sample6.csv
2026-04-27 12:56:27 [INFO] Removed 2 rows with label=-1 from: /Volumes/JIAYI/ImageFocusDetection/data/samples_labels/sample69_labels/sample69.csv
2026-04-27 12:56:27 [INFO] Removed 1 rows with label=-1 from: /Volumes/JIAYI/ImageFocusDetection/data/samples_labels/sample144_labels/sample144.csv
2026-04-27 12:56:27 [INFO] Removed 28 rows with label=-1 from: /Volumes/JIAYI/ImageFocusDetection/data/samples_labels/sample14_labels/sample14.csv
2026-04-27 12:56:27 [INFO] Removed 99 rows with label=-1 from: /Volumes/JIAYI/ImageFocusDetection/data/samples_labels/sample65_labels/sample65.csv
2026-04-27 12:56:27 [INFO] Removed 11 rows with label=-1 from: /Volumes/JIAYI/ImageFocusDetection/data/samples_labels/sample148_labels/sample148.csv
2026-04-27 12:56:27 [INFO] Removed 30 rows with label=-1 from: /Volumes/JIAYI/ImageFocusDetection/data/samples_labels/sample282_labels/sample282.csv
2026-04-27 12:56:27 [INFO] Removed 68 rows with label=-1 from: /Volumes/JIAYI/ImageFocusDetection/data/samples_labels/sample30_labels/sample30.csv
2026-04-27 12:56:27 [INFO] Removed 6 rows with label=-1 from: /Volumes/JIAYI/ImageFocusDetection/data/samples_labels/sample111_labels/sample111.csv
2026-04-27 12:56:27 [INFO] Removed 74 rows with label=-1 from: /Volumes/JIAYI/ImageFocusDetection/data/samples_labels/sample172_labels/sample172.csv
2026-04-27 12:56:27 [INFO] Removed 1 rows with label=-1 from: /Volumes/JIAYI/ImageFocusDetection/data/samples_labels/sample22_labels/sample22.csv
2026-04-27 12:56:27 [INFO] Removed 26 rows with label=-1 from: /Volumes/JIAYI/ImageFocusDetection/data/samples_labels/sample212_labels/sample212.csv
2026-04-27 12:56:27 [INFO] Removed 2 rows with label=-1 from: /Volumes/JIAYI/ImageFocusDetection/data/samples_labels/sample300_labels/sample300.csv
2026-04-27 12:56:27 [INFO] Removed 2 rows with label=-1 from: /Volumes/JIAYI/ImageFocusDetection/data/samples_labels/sample263_labels/sample263.csv
2026-04-27 12:56:27 [INFO] Removed 63 rows with label=-1 from: /Volumes/JIAYI/ImageFocusDetection/data/samples_labels/sample236_labels/sample236.csv
2026-04-27 12:56:27 [INFO] Removed 167 rows with label=-1 from: /Volumes/JIAYI/ImageFocusDetection/data/samples_labels/sample193_labels/sample193.csv
2026-04-27 12:56:27 [INFO] Removed 124 rows with label=-1 from: /Volumes/JIAYI/ImageFocusDetection/data/samples_labels/sample224_labels/sample224.csv
2026-04-27 12:56:27 [INFO] Removed 1 rows with label=-1 from: /Volumes/JIAYI/ImageFocusDetection/data/samples_labels/sample347_labels/sample347.csv
2026-04-27 12:56:27 [INFO] Removed 6 rows with label=-1 from: /Volumes/JIAYI/ImageFocusDetection/data/samples_labels/sample202_labels/sample202.csv
2026-04-27 12:56:27 [INFO] Removed 5 rows with label=-1 from: /Volumes/JIAYI/ImageFocusDetection/data/samples_labels/sample302_labels/sample302.csv
2026-04-27 12:56:27 [INFO] Removed 44 rows with label=-1 from: /Volumes/JIAYI/ImageFocusDetection/data/samples_labels/sample273_labels/sample273.csv
2026-04-27 12:56:27 [INFO] Removed 6 rows with label=-1 from: /Volumes/JIAYI/ImageFocusDetection/data/samples_labels/sample310_labels/sample310.csv
2026-04-27 12:56:27 [INFO] Removed 182 rows with label=-1 from: /Volumes/JIAYI/ImageFocusDetection/data/samples_labels/sample210_labels/sample210.csv
2026-04-27 12:56:27 [INFO] Removed 22 rows with label=-1 from: /Volumes/JIAYI/ImageFocusDetection/data/samples_labels/sample345_labels/sample345.csv
2026-04-27 12:56:27 [INFO] Removed 25 rows with label=-1 from: /Volumes/JIAYI/ImageFocusDetection/data/samples_labels/sample238_labels/sample238.csv
2026-04-27 12:56:27 [INFO] Removed 31 rows with label=-1 from: /Volumes/JIAYI/ImageFocusDetection/data/samples_labels/sample191_labels/sample191.csv
2026-04-27 12:56:27 [INFO] Removed 9 rows with label=-1 from: /Volumes/JIAYI/ImageFocusDetection/data/samples_labels/sample226_labels/sample226.csv
2026-04-27 12:56:27 [INFO] Removed 11 rows with label=-1 from: /Volumes/JIAYI/ImageFocusDetection/data/samples_labels/sample257_labels/sample257.csv
2026-04-27 12:56:27 [INFO] Removed 226 rows with label=-1 from: /Volumes/JIAYI/ImageFocusDetection/data/samples_labels/sample249_labels/sample249.csv
2026-04-27 12:56:27 [INFO] Removed 47 rows with label=-1 from: /Volumes/JIAYI/ImageFocusDetection/data/samples_labels/sample183_labels/sample183.csv
2026-04-27 12:56:27 [INFO] Removed 66 rows with label=-1 from: /Volumes/JIAYI/ImageFocusDetection/data/samples_labels/sample79_labels/sample79.csv
2026-04-27 12:56:27 [INFO] Removed 1 rows with label=-1 from: /Volumes/JIAYI/ImageFocusDetection/data/samples_labels/sample8_labels/sample8.csv
2026-04-27 12:56:27 [INFO] Removed 64 rows with label=-1 from: /Volumes/JIAYI/ImageFocusDetection/data/samples_labels/sample129_labels/sample129.csv
2026-04-27 12:56:27 [INFO] Removed 100 rows with label=-1 from: /Volumes/JIAYI/ImageFocusDetection/data/samples_labels/sample280_labels/sample280.csv
2026-04-27 12:56:27 [INFO] Removed 8 rows with label=-1 from: /Volumes/JIAYI/ImageFocusDetection/data/samples_labels/sample158_labels/sample158.csv
2026-04-27 12:56:27 [INFO] Removed 3 rows with label=-1 from: /Volumes/JIAYI/ImageFocusDetection/data/samples_labels/sample20_labels/sample20.csv
2026-04-27 12:56:27 [INFO] Removed 101 rows with label=-1 from: /Volumes/JIAYI/ImageFocusDetection/data/samples_labels/sample162_labels/sample162.csv
2026-04-27 12:56:27 [INFO] Removed 118 rows with label=-1 from: /Volumes/JIAYI/ImageFocusDetection/data/samples_labels/sample32_labels/sample32.csv
2026-04-27 12:56:27 [INFO] Removed 15 rows with label=-1 from: /Volumes/JIAYI/ImageFocusDetection/data/samples_labels/sample253_labels/sample253.csv
2026-04-27 12:56:27 [INFO] Removed 425 rows with label=-1 from: /Volumes/JIAYI/ImageFocusDetection/data/samples_labels/sample230_labels/sample230.csv
2026-04-27 12:56:27 [INFO] Removed 193 rows with label=-1 from: /Volumes/JIAYI/ImageFocusDetection/data/samples_labels/sample241_labels/sample241.csv
2026-04-27 12:56:27 [INFO] Removed 95 rows with label=-1 from: /Volumes/JIAYI/ImageFocusDetection/data/samples_labels/sample222_labels/sample222.csv
2026-04-27 12:56:27 [INFO] Removed 27 rows with label=-1 from: /Volumes/JIAYI/ImageFocusDetection/data/samples_labels/sample277_labels/sample277.csv
2026-04-27 12:56:27 [INFO] Removed 1 rows with label=-1 from: /Volumes/JIAYI/ImageFocusDetection/data/samples_labels/sample314_labels/sample314.csv
2026-04-27 12:56:27 [INFO] Removed 148 rows with label=-1 from: /Volumes/JIAYI/ImageFocusDetection/data/samples_labels/sample269_labels/sample269.csv
2026-04-27 12:56:27 [INFO] Removed 180 rows with label=-1 from: /Volumes/JIAYI/ImageFocusDetection/data/samples_labels/sample218_labels/sample218.csv
2026-04-27 12:56:27 [INFO] Removed 23 rows with label=-1 from: /Volumes/JIAYI/ImageFocusDetection/data/samples_labels/sample318_labels/sample318.csv
2026-04-27 12:56:27 [INFO] Removed 1 rows with label=-1 from: /Volumes/JIAYI/ImageFocusDetection/data/samples_labels/sample265_labels/sample265.csv
2026-04-27 12:56:27 [INFO] Removed 1 rows with label=-1 from: /Volumes/JIAYI/ImageFocusDetection/data/samples_labels/sample166_labels/sample166.csv
2026-04-27 12:56:27 [INFO] Removed 14 rows with label=-1 from: /Volumes/JIAYI/ImageFocusDetection/data/samples_labels/sample105_labels/sample105.csv
2026-04-27 12:56:27 [INFO] Removed 17 rows with label=-1 from: /Volumes/JIAYI/ImageFocusDetection/data/samples_labels/sample28_labels/sample28.csv
2026-04-27 12:56:27 [INFO] Removed 42 rows with label=-1 from: /Volumes/JIAYI/ImageFocusDetection/data/samples_labels/sample178_labels/sample178.csv
2026-04-27 12:56:27 [INFO] Removed 47 rows with label=-1 from: /Volumes/JIAYI/ImageFocusDetection/data/samples_labels/sample55_labels/sample55.csv
2026-04-27 12:56:27 [INFO] Removed 5 rows with label=-1 from: /Volumes/JIAYI/ImageFocusDetection/data/samples_labels/sample109_labels/sample109.csv
2026-04-27 12:56:27 [INFO] Removed 144 rows with label=-1 from: /Volumes/JIAYI/ImageFocusDetection/data/samples_labels/sample59_labels/sample59.csv
2026-04-27 12:56:27 [INFO] Removed 292 rows with label=-1 from: /Volumes/JIAYI/ImageFocusDetection/data/samples_labels/sample288_labels/sample288.csv
2026-04-27 12:56:27 [INFO] Removed 4 rows with label=-1 from: /Volumes/JIAYI/ImageFocusDetection/data/samples_labels/sample296_labels/sample296.csv
2026-04-27 12:56:27 [INFO] Removed 65 rows with label=-1 from: /Volumes/JIAYI/ImageFocusDetection/data/samples_labels/sample71_labels/sample71.csv
2026-04-27 12:56:27 [INFO] Removed 1 rows with label=-1 from: /Volumes/JIAYI/ImageFocusDetection/data/samples_labels/sample150_labels/sample150.csv
2026-04-27 12:56:27 [INFO] Removed 20 rows with label=-1 from: /Volumes/JIAYI/ImageFocusDetection/data/samples_labels/sample284_labels/sample284.csv
2026-04-27 12:56:27 [INFO] Removed 145 rows with label=-1 from: /Volumes/JIAYI/ImageFocusDetection/data/samples_labels/sample63_labels/sample63.csv
2026-04-27 12:56:27 [INFO] Removed 13 rows with label=-1 from: /Volumes/JIAYI/ImageFocusDetection/data/samples_labels/sample176_labels/sample176.csv
2026-04-27 12:56:27 [INFO] Removed 1 rows with label=-1 from: /Volumes/JIAYI/ImageFocusDetection/data/samples_labels/sample107_labels/sample107.csv
2026-04-27 12:56:27 [INFO] Removed 9 rows with label=-1 from: /Volumes/JIAYI/ImageFocusDetection/data/samples_labels/sample34_labels/sample34.csv
2026-04-27 12:56:27 [INFO] Removed 133 rows with label=-1 from: /Volumes/JIAYI/ImageFocusDetection/data/samples_labels/sample164_labels/sample164.csv
2026-04-27 12:56:27 [INFO] Removed 8 rows with label=-1 from: /Volumes/JIAYI/ImageFocusDetection/data/samples_labels/sample286_labels/sample286.csv
2026-04-27 12:56:27 [INFO] Removed 5 rows with label=-1 from: /Volumes/JIAYI/ImageFocusDetection/data/samples_labels/sample61_labels/sample61.csv
2026-04-27 12:56:27 [INFO] Removed 18 rows with label=-1 from: /Volumes/JIAYI/ImageFocusDetection/data/samples_labels/sample152_labels/sample152.csv
2026-04-27 12:56:27 [INFO] Removed 75 rows with label=-1 from: /Volumes/JIAYI/ImageFocusDetection/data/samples_labels/sample294_labels/sample294.csv
2026-04-27 12:56:27 [INFO] Removed 3 rows with label=-1 from: /Volumes/JIAYI/ImageFocusDetection/data/samples_labels/sample73_labels/sample73.csv
2026-04-27 12:56:27 [INFO] Removed 37 rows with label=-1 from: /Volumes/JIAYI/ImageFocusDetection/data/samples_labels/sample2_labels/sample2.csv
2026-04-27 12:56:27 [INFO] Removed 8 rows with label=-1 from: /Volumes/JIAYI/ImageFocusDetection/data/samples_labels/sample140_labels/sample140.csv
2026-04-27 12:56:27 [INFO] Removed 85 rows with label=-1 from: /Volumes/JIAYI/ImageFocusDetection/data/samples_labels/sample197_labels/sample197.csv
2026-04-27 12:56:27 [INFO] Removed 219 rows with label=-1 from: /Volumes/JIAYI/ImageFocusDetection/data/samples_labels/sample320_labels/sample320.csv
2026-04-27 12:56:27 [INFO] Removed 4 rows with label=-1 from: /Volumes/JIAYI/ImageFocusDetection/data/samples_labels/sample220_labels/sample220.csv
2026-04-27 12:56:27 [INFO] Removed 24 rows with label=-1 from: /Volumes/JIAYI/ImageFocusDetection/data/samples_labels/sample189_labels/sample189.csv
2026-04-27 12:56:27 [INFO] Removed 27 rows with label=-1 from: /Volumes/JIAYI/ImageFocusDetection/data/samples_labels/sample343_labels/sample343.csv
2026-04-27 12:56:27 [INFO] Removed 50 rows with label=-1 from: /Volumes/JIAYI/ImageFocusDetection/data/samples_labels/sample243_labels/sample243.csv
2026-04-27 12:56:27 [INFO] Removed 37 rows with label=-1 from: /Volumes/JIAYI/ImageFocusDetection/data/samples_labels/sample232_labels/sample232.csv
2026-04-27 12:56:27 [INFO] Removed 6 rows with label=-1 from: /Volumes/JIAYI/ImageFocusDetection/data/samples_labels/sample332_labels/sample332.csv
2026-04-27 12:56:27 [INFO] Removed 19 rows with label=-1 from: /Volumes/JIAYI/ImageFocusDetection/data/samples_labels/sample185_labels/sample185.csv
2026-04-27 12:56:27 [INFO] Removed 59 rows with label=-1 from: /Volumes/JIAYI/ImageFocusDetection/data/samples_labels/sample204_labels/sample204.csv
2026-04-27 12:56:27 [INFO] Removed 7 rows with label=-1 from: /Volumes/JIAYI/ImageFocusDetection/data/samples_labels/sample304_labels/sample304.csv
2026-04-27 12:56:27 [INFO] Removed 5 rows with label=-1 from: /Volumes/JIAYI/ImageFocusDetection/data/samples_labels/sample80_labels/sample80.csv
2026-04-27 12:56:27 [INFO] Removed 2 rows with label=-1 from: /Volumes/JIAYI/ImageFocusDetection/data/samples_labels/sample308_labels/sample308.csv
2026-04-27 12:56:27 [INFO] Removed 6 rows with label=-1 from: /Volumes/JIAYI/ImageFocusDetection/data/samples_labels/sample208_labels/sample208.csv
2026-04-27 12:56:27 [INFO] Removed 186 rows with label=-1 from: /Volumes/JIAYI/ImageFocusDetection/data/samples_labels/sample275_labels/sample275.csv
2026-04-27 12:56:27 [INFO] Removed 2 rows with label=-1 from: /Volumes/JIAYI/ImageFocusDetection/data/samples_labels/sample329_labels/sample329.csv
2026-04-27 12:56:27 [INFO] Removed 2 rows with label=-1 from: /Volumes/JIAYI/ImageFocusDetection/data/samples_labels/sample229_labels/sample229.csv
2026-04-27 12:56:27 [INFO] Removed 15 rows with label=-1 from: /Volumes/JIAYI/ImageFocusDetection/data/samples_labels/sample254_labels/sample254.csv
2026-04-27 12:56:27 [INFO] Removed 18 rows with label=-1 from: /Volumes/JIAYI/ImageFocusDetection/data/samples_labels/sample237_labels/sample237.csv
2026-04-27 12:56:27 [INFO] Removed 3 rows with label=-1 from: /Volumes/JIAYI/ImageFocusDetection/data/samples_labels/sample192_labels/sample192.csv
2026-04-27 12:56:27 [INFO] Removed 247 rows with label=-1 from: /Volumes/JIAYI/ImageFocusDetection/data/samples_labels/sample325_labels/sample325.csv
2026-04-27 12:56:27 [INFO] Removed 24 rows with label=-1 from: /Volumes/JIAYI/ImageFocusDetection/data/samples_labels/sample258_labels/sample258.csv
2026-04-27 12:56:27 [INFO] Removed 30 rows with label=-1 from: /Volumes/JIAYI/ImageFocusDetection/data/samples_labels/sample270_labels/sample270.csv
2026-04-27 12:56:27 [INFO] Removed 12 rows with label=-1 from: /Volumes/JIAYI/ImageFocusDetection/data/samples_labels/sample213_labels/sample213.csv
2026-04-27 12:56:27 [INFO] Removed 266 rows with label=-1 from: /Volumes/JIAYI/ImageFocusDetection/data/samples_labels/sample313_labels/sample313.csv
2026-04-27 12:56:27 [INFO] Removed 7 rows with label=-1 from: /Volumes/JIAYI/ImageFocusDetection/data/samples_labels/sample89_labels/sample89.csv
2026-04-27 12:56:27 [INFO] Removed 7 rows with label=-1 from: /Volumes/JIAYI/ImageFocusDetection/data/samples_labels/sample85_labels/sample85.csv
2026-04-27 12:56:27 [INFO] Removed 2 rows with label=-1 from: /Volumes/JIAYI/ImageFocusDetection/data/samples_labels/sample262_labels/sample262.csv
2026-04-27 12:56:27 [INFO] Removed 6 rows with label=-1 from: /Volumes/JIAYI/ImageFocusDetection/data/samples_labels/sample161_labels/sample161.csv
2026-04-27 12:56:27 [INFO] Removed 18 rows with label=-1 from: /Volumes/JIAYI/ImageFocusDetection/data/samples_labels/sample102_labels/sample102.csv
2026-04-27 12:56:27 [INFO] Removed 114 rows with label=-1 from: /Volumes/JIAYI/ImageFocusDetection/data/samples_labels/sample173_labels/sample173.csv
2026-04-27 12:56:27 [INFO] Removed 88 rows with label=-1 from: /Volumes/JIAYI/ImageFocusDetection/data/samples_labels/sample110_labels/sample110.csv
2026-04-27 12:56:27 [INFO] Removed 12 rows with label=-1 from: /Volumes/JIAYI/ImageFocusDetection/data/samples_labels/sample15_labels/sample15.csv
2026-04-27 12:56:27 [INFO] Removed 3 rows with label=-1 from: /Volumes/JIAYI/ImageFocusDetection/data/samples_labels/sample68_labels/sample68.csv
2026-04-27 12:56:27 [INFO] Removed 4 rows with label=-1 from: /Volumes/JIAYI/ImageFocusDetection/data/samples_labels/sample291_labels/sample291.csv
2026-04-27 12:56:27 [INFO] Removed 1 rows with label=-1 from: /Volumes/JIAYI/ImageFocusDetection/data/samples_labels/sample7_labels/sample7.csv
2026-04-27 12:56:27 [INFO] Removed 37 rows with label=-1 from: /Volumes/JIAYI/ImageFocusDetection/data/samples_labels/sample283_labels/sample283.csv
2026-04-27 12:56:27 [INFO] Removed 31 rows with label=-1 from: /Volumes/JIAYI/ImageFocusDetection/data/samples_labels/sample21_labels/sample21.csv
2026-04-27 12:56:27 [INFO] Removed 3 rows with label=-1 from: /Volumes/JIAYI/ImageFocusDetection/data/samples_labels/sample100_labels/sample100.csv
2026-04-27 12:56:27 [INFO] Removed 36 rows with label=-1 from: /Volumes/JIAYI/ImageFocusDetection/data/samples_labels/sample50_labels/sample50.csv
2026-04-27 12:56:27 [INFO] Removed 8 rows with label=-1 from: /Volumes/JIAYI/ImageFocusDetection/data/samples_labels/sample163_labels/sample163.csv
2026-04-27 12:56:27 [INFO] Removed 8 rows with label=-1 from: /Volumes/JIAYI/ImageFocusDetection/data/samples_labels/sample281_labels/sample281.csv
2026-04-27 12:56:27 [INFO] Removed 97 rows with label=-1 from: /Volumes/JIAYI/ImageFocusDetection/data/samples_labels/sample66_labels/sample66.csv
2026-04-27 12:56:27 [INFO] Removed 527 rows with label=-1 from: /Volumes/JIAYI/ImageFocusDetection/data/samples_labels/sample128_labels/sample128.csv
2026-04-27 12:56:27 [INFO] Removed 140 rows with label=-1 from: /Volumes/JIAYI/ImageFocusDetection/data/samples_labels/sample155_labels/sample155.csv
2026-04-27 12:56:27 [INFO] Removed 1 rows with label=-1 from: /Volumes/JIAYI/ImageFocusDetection/data/samples_labels/sample9_labels/sample9.csv
2026-04-27 12:56:27 [INFO] Removed 2 rows with label=-1 from: /Volumes/JIAYI/ImageFocusDetection/data/samples_labels/sample293_labels/sample293.csv
2026-04-27 12:56:27 [INFO] Removed 91 rows with label=-1 from: /Volumes/JIAYI/ImageFocusDetection/data/samples_labels/sample74_labels/sample74.csv
2026-04-27 12:56:27 [INFO] Removed 12 rows with label=-1 from: /Volumes/JIAYI/ImageFocusDetection/data/samples_labels/sample159_labels/sample159.csv
2026-04-27 12:56:27 [INFO] Removed 5 rows with label=-1 from: /Volumes/JIAYI/ImageFocusDetection/data/samples_labels/sample227_labels/sample227.csv
2026-04-27 12:56:27 [INFO] Removed 1 rows with label=-1 from: /Volumes/JIAYI/ImageFocusDetection/data/samples_labels/sample239_labels/sample239.csv
2026-04-27 12:56:27 [INFO] Removed 2 rows with label=-1 from: /Volumes/JIAYI/ImageFocusDetection/data/samples_labels/sample339_labels/sample339.csv
2026-04-27 12:56:27 [INFO] Removed 1 rows with label=-1 from: /Volumes/JIAYI/ImageFocusDetection/data/samples_labels/sample244_labels/sample244.csv
2026-04-27 12:56:27 [INFO] Removed 233 rows with label=-1 from: /Volumes/JIAYI/ImageFocusDetection/data/samples_labels/sample344_labels/sample344.csv
2026-04-27 12:56:27 [INFO] Removed 5 rows with label=-1 from: /Volumes/JIAYI/ImageFocusDetection/data/samples_labels/sample335_labels/sample335.csv
2026-04-27 12:56:27 [INFO] Removed 85 rows with label=-1 from: /Volumes/JIAYI/ImageFocusDetection/data/samples_labels/sample348_labels/sample348.csv
2026-04-27 12:56:27 [INFO] Removed 15 rows with label=-1 from: /Volumes/JIAYI/ImageFocusDetection/data/samples_labels/sample87_labels/sample87.csv
2026-04-27 12:56:27 [INFO] Removed 15 rows with label=-1 from: /Volumes/JIAYI/ImageFocusDetection/data/samples_labels/sample95_labels/sample95.csv
2026-04-27 12:56:27 [INFO] Removed 46 rows with label=-1 from: /Volumes/JIAYI/ImageFocusDetection/data/samples_labels/sample272_labels/sample272.csv
2026-04-27 12:56:27 [INFO] Removed 366 rows with label=-1 from: /Volumes/JIAYI/ImageFocusDetection/data/samples_labels/sample1_labels/sample1.csv
2026-04-27 12:56:27 [INFO] Removed 33 rows with label=-1 from: /Volumes/JIAYI/ImageFocusDetection/data/samples_labels/sample297_labels/sample297.csv
2026-04-27 12:56:27 [INFO] Removed 7 rows with label=-1 from: /Volumes/JIAYI/ImageFocusDetection/data/samples_labels/sample143_labels/sample143.csv
2026-04-27 12:56:27 [INFO] Removed 6 rows with label=-1 from: /Volumes/JIAYI/ImageFocusDetection/data/samples_labels/sample289_labels/sample289.csv
2026-04-27 12:56:27 [INFO] Removed 56 rows with label=-1 from: /Volumes/JIAYI/ImageFocusDetection/data/samples_labels/sample13_labels/sample13.csv
2026-04-27 12:56:27 [INFO] Removed 12 rows with label=-1 from: /Volumes/JIAYI/ImageFocusDetection/data/samples_labels/sample132_labels/sample132.csv
2026-04-27 12:56:27 [INFO] Removed 160 rows with label=-1 from: /Volumes/JIAYI/ImageFocusDetection/data/samples_labels/sample285_labels/sample285.csv
2026-04-27 12:56:27 [INFO] Removed 36 rows with label=-1 from: /Volumes/JIAYI/ImageFocusDetection/data/samples_labels/sample104_labels/sample104.csv
2026-04-27 12:56:27 [INFO] Removed 19 rows with label=-1 from: /Volumes/JIAYI/ImageFocusDetection/data/samples_labels/sample29_labels/sample29.csv
2026-04-27 12:56:27 [INFO] Removed 3 rows with label=-1 from: /Volumes/JIAYI/ImageFocusDetection/data/samples_labels/sample37_labels/sample37.csv
2026-04-27 12:56:27 [INFO] Removed 1 rows with label=-1 from: /Volumes/JIAYI/ImageFocusDetection/data/samples_labels/sample116_labels/sample116.csv
2026-04-27 12:56:27 [INFO] Removed 92 rows with label=-1 from: /Volumes/JIAYI/ImageFocusDetection/data/samples_labels/sample175_labels/sample175.csv
2026-04-27 12:56:27 [INFO] Removed 13 rows with label=-1 from: /Volumes/JIAYI/ImageFocusDetection/data/samples_labels/sample108_labels/sample108.csv
2026-04-27 12:56:27 [INFO] Removed 54 rows with label=-1 from: /Volumes/JIAYI/ImageFocusDetection/data/samples_labels/sample268_labels/sample268.csv
2026-04-27 12:56:27 [INFO] Removed 14 rows with label=-1 from: /Volumes/JIAYI/ImageFocusDetection/data/samples_labels/sample215_labels/sample215.csv
2026-04-27 12:56:27 [INFO] Removed 1 rows with label=-1 from: /Volumes/JIAYI/ImageFocusDetection/data/samples_labels/sample315_labels/sample315.csv
2026-04-27 12:56:27 [INFO] Removed 46 rows with label=-1 from: /Volumes/JIAYI/ImageFocusDetection/data/samples_labels/sample276_labels/sample276.csv
2026-04-27 12:56:27 [INFO] Removed 7 rows with label=-1 from: /Volumes/JIAYI/ImageFocusDetection/data/samples_labels/sample307_labels/sample307.csv
2026-04-27 12:56:27 [INFO] Removed 4 rows with label=-1 from: /Volumes/JIAYI/ImageFocusDetection/data/samples_labels/sample264_labels/sample264.csv
2026-04-27 12:56:27 [INFO] Removed 183 rows with label=-1 from: /Volumes/JIAYI/ImageFocusDetection/data/samples_labels/sample319_labels/sample319.csv
2026-04-27 12:56:27 [INFO] Removed 186 rows with label=-1 from: /Volumes/JIAYI/ImageFocusDetection/data/samples_labels/sample219_labels/sample219.csv
2026-04-27 12:56:27 [INFO] Removed 391 rows with label=-1 from: /Volumes/JIAYI/ImageFocusDetection/data/samples_labels/sample231_labels/sample231.csv
2026-04-27 12:56:27 [INFO] Removed 366 rows with label=-1 from: /Volumes/JIAYI/ImageFocusDetection/data/samples_labels/sample252_labels/sample252.csv
2026-04-27 12:56:27 [INFO] Removed 312 rows with label=-1 from: /Volumes/JIAYI/ImageFocusDetection/data/samples_labels/sample198_labels/sample198.csv
2026-04-27 12:56:27 [INFO] Removed 82 rows with label=-1 from: /Volumes/JIAYI/ImageFocusDetection/data/samples_labels/sample223_labels/sample223.csv
2026-04-27 12:56:27 [INFO] Removed 93 rows with label=-1 from: /Volumes/JIAYI/ImageFocusDetection/data/samples_labels/sample194_labels/sample194.csv
2026-04-27 12:56:27 [INFO] Removed 39 rows with label=-1 from: /Volumes/JIAYI/ImageFocusDetection/data/samples_labels/sample323_labels/sample323.csv
2026-04-27 12:56:27 [INFO] Removed 30 rows with label=-1 from: /Volumes/JIAYI/ImageFocusDetection/data/samples_labels/sample240_labels/sample240.csv
2026-04-27 12:56:27 [INFO] Removed 2 rows with label=-1 from: /Volumes/JIAYI/ImageFocusDetection/data/samples_labels/sample340_labels/sample340.csv
2026-04-27 12:56:27 [INFO] Removed 7 rows with label=-1 from: /Volumes/JIAYI/ImageFocusDetection/data/samples_labels/sample81_labels/sample81.csv
2026-04-27 12:56:27 [INFO] Removed 33 rows with label=-1 from: /Volumes/JIAYI/ImageFocusDetection/data/samples_labels/sample278_labels/sample278.csv
2026-04-27 12:56:27 [INFO] Removed 8 rows with label=-1 from: /Volumes/JIAYI/ImageFocusDetection/data/samples_labels/sample305_labels/sample305.csv
2026-04-27 12:56:27 [INFO] Removed 4 rows with label=-1 from: /Volumes/JIAYI/ImageFocusDetection/data/samples_labels/sample274_labels/sample274.csv
2026-04-27 12:56:27 [INFO] Removed 27 rows with label=-1 from: /Volumes/JIAYI/ImageFocusDetection/data/samples_labels/sample209_labels/sample209.csv
2026-04-27 12:56:27 [INFO] Removed 5 rows with label=-1 from: /Volumes/JIAYI/ImageFocusDetection/data/samples_labels/sample309_labels/sample309.csv
2026-04-27 12:56:27 [INFO] Removed 212 rows with label=-1 from: /Volumes/JIAYI/ImageFocusDetection/data/samples_labels/sample217_labels/sample217.csv
2026-04-27 12:56:27 [INFO] Removed 54 rows with label=-1 from: /Volumes/JIAYI/ImageFocusDetection/data/samples_labels/sample242_labels/sample242.csv
2026-04-27 12:56:27 [INFO] Removed 153 rows with label=-1 from: /Volumes/JIAYI/ImageFocusDetection/data/samples_labels/sample342_labels/sample342.csv
2026-04-27 12:56:27 [INFO] Removed 16 rows with label=-1 from: /Volumes/JIAYI/ImageFocusDetection/data/samples_labels/sample188_labels/sample188.csv
2026-04-27 12:56:27 [INFO] Removed 136 rows with label=-1 from: /Volumes/JIAYI/ImageFocusDetection/data/samples_labels/sample221_labels/sample221.csv
2026-04-27 12:56:27 [INFO] Removed 27 rows with label=-1 from: /Volumes/JIAYI/ImageFocusDetection/data/samples_labels/sample196_labels/sample196.csv
2026-04-27 12:56:27 [INFO] Removed 20 rows with label=-1 from: /Volumes/JIAYI/ImageFocusDetection/data/samples_labels/sample350_labels/sample350.csv
2026-04-27 12:56:27 [INFO] Removed 5 rows with label=-1 from: /Volumes/JIAYI/ImageFocusDetection/data/samples_labels/sample333_labels/sample333.csv
2026-04-27 12:56:27 [INFO] Removed 143 rows with label=-1 from: /Volumes/JIAYI/ImageFocusDetection/data/samples_labels/sample233_labels/sample233.csv
2026-04-27 12:56:27 [INFO] Removed 7 rows with label=-1 from: /Volumes/JIAYI/ImageFocusDetection/data/samples_labels/sample299_labels/sample299.csv
2026-04-27 12:56:27 [INFO] Removed 7 rows with label=-1 from: /Volumes/JIAYI/ImageFocusDetection/data/samples_labels/sample287_labels/sample287.csv
2026-04-27 12:56:27 [INFO] Removed 154 rows with label=-1 from: /Volumes/JIAYI/ImageFocusDetection/data/samples_labels/sample72_labels/sample72.csv
2026-04-27 12:56:27 [INFO] Removed 3 rows with label=-1 from: /Volumes/JIAYI/ImageFocusDetection/data/samples_labels/sample3_labels/sample3.csv
2026-04-27 12:56:27 [INFO] Removed 12 rows with label=-1 from: /Volumes/JIAYI/ImageFocusDetection/data/samples_labels/sample295_labels/sample295.csv
2026-04-27 12:56:27 [INFO] Removed 2 rows with label=-1 from: /Volumes/JIAYI/ImageFocusDetection/data/samples_labels/sample177_labels/sample177.csv
2026-04-27 12:56:27 [INFO] Removed 56 rows with label=-1 from: /Volumes/JIAYI/ImageFocusDetection/data/samples_labels/sample169_labels/sample169.csv
2026-04-27 12:56:27 [INFO] Removed 170 rows with label=-1 from: /Volumes/JIAYI/ImageFocusDetection/data/samples_labels/sample114_labels/sample114.csv
2026-04-27 12:56:27 [INFO] Removed 9 rows with label=-1 from: /Volumes/JIAYI/ImageFocusDetection/data/samples_labels/sample165_labels/sample165.csv
2026-04-27 12:56:27 [INFO] Removed 16 rows with label=-1 from: /Volumes/JIAYI/ImageFocusDetection/data/samples_labels/sample118_labels/sample118.csv
2026-04-27 12:56:27 [INFO] Removed 9 rows with label=-1 from: /Volumes/JIAYI/ImageFocusDetection/data/samples_labels/sample35_labels/sample35.csv
2026-04-27 12:56:27 [INFO] Removed 13 rows with label=-1 from: /Volumes/JIAYI/ImageFocusDetection/data/samples_labels/sample106_labels/sample106.csv
2026-04-27 12:56:29 [INFO] Merged CSV saved: /Volumes/JIAYI/ImageFocusDetection/data/samples_labels/merged_samples_labels.csv
2026-04-27 12:56:39 [INFO] Deleted existing model folder: /Volumes/JIAYI/ImageFocusDetection/src/training/model_save
2026-04-27 12:56:39 [INFO] [Decision Tree] Detected classes: [0, 1, 2]
2026-04-27 12:56:39 [INFO] [Decision Tree] Using 5 CPU cores for image loading.
2026-04-27 12:56:39 [INFO] [Decision Tree] Start loading images ...
2026-04-27 12:57:02 [INFO] [Decision Tree] Image loading done, time: 23.09s
2026-04-27 12:57:02 [INFO] [Decision Tree] X shape before PCA: (638153, 1024)
2026-04-27 12:57:02 [INFO] [Decision Tree] Start PCA preprocessing ...
2026-04-27 12:57:30 [INFO] [Decision Tree] PCA preprocessing done, time: 28.23s
2026-04-27 12:57:30 [INFO] [Decision Tree] X shape after PCA: (638153, 6)
2026-04-27 12:57:30 [INFO] [Decision Tree] Start training ...
2026-04-27 12:57:36 [INFO] [Decision Tree] Training done, time: 5.53s
2026-04-27 12:57:36 [INFO] [Random Forest] Detected classes: [0, 1, 2]
2026-04-27 12:57:36 [INFO] [Random Forest] Using 5 CPU cores for image loading.
2026-04-27 12:57:36 [INFO] [Random Forest] Start loading images ...
2026-04-27 12:57:57 [INFO] [Random Forest] Image loading done, time: 21.60s
2026-04-27 12:57:57 [INFO] [Random Forest] X shape before PCA: (638153, 1024)
2026-04-27 12:57:57 [INFO] [Random Forest] Start PCA preprocessing ...
2026-04-27 12:58:24 [INFO] [Random Forest] PCA preprocessing done, time: 27.10s
2026-04-27 12:58:24 [INFO] [Random Forest] X shape after PCA: (638153, 6)
2026-04-27 12:58:24 [INFO] [Random Forest] Start training ...
2026-04-27 12:58:50 [INFO] [Random Forest] Training done, time: 25.53s
2026-04-27 12:58:50 [INFO] [SVM] Detected classes: [0, 1, 2]
2026-04-27 12:58:50 [INFO] [SVM] Using 5 CPU cores for image loading.
2026-04-27 12:58:50 [INFO] [SVM] Start loading images ...
2026-04-27 12:59:11 [INFO] [SVM] Image loading done, time: 21.15s
2026-04-27 12:59:11 [INFO] [SVM] X shape before PCA: (638153, 1024)
2026-04-27 12:59:11 [INFO] [SVM] Start PCA preprocessing ...
2026-04-27 12:59:38 [INFO] [SVM] PCA preprocessing done, time: 26.82s
2026-04-27 12:59:38 [INFO] [SVM] X shape after PCA: (638153, 6)
2026-04-27 12:59:38 [INFO] [SVM] Start training ...
2026-04-27 13:05:32 [INFO] [SVM] Training done, time: 353.66s
2026-04-27 13:05:32 [INFO] Selected models saved to: /Volumes/JIAYI/ImageFocusDetection/src/training/model_save
2026-04-27 13:05:32 [INFO] Model artifacts directory: /Volumes/JIAYI/ImageFocusDetection/src/training/model_save
2026-04-27 13:05:32 [INFO] Artifact: decision_tree_model.joblib | modified_at=2026-04-27 12:57:36
2026-04-27 13:05:32 [INFO] Artifact: decision_tree_pca.joblib | modified_at=2026-04-27 12:57:36
2026-04-27 13:05:32 [INFO] Artifact: random_forest_model.joblib | modified_at=2026-04-27 12:58:50
2026-04-27 13:05:32 [INFO] Artifact: random_forest_pca.joblib | modified_at=2026-04-27 12:58:50
2026-04-27 13:05:32 [INFO] Artifact: svm_model.joblib | modified_at=2026-04-27 13:05:32
2026-04-27 13:05:32 [INFO] Artifact: svm_pca.joblib | modified_at=2026-04-27 13:05:32
2026-04-27 13:05:32 [INFO] === Step 3: Evaluate ===
2026-04-27 13:05:32 [INFO] Removed 80 rows with label=-1 from: /Volumes/JIAYI/ImageFocusDetection/data/valid_samples_labels/valid_sample50_labels/valid_sample50.csv
2026-04-27 13:05:32 [INFO] Removed 12 rows with label=-1 from: /Volumes/JIAYI/ImageFocusDetection/data/valid_samples_labels/valid_sample21_labels/valid_sample21.csv
2026-04-27 13:05:32 [INFO] Removed 2 rows with label=-1 from: /Volumes/JIAYI/ImageFocusDetection/data/valid_samples_labels/valid_sample74_labels/valid_sample74.csv
2026-04-27 13:05:32 [INFO] Removed 6 rows with label=-1 from: /Volumes/JIAYI/ImageFocusDetection/data/valid_samples_labels/valid_sample23_labels/valid_sample23.csv
2026-04-27 13:05:32 [INFO] Removed 27 rows with label=-1 from: /Volumes/JIAYI/ImageFocusDetection/data/valid_samples_labels/valid_sample40_labels/valid_sample40.csv
2026-04-27 13:05:32 [INFO] Removed 103 rows with label=-1 from: /Volumes/JIAYI/ImageFocusDetection/data/valid_samples_labels/valid_sample31_labels/valid_sample31.csv
2026-04-27 13:05:32 [INFO] Removed 11 rows with label=-1 from: /Volumes/JIAYI/ImageFocusDetection/data/valid_samples_labels/valid_sample52_labels/valid_sample52.csv
2026-04-27 13:05:32 [INFO] Removed 104 rows with label=-1 from: /Volumes/JIAYI/ImageFocusDetection/data/valid_samples_labels/valid_sample64_labels/valid_sample64.csv
2026-04-27 13:05:32 [INFO] Removed 1 rows with label=-1 from: /Volumes/JIAYI/ImageFocusDetection/data/valid_samples_labels/valid_sample68_labels/valid_sample68.csv
2026-04-27 13:05:32 [INFO] Removed 20 rows with label=-1 from: /Volumes/JIAYI/ImageFocusDetection/data/valid_samples_labels/valid_sample15_labels/valid_sample15.csv
2026-04-27 13:05:32 [INFO] Removed 51 rows with label=-1 from: /Volumes/JIAYI/ImageFocusDetection/data/valid_samples_labels/valid_sample11_labels/valid_sample11.csv
2026-04-27 13:05:32 [INFO] Removed 31 rows with label=-1 from: /Volumes/JIAYI/ImageFocusDetection/data/valid_samples_labels/valid_sample3_labels/valid_sample3.csv
2026-04-27 13:05:32 [INFO] Removed 36 rows with label=-1 from: /Volumes/JIAYI/ImageFocusDetection/data/valid_samples_labels/valid_sample56_labels/valid_sample56.csv
2026-04-27 13:05:32 [INFO] Removed 262 rows with label=-1 from: /Volumes/JIAYI/ImageFocusDetection/data/valid_samples_labels/valid_sample44_labels/valid_sample44.csv
2026-04-27 13:05:32 [INFO] Removed 2 rows with label=-1 from: /Volumes/JIAYI/ImageFocusDetection/data/valid_samples_labels/valid_sample62_labels/valid_sample62.csv
2026-04-27 13:05:32 [INFO] Removed 3 rows with label=-1 from: /Volumes/JIAYI/ImageFocusDetection/data/valid_samples_labels/valid_sample70_labels/valid_sample70.csv
2026-04-27 13:05:32 [INFO] Removed 5 rows with label=-1 from: /Volumes/JIAYI/ImageFocusDetection/data/valid_samples_labels/valid_sample1_labels/valid_sample1.csv
2026-04-27 13:05:32 [INFO] Removed 26 rows with label=-1 from: /Volumes/JIAYI/ImageFocusDetection/data/valid_samples_labels/valid_sample46_labels/valid_sample46.csv
2026-04-27 13:05:32 [INFO] Removed 1 rows with label=-1 from: /Volumes/JIAYI/ImageFocusDetection/data/valid_samples_labels/valid_sample25_labels/valid_sample25.csv
2026-04-27 13:05:32 [INFO] Removed 3 rows with label=-1 from: /Volumes/JIAYI/ImageFocusDetection/data/valid_samples_labels/valid_sample29_labels/valid_sample29.csv
2026-04-27 13:05:32 [INFO] Removed 1 rows with label=-1 from: /Volumes/JIAYI/ImageFocusDetection/data/valid_samples_labels/valid_sample54_labels/valid_sample54.csv
2026-04-27 13:05:32 [INFO] Removed 5 rows with label=-1 from: /Volumes/JIAYI/ImageFocusDetection/data/valid_samples_labels/valid_sample4_labels/valid_sample4.csv
2026-04-27 13:05:32 [INFO] Removed 10 rows with label=-1 from: /Volumes/JIAYI/ImageFocusDetection/data/valid_samples_labels/valid_sample43_labels/valid_sample43.csv
2026-04-27 13:05:32 [INFO] Removed 103 rows with label=-1 from: /Volumes/JIAYI/ImageFocusDetection/data/valid_samples_labels/valid_sample18_labels/valid_sample18.csv
2026-04-27 13:05:32 [INFO] Removed 11 rows with label=-1 from: /Volumes/JIAYI/ImageFocusDetection/data/valid_samples_labels/valid_sample65_labels/valid_sample65.csv
2026-04-27 13:05:32 [INFO] Removed 6 rows with label=-1 from: /Volumes/JIAYI/ImageFocusDetection/data/valid_samples_labels/valid_sample41_labels/valid_sample41.csv
2026-04-27 13:05:32 [INFO] Removed 2 rows with label=-1 from: /Volumes/JIAYI/ImageFocusDetection/data/valid_samples_labels/valid_sample49_labels/valid_sample49.csv
2026-04-27 13:05:32 [INFO] Removed 81 rows with label=-1 from: /Volumes/JIAYI/ImageFocusDetection/data/valid_samples_labels/valid_sample45_labels/valid_sample45.csv
2026-04-27 13:05:32 [INFO] Removed 1 rows with label=-1 from: /Volumes/JIAYI/ImageFocusDetection/data/valid_samples_labels/valid_sample2_labels/valid_sample2.csv
2026-04-27 13:05:32 [INFO] Removed 2 rows with label=-1 from: /Volumes/JIAYI/ImageFocusDetection/data/valid_samples_labels/valid_sample55_labels/valid_sample55.csv
2026-04-27 13:05:32 [INFO] Removed 2 rows with label=-1 from: /Volumes/JIAYI/ImageFocusDetection/data/valid_samples_labels/valid_sample28_labels/valid_sample28.csv
2026-04-27 13:05:32 [INFO] Removed 156 rows with label=-1 from: /Volumes/JIAYI/ImageFocusDetection/data/valid_samples_labels/valid_sample12_labels/valid_sample12.csv
2026-04-27 13:05:32 [INFO] Removed 34 rows with label=-1 from: /Volumes/JIAYI/ImageFocusDetection/data/valid_samples_labels/valid_sample71_labels/valid_sample71.csv
2026-04-27 13:05:32 [INFO] Merged CSV saved: /Volumes/JIAYI/ImageFocusDetection/data/valid_samples_labels/merged_valid_samples_labels.csv
2026-04-27 13:05:51 [INFO] ========== Decision Tree ==========
2026-04-27 13:05:51 [INFO] Accuracy: 0.6509
2026-04-27 13:05:51 [INFO] Classification Report:

2026-04-27 13:05:51 [INFO]                precision    recall  f1-score   support

2026-04-27 13:05:51 [INFO]            0       0.81      0.87      0.84     65830
2026-04-27 13:05:51 [INFO]            1       0.26      0.60      0.36     14665
2026-04-27 13:05:51 [INFO]            2       0.72      0.40      0.51     55575

2026-04-27 13:05:51 [INFO]     accuracy                           0.65    136070
2026-04-27 13:05:51 [INFO]    macro avg       0.60      0.62      0.57    136070
2026-04-27 13:05:51 [INFO] weighted avg       0.71      0.65      0.66    136070

2026-04-27 13:05:51 [INFO] Confusion Matrix:

2026-04-27 13:05:51 [INFO]  [[57567  3914  4349]
2026-04-27 13:05:51 [INFO]  [ 1700  8774  4191]
2026-04-27 13:05:51 [INFO]  [12156 21196 22223]]
2026-04-27 13:06:03 [INFO] [Decision Tree] Evaluate overlays saved under: /Volumes/JIAYI/ImageFocusDetection/logs/_evaluate_cache
2026-04-27 13:06:03 [INFO] ========== Random Forest ==========
2026-04-27 13:06:03 [INFO] Accuracy: 0.7012
2026-04-27 13:06:03 [INFO] Classification Report:

2026-04-27 13:06:03 [INFO]                precision    recall  f1-score   support

2026-04-27 13:06:03 [INFO]            0       0.81      0.89      0.85     65830
2026-04-27 13:06:03 [INFO]            1       0.32      0.49      0.38     14665
2026-04-27 13:06:03 [INFO]            2       0.72      0.54      0.62     55575

2026-04-27 13:06:03 [INFO]     accuracy                           0.70    136070
2026-04-27 13:06:03 [INFO]    macro avg       0.62      0.64      0.62    136070
2026-04-27 13:06:03 [INFO] weighted avg       0.72      0.70      0.70    136070

2026-04-27 13:06:03 [INFO] Confusion Matrix:

2026-04-27 13:06:03 [INFO]  [[58407  1889  5534]
2026-04-27 13:06:03 [INFO]  [ 1689  7182  5794]
2026-04-27 13:06:03 [INFO]  [12161 13593 29821]]
2026-04-27 13:06:15 [INFO] [Random Forest] Evaluate overlays saved under: /Volumes/JIAYI/ImageFocusDetection/logs/_evaluate_cache
2026-04-27 13:06:15 [INFO] ========== SVM ==========
2026-04-27 13:06:15 [INFO] Accuracy: 0.7345
2026-04-27 13:06:15 [INFO] Classification Report:

2026-04-27 13:06:15 [INFO]                precision    recall  f1-score   support

2026-04-27 13:06:15 [INFO]            0       0.78      0.92      0.84     65830
2026-04-27 13:06:15 [INFO]            1       0.41      0.21      0.28     14665
2026-04-27 13:06:15 [INFO]            2       0.71      0.66      0.68     55575

2026-04-27 13:06:15 [INFO]     accuracy                           0.73    136070
2026-04-27 13:06:15 [INFO]    macro avg       0.63      0.59      0.60    136070
2026-04-27 13:06:15 [INFO] weighted avg       0.71      0.73      0.72    136070

2026-04-27 13:06:15 [INFO] Confusion Matrix:

2026-04-27 13:06:15 [INFO]  [[60278     4  5548]
2026-04-27 13:06:15 [INFO]  [ 2375  3091  9199]
2026-04-27 13:06:15 [INFO]  [14487  4507 36581]]
2026-04-27 13:06:26 [INFO] [SVM] Evaluate overlays saved under: /Volumes/JIAYI/ImageFocusDetection/logs/_evaluate_cache
2026-04-27 13:06:26 [INFO] === Run 2/4 | training.PCA_components=0.99 ===
2026-04-27 13:06:26 [INFO] Evaluate output tag: TR_PCA_components_0_99
2026-04-27 13:06:26 [INFO] Enabled models: decision_tree, random_forest, svm
2026-04-27 13:06:26 [INFO] === Step 2: Training ===
2026-04-27 13:06:26 [INFO] Deleted existing merged CSV: /Volumes/JIAYI/ImageFocusDetection/data/samples_labels/merged_samples_labels.csv
2026-04-27 13:06:26 [INFO] Removed 162 rows with label=-1 from: /Volumes/JIAYI/ImageFocusDetection/data/samples_labels/sample6_labels/sample6.csv
2026-04-27 13:06:26 [INFO] Removed 2 rows with label=-1 from: /Volumes/JIAYI/ImageFocusDetection/data/samples_labels/sample69_labels/sample69.csv
2026-04-27 13:06:26 [INFO] Removed 1 rows with label=-1 from: /Volumes/JIAYI/ImageFocusDetection/data/samples_labels/sample144_labels/sample144.csv
2026-04-27 13:06:26 [INFO] Removed 28 rows with label=-1 from: /Volumes/JIAYI/ImageFocusDetection/data/samples_labels/sample14_labels/sample14.csv
2026-04-27 13:06:26 [INFO] Removed 99 rows with label=-1 from: /Volumes/JIAYI/ImageFocusDetection/data/samples_labels/sample65_labels/sample65.csv
2026-04-27 13:06:26 [INFO] Removed 11 rows with label=-1 from: /Volumes/JIAYI/ImageFocusDetection/data/samples_labels/sample148_labels/sample148.csv
2026-04-27 13:06:26 [INFO] Removed 30 rows with label=-1 from: /Volumes/JIAYI/ImageFocusDetection/data/samples_labels/sample282_labels/sample282.csv
2026-04-27 13:06:26 [INFO] Removed 68 rows with label=-1 from: /Volumes/JIAYI/ImageFocusDetection/data/samples_labels/sample30_labels/sample30.csv
2026-04-27 13:06:26 [INFO] Removed 6 rows with label=-1 from: /Volumes/JIAYI/ImageFocusDetection/data/samples_labels/sample111_labels/sample111.csv
2026-04-27 13:06:26 [INFO] Removed 74 rows with label=-1 from: /Volumes/JIAYI/ImageFocusDetection/data/samples_labels/sample172_labels/sample172.csv
2026-04-27 13:06:26 [INFO] Removed 1 rows with label=-1 from: /Volumes/JIAYI/ImageFocusDetection/data/samples_labels/sample22_labels/sample22.csv
2026-04-27 13:06:26 [INFO] Removed 26 rows with label=-1 from: /Volumes/JIAYI/ImageFocusDetection/data/samples_labels/sample212_labels/sample212.csv
2026-04-27 13:06:26 [INFO] Removed 2 rows with label=-1 from: /Volumes/JIAYI/ImageFocusDetection/data/samples_labels/sample300_labels/sample300.csv
2026-04-27 13:06:26 [INFO] Removed 2 rows with label=-1 from: /Volumes/JIAYI/ImageFocusDetection/data/samples_labels/sample263_labels/sample263.csv
2026-04-27 13:06:26 [INFO] Removed 63 rows with label=-1 from: /Volumes/JIAYI/ImageFocusDetection/data/samples_labels/sample236_labels/sample236.csv
2026-04-27 13:06:26 [INFO] Removed 167 rows with label=-1 from: /Volumes/JIAYI/ImageFocusDetection/data/samples_labels/sample193_labels/sample193.csv
2026-04-27 13:06:26 [INFO] Removed 124 rows with label=-1 from: /Volumes/JIAYI/ImageFocusDetection/data/samples_labels/sample224_labels/sample224.csv
2026-04-27 13:06:26 [INFO] Removed 1 rows with label=-1 from: /Volumes/JIAYI/ImageFocusDetection/data/samples_labels/sample347_labels/sample347.csv
2026-04-27 13:06:27 [INFO] Removed 6 rows with label=-1 from: /Volumes/JIAYI/ImageFocusDetection/data/samples_labels/sample202_labels/sample202.csv
2026-04-27 13:06:27 [INFO] Removed 5 rows with label=-1 from: /Volumes/JIAYI/ImageFocusDetection/data/samples_labels/sample302_labels/sample302.csv
2026-04-27 13:06:27 [INFO] Removed 44 rows with label=-1 from: /Volumes/JIAYI/ImageFocusDetection/data/samples_labels/sample273_labels/sample273.csv
2026-04-27 13:06:27 [INFO] Removed 6 rows with label=-1 from: /Volumes/JIAYI/ImageFocusDetection/data/samples_labels/sample310_labels/sample310.csv
2026-04-27 13:06:27 [INFO] Removed 182 rows with label=-1 from: /Volumes/JIAYI/ImageFocusDetection/data/samples_labels/sample210_labels/sample210.csv
2026-04-27 13:06:27 [INFO] Removed 22 rows with label=-1 from: /Volumes/JIAYI/ImageFocusDetection/data/samples_labels/sample345_labels/sample345.csv
2026-04-27 13:06:27 [INFO] Removed 25 rows with label=-1 from: /Volumes/JIAYI/ImageFocusDetection/data/samples_labels/sample238_labels/sample238.csv
2026-04-27 13:06:27 [INFO] Removed 31 rows with label=-1 from: /Volumes/JIAYI/ImageFocusDetection/data/samples_labels/sample191_labels/sample191.csv
2026-04-27 13:06:27 [INFO] Removed 9 rows with label=-1 from: /Volumes/JIAYI/ImageFocusDetection/data/samples_labels/sample226_labels/sample226.csv
2026-04-27 13:06:27 [INFO] Removed 11 rows with label=-1 from: /Volumes/JIAYI/ImageFocusDetection/data/samples_labels/sample257_labels/sample257.csv
2026-04-27 13:06:27 [INFO] Removed 226 rows with label=-1 from: /Volumes/JIAYI/ImageFocusDetection/data/samples_labels/sample249_labels/sample249.csv
2026-04-27 13:06:27 [INFO] Removed 47 rows with label=-1 from: /Volumes/JIAYI/ImageFocusDetection/data/samples_labels/sample183_labels/sample183.csv
2026-04-27 13:06:27 [INFO] Removed 66 rows with label=-1 from: /Volumes/JIAYI/ImageFocusDetection/data/samples_labels/sample79_labels/sample79.csv
2026-04-27 13:06:27 [INFO] Removed 1 rows with label=-1 from: /Volumes/JIAYI/ImageFocusDetection/data/samples_labels/sample8_labels/sample8.csv
2026-04-27 13:06:27 [INFO] Removed 64 rows with label=-1 from: /Volumes/JIAYI/ImageFocusDetection/data/samples_labels/sample129_labels/sample129.csv
2026-04-27 13:06:27 [INFO] Removed 100 rows with label=-1 from: /Volumes/JIAYI/ImageFocusDetection/data/samples_labels/sample280_labels/sample280.csv
2026-04-27 13:06:27 [INFO] Removed 8 rows with label=-1 from: /Volumes/JIAYI/ImageFocusDetection/data/samples_labels/sample158_labels/sample158.csv
2026-04-27 13:06:27 [INFO] Removed 3 rows with label=-1 from: /Volumes/JIAYI/ImageFocusDetection/data/samples_labels/sample20_labels/sample20.csv
2026-04-27 13:06:27 [INFO] Removed 101 rows with label=-1 from: /Volumes/JIAYI/ImageFocusDetection/data/samples_labels/sample162_labels/sample162.csv
2026-04-27 13:06:27 [INFO] Removed 118 rows with label=-1 from: /Volumes/JIAYI/ImageFocusDetection/data/samples_labels/sample32_labels/sample32.csv
2026-04-27 13:06:27 [INFO] Removed 15 rows with label=-1 from: /Volumes/JIAYI/ImageFocusDetection/data/samples_labels/sample253_labels/sample253.csv
2026-04-27 13:06:27 [INFO] Removed 425 rows with label=-1 from: /Volumes/JIAYI/ImageFocusDetection/data/samples_labels/sample230_labels/sample230.csv
2026-04-27 13:06:27 [INFO] Removed 193 rows with label=-1 from: /Volumes/JIAYI/ImageFocusDetection/data/samples_labels/sample241_labels/sample241.csv
2026-04-27 13:06:27 [INFO] Removed 95 rows with label=-1 from: /Volumes/JIAYI/ImageFocusDetection/data/samples_labels/sample222_labels/sample222.csv
2026-04-27 13:06:27 [INFO] Removed 27 rows with label=-1 from: /Volumes/JIAYI/ImageFocusDetection/data/samples_labels/sample277_labels/sample277.csv
2026-04-27 13:06:27 [INFO] Removed 1 rows with label=-1 from: /Volumes/JIAYI/ImageFocusDetection/data/samples_labels/sample314_labels/sample314.csv
2026-04-27 13:06:27 [INFO] Removed 148 rows with label=-1 from: /Volumes/JIAYI/ImageFocusDetection/data/samples_labels/sample269_labels/sample269.csv
2026-04-27 13:06:27 [INFO] Removed 180 rows with label=-1 from: /Volumes/JIAYI/ImageFocusDetection/data/samples_labels/sample218_labels/sample218.csv
2026-04-27 13:06:27 [INFO] Removed 23 rows with label=-1 from: /Volumes/JIAYI/ImageFocusDetection/data/samples_labels/sample318_labels/sample318.csv
2026-04-27 13:06:27 [INFO] Removed 1 rows with label=-1 from: /Volumes/JIAYI/ImageFocusDetection/data/samples_labels/sample265_labels/sample265.csv
2026-04-27 13:06:27 [INFO] Removed 1 rows with label=-1 from: /Volumes/JIAYI/ImageFocusDetection/data/samples_labels/sample166_labels/sample166.csv
2026-04-27 13:06:27 [INFO] Removed 14 rows with label=-1 from: /Volumes/JIAYI/ImageFocusDetection/data/samples_labels/sample105_labels/sample105.csv
2026-04-27 13:06:27 [INFO] Removed 17 rows with label=-1 from: /Volumes/JIAYI/ImageFocusDetection/data/samples_labels/sample28_labels/sample28.csv
2026-04-27 13:06:27 [INFO] Removed 42 rows with label=-1 from: /Volumes/JIAYI/ImageFocusDetection/data/samples_labels/sample178_labels/sample178.csv
2026-04-27 13:06:27 [INFO] Removed 47 rows with label=-1 from: /Volumes/JIAYI/ImageFocusDetection/data/samples_labels/sample55_labels/sample55.csv
2026-04-27 13:06:27 [INFO] Removed 5 rows with label=-1 from: /Volumes/JIAYI/ImageFocusDetection/data/samples_labels/sample109_labels/sample109.csv
2026-04-27 13:06:27 [INFO] Removed 144 rows with label=-1 from: /Volumes/JIAYI/ImageFocusDetection/data/samples_labels/sample59_labels/sample59.csv
2026-04-27 13:06:27 [INFO] Removed 292 rows with label=-1 from: /Volumes/JIAYI/ImageFocusDetection/data/samples_labels/sample288_labels/sample288.csv
2026-04-27 13:06:27 [INFO] Removed 4 rows with label=-1 from: /Volumes/JIAYI/ImageFocusDetection/data/samples_labels/sample296_labels/sample296.csv
2026-04-27 13:06:27 [INFO] Removed 65 rows with label=-1 from: /Volumes/JIAYI/ImageFocusDetection/data/samples_labels/sample71_labels/sample71.csv
2026-04-27 13:06:27 [INFO] Removed 1 rows with label=-1 from: /Volumes/JIAYI/ImageFocusDetection/data/samples_labels/sample150_labels/sample150.csv
2026-04-27 13:06:27 [INFO] Removed 20 rows with label=-1 from: /Volumes/JIAYI/ImageFocusDetection/data/samples_labels/sample284_labels/sample284.csv
2026-04-27 13:06:27 [INFO] Removed 145 rows with label=-1 from: /Volumes/JIAYI/ImageFocusDetection/data/samples_labels/sample63_labels/sample63.csv
2026-04-27 13:06:27 [INFO] Removed 13 rows with label=-1 from: /Volumes/JIAYI/ImageFocusDetection/data/samples_labels/sample176_labels/sample176.csv
2026-04-27 13:06:27 [INFO] Removed 1 rows with label=-1 from: /Volumes/JIAYI/ImageFocusDetection/data/samples_labels/sample107_labels/sample107.csv
2026-04-27 13:06:27 [INFO] Removed 9 rows with label=-1 from: /Volumes/JIAYI/ImageFocusDetection/data/samples_labels/sample34_labels/sample34.csv
2026-04-27 13:06:27 [INFO] Removed 133 rows with label=-1 from: /Volumes/JIAYI/ImageFocusDetection/data/samples_labels/sample164_labels/sample164.csv
2026-04-27 13:06:27 [INFO] Removed 8 rows with label=-1 from: /Volumes/JIAYI/ImageFocusDetection/data/samples_labels/sample286_labels/sample286.csv
2026-04-27 13:06:27 [INFO] Removed 5 rows with label=-1 from: /Volumes/JIAYI/ImageFocusDetection/data/samples_labels/sample61_labels/sample61.csv
2026-04-27 13:06:27 [INFO] Removed 18 rows with label=-1 from: /Volumes/JIAYI/ImageFocusDetection/data/samples_labels/sample152_labels/sample152.csv
2026-04-27 13:06:27 [INFO] Removed 75 rows with label=-1 from: /Volumes/JIAYI/ImageFocusDetection/data/samples_labels/sample294_labels/sample294.csv
2026-04-27 13:06:27 [INFO] Removed 3 rows with label=-1 from: /Volumes/JIAYI/ImageFocusDetection/data/samples_labels/sample73_labels/sample73.csv
2026-04-27 13:06:27 [INFO] Removed 37 rows with label=-1 from: /Volumes/JIAYI/ImageFocusDetection/data/samples_labels/sample2_labels/sample2.csv
2026-04-27 13:06:27 [INFO] Removed 8 rows with label=-1 from: /Volumes/JIAYI/ImageFocusDetection/data/samples_labels/sample140_labels/sample140.csv
2026-04-27 13:06:27 [INFO] Removed 85 rows with label=-1 from: /Volumes/JIAYI/ImageFocusDetection/data/samples_labels/sample197_labels/sample197.csv
2026-04-27 13:06:27 [INFO] Removed 219 rows with label=-1 from: /Volumes/JIAYI/ImageFocusDetection/data/samples_labels/sample320_labels/sample320.csv
2026-04-27 13:06:27 [INFO] Removed 4 rows with label=-1 from: /Volumes/JIAYI/ImageFocusDetection/data/samples_labels/sample220_labels/sample220.csv
2026-04-27 13:06:27 [INFO] Removed 24 rows with label=-1 from: /Volumes/JIAYI/ImageFocusDetection/data/samples_labels/sample189_labels/sample189.csv
2026-04-27 13:06:27 [INFO] Removed 27 rows with label=-1 from: /Volumes/JIAYI/ImageFocusDetection/data/samples_labels/sample343_labels/sample343.csv
2026-04-27 13:06:27 [INFO] Removed 50 rows with label=-1 from: /Volumes/JIAYI/ImageFocusDetection/data/samples_labels/sample243_labels/sample243.csv
2026-04-27 13:06:27 [INFO] Removed 37 rows with label=-1 from: /Volumes/JIAYI/ImageFocusDetection/data/samples_labels/sample232_labels/sample232.csv
2026-04-27 13:06:27 [INFO] Removed 6 rows with label=-1 from: /Volumes/JIAYI/ImageFocusDetection/data/samples_labels/sample332_labels/sample332.csv
2026-04-27 13:06:27 [INFO] Removed 19 rows with label=-1 from: /Volumes/JIAYI/ImageFocusDetection/data/samples_labels/sample185_labels/sample185.csv
2026-04-27 13:06:27 [INFO] Removed 59 rows with label=-1 from: /Volumes/JIAYI/ImageFocusDetection/data/samples_labels/sample204_labels/sample204.csv
2026-04-27 13:06:27 [INFO] Removed 7 rows with label=-1 from: /Volumes/JIAYI/ImageFocusDetection/data/samples_labels/sample304_labels/sample304.csv
2026-04-27 13:06:27 [INFO] Removed 5 rows with label=-1 from: /Volumes/JIAYI/ImageFocusDetection/data/samples_labels/sample80_labels/sample80.csv
2026-04-27 13:06:27 [INFO] Removed 2 rows with label=-1 from: /Volumes/JIAYI/ImageFocusDetection/data/samples_labels/sample308_labels/sample308.csv
2026-04-27 13:06:27 [INFO] Removed 6 rows with label=-1 from: /Volumes/JIAYI/ImageFocusDetection/data/samples_labels/sample208_labels/sample208.csv
2026-04-27 13:06:27 [INFO] Removed 186 rows with label=-1 from: /Volumes/JIAYI/ImageFocusDetection/data/samples_labels/sample275_labels/sample275.csv
2026-04-27 13:06:27 [INFO] Removed 2 rows with label=-1 from: /Volumes/JIAYI/ImageFocusDetection/data/samples_labels/sample329_labels/sample329.csv
2026-04-27 13:06:27 [INFO] Removed 2 rows with label=-1 from: /Volumes/JIAYI/ImageFocusDetection/data/samples_labels/sample229_labels/sample229.csv
2026-04-27 13:06:27 [INFO] Removed 15 rows with label=-1 from: /Volumes/JIAYI/ImageFocusDetection/data/samples_labels/sample254_labels/sample254.csv
2026-04-27 13:06:27 [INFO] Removed 18 rows with label=-1 from: /Volumes/JIAYI/ImageFocusDetection/data/samples_labels/sample237_labels/sample237.csv
2026-04-27 13:06:27 [INFO] Removed 3 rows with label=-1 from: /Volumes/JIAYI/ImageFocusDetection/data/samples_labels/sample192_labels/sample192.csv
2026-04-27 13:06:27 [INFO] Removed 247 rows with label=-1 from: /Volumes/JIAYI/ImageFocusDetection/data/samples_labels/sample325_labels/sample325.csv
2026-04-27 13:06:27 [INFO] Removed 24 rows with label=-1 from: /Volumes/JIAYI/ImageFocusDetection/data/samples_labels/sample258_labels/sample258.csv
2026-04-27 13:06:27 [INFO] Removed 30 rows with label=-1 from: /Volumes/JIAYI/ImageFocusDetection/data/samples_labels/sample270_labels/sample270.csv
2026-04-27 13:06:27 [INFO] Removed 12 rows with label=-1 from: /Volumes/JIAYI/ImageFocusDetection/data/samples_labels/sample213_labels/sample213.csv
2026-04-27 13:06:27 [INFO] Removed 266 rows with label=-1 from: /Volumes/JIAYI/ImageFocusDetection/data/samples_labels/sample313_labels/sample313.csv
2026-04-27 13:06:27 [INFO] Removed 7 rows with label=-1 from: /Volumes/JIAYI/ImageFocusDetection/data/samples_labels/sample89_labels/sample89.csv
2026-04-27 13:06:27 [INFO] Removed 7 rows with label=-1 from: /Volumes/JIAYI/ImageFocusDetection/data/samples_labels/sample85_labels/sample85.csv
2026-04-27 13:06:27 [INFO] Removed 2 rows with label=-1 from: /Volumes/JIAYI/ImageFocusDetection/data/samples_labels/sample262_labels/sample262.csv
2026-04-27 13:06:27 [INFO] Removed 6 rows with label=-1 from: /Volumes/JIAYI/ImageFocusDetection/data/samples_labels/sample161_labels/sample161.csv
2026-04-27 13:06:27 [INFO] Removed 18 rows with label=-1 from: /Volumes/JIAYI/ImageFocusDetection/data/samples_labels/sample102_labels/sample102.csv
2026-04-27 13:06:27 [INFO] Removed 114 rows with label=-1 from: /Volumes/JIAYI/ImageFocusDetection/data/samples_labels/sample173_labels/sample173.csv
2026-04-27 13:06:27 [INFO] Removed 88 rows with label=-1 from: /Volumes/JIAYI/ImageFocusDetection/data/samples_labels/sample110_labels/sample110.csv
2026-04-27 13:06:27 [INFO] Removed 12 rows with label=-1 from: /Volumes/JIAYI/ImageFocusDetection/data/samples_labels/sample15_labels/sample15.csv
2026-04-27 13:06:27 [INFO] Removed 3 rows with label=-1 from: /Volumes/JIAYI/ImageFocusDetection/data/samples_labels/sample68_labels/sample68.csv
2026-04-27 13:06:27 [INFO] Removed 4 rows with label=-1 from: /Volumes/JIAYI/ImageFocusDetection/data/samples_labels/sample291_labels/sample291.csv
2026-04-27 13:06:27 [INFO] Removed 1 rows with label=-1 from: /Volumes/JIAYI/ImageFocusDetection/data/samples_labels/sample7_labels/sample7.csv
2026-04-27 13:06:27 [INFO] Removed 37 rows with label=-1 from: /Volumes/JIAYI/ImageFocusDetection/data/samples_labels/sample283_labels/sample283.csv
2026-04-27 13:06:27 [INFO] Removed 31 rows with label=-1 from: /Volumes/JIAYI/ImageFocusDetection/data/samples_labels/sample21_labels/sample21.csv
2026-04-27 13:06:27 [INFO] Removed 3 rows with label=-1 from: /Volumes/JIAYI/ImageFocusDetection/data/samples_labels/sample100_labels/sample100.csv
2026-04-27 13:06:27 [INFO] Removed 36 rows with label=-1 from: /Volumes/JIAYI/ImageFocusDetection/data/samples_labels/sample50_labels/sample50.csv
2026-04-27 13:06:27 [INFO] Removed 8 rows with label=-1 from: /Volumes/JIAYI/ImageFocusDetection/data/samples_labels/sample163_labels/sample163.csv
2026-04-27 13:06:27 [INFO] Removed 8 rows with label=-1 from: /Volumes/JIAYI/ImageFocusDetection/data/samples_labels/sample281_labels/sample281.csv
2026-04-27 13:06:27 [INFO] Removed 97 rows with label=-1 from: /Volumes/JIAYI/ImageFocusDetection/data/samples_labels/sample66_labels/sample66.csv
2026-04-27 13:06:27 [INFO] Removed 527 rows with label=-1 from: /Volumes/JIAYI/ImageFocusDetection/data/samples_labels/sample128_labels/sample128.csv
2026-04-27 13:06:27 [INFO] Removed 140 rows with label=-1 from: /Volumes/JIAYI/ImageFocusDetection/data/samples_labels/sample155_labels/sample155.csv
2026-04-27 13:06:27 [INFO] Removed 1 rows with label=-1 from: /Volumes/JIAYI/ImageFocusDetection/data/samples_labels/sample9_labels/sample9.csv
2026-04-27 13:06:27 [INFO] Removed 2 rows with label=-1 from: /Volumes/JIAYI/ImageFocusDetection/data/samples_labels/sample293_labels/sample293.csv
2026-04-27 13:06:27 [INFO] Removed 91 rows with label=-1 from: /Volumes/JIAYI/ImageFocusDetection/data/samples_labels/sample74_labels/sample74.csv
2026-04-27 13:06:27 [INFO] Removed 12 rows with label=-1 from: /Volumes/JIAYI/ImageFocusDetection/data/samples_labels/sample159_labels/sample159.csv
2026-04-27 13:06:27 [INFO] Removed 5 rows with label=-1 from: /Volumes/JIAYI/ImageFocusDetection/data/samples_labels/sample227_labels/sample227.csv
2026-04-27 13:06:27 [INFO] Removed 1 rows with label=-1 from: /Volumes/JIAYI/ImageFocusDetection/data/samples_labels/sample239_labels/sample239.csv
2026-04-27 13:06:27 [INFO] Removed 2 rows with label=-1 from: /Volumes/JIAYI/ImageFocusDetection/data/samples_labels/sample339_labels/sample339.csv
2026-04-27 13:06:27 [INFO] Removed 1 rows with label=-1 from: /Volumes/JIAYI/ImageFocusDetection/data/samples_labels/sample244_labels/sample244.csv
2026-04-27 13:06:27 [INFO] Removed 233 rows with label=-1 from: /Volumes/JIAYI/ImageFocusDetection/data/samples_labels/sample344_labels/sample344.csv
2026-04-27 13:06:27 [INFO] Removed 5 rows with label=-1 from: /Volumes/JIAYI/ImageFocusDetection/data/samples_labels/sample335_labels/sample335.csv
2026-04-27 13:06:27 [INFO] Removed 85 rows with label=-1 from: /Volumes/JIAYI/ImageFocusDetection/data/samples_labels/sample348_labels/sample348.csv
2026-04-27 13:06:27 [INFO] Removed 15 rows with label=-1 from: /Volumes/JIAYI/ImageFocusDetection/data/samples_labels/sample87_labels/sample87.csv
2026-04-27 13:06:27 [INFO] Removed 15 rows with label=-1 from: /Volumes/JIAYI/ImageFocusDetection/data/samples_labels/sample95_labels/sample95.csv
2026-04-27 13:06:27 [INFO] Removed 46 rows with label=-1 from: /Volumes/JIAYI/ImageFocusDetection/data/samples_labels/sample272_labels/sample272.csv
2026-04-27 13:06:27 [INFO] Removed 366 rows with label=-1 from: /Volumes/JIAYI/ImageFocusDetection/data/samples_labels/sample1_labels/sample1.csv
2026-04-27 13:06:27 [INFO] Removed 33 rows with label=-1 from: /Volumes/JIAYI/ImageFocusDetection/data/samples_labels/sample297_labels/sample297.csv
2026-04-27 13:06:27 [INFO] Removed 7 rows with label=-1 from: /Volumes/JIAYI/ImageFocusDetection/data/samples_labels/sample143_labels/sample143.csv
2026-04-27 13:06:27 [INFO] Removed 6 rows with label=-1 from: /Volumes/JIAYI/ImageFocusDetection/data/samples_labels/sample289_labels/sample289.csv
2026-04-27 13:06:27 [INFO] Removed 56 rows with label=-1 from: /Volumes/JIAYI/ImageFocusDetection/data/samples_labels/sample13_labels/sample13.csv
2026-04-27 13:06:27 [INFO] Removed 12 rows with label=-1 from: /Volumes/JIAYI/ImageFocusDetection/data/samples_labels/sample132_labels/sample132.csv
2026-04-27 13:06:27 [INFO] Removed 160 rows with label=-1 from: /Volumes/JIAYI/ImageFocusDetection/data/samples_labels/sample285_labels/sample285.csv
2026-04-27 13:06:27 [INFO] Removed 36 rows with label=-1 from: /Volumes/JIAYI/ImageFocusDetection/data/samples_labels/sample104_labels/sample104.csv
2026-04-27 13:06:27 [INFO] Removed 19 rows with label=-1 from: /Volumes/JIAYI/ImageFocusDetection/data/samples_labels/sample29_labels/sample29.csv
2026-04-27 13:06:27 [INFO] Removed 3 rows with label=-1 from: /Volumes/JIAYI/ImageFocusDetection/data/samples_labels/sample37_labels/sample37.csv
2026-04-27 13:06:27 [INFO] Removed 1 rows with label=-1 from: /Volumes/JIAYI/ImageFocusDetection/data/samples_labels/sample116_labels/sample116.csv
2026-04-27 13:06:27 [INFO] Removed 92 rows with label=-1 from: /Volumes/JIAYI/ImageFocusDetection/data/samples_labels/sample175_labels/sample175.csv
2026-04-27 13:06:27 [INFO] Removed 13 rows with label=-1 from: /Volumes/JIAYI/ImageFocusDetection/data/samples_labels/sample108_labels/sample108.csv
2026-04-27 13:06:27 [INFO] Removed 54 rows with label=-1 from: /Volumes/JIAYI/ImageFocusDetection/data/samples_labels/sample268_labels/sample268.csv
2026-04-27 13:06:27 [INFO] Removed 14 rows with label=-1 from: /Volumes/JIAYI/ImageFocusDetection/data/samples_labels/sample215_labels/sample215.csv
2026-04-27 13:06:27 [INFO] Removed 1 rows with label=-1 from: /Volumes/JIAYI/ImageFocusDetection/data/samples_labels/sample315_labels/sample315.csv
2026-04-27 13:06:27 [INFO] Removed 46 rows with label=-1 from: /Volumes/JIAYI/ImageFocusDetection/data/samples_labels/sample276_labels/sample276.csv
2026-04-27 13:06:27 [INFO] Removed 7 rows with label=-1 from: /Volumes/JIAYI/ImageFocusDetection/data/samples_labels/sample307_labels/sample307.csv
2026-04-27 13:06:27 [INFO] Removed 4 rows with label=-1 from: /Volumes/JIAYI/ImageFocusDetection/data/samples_labels/sample264_labels/sample264.csv
2026-04-27 13:06:27 [INFO] Removed 183 rows with label=-1 from: /Volumes/JIAYI/ImageFocusDetection/data/samples_labels/sample319_labels/sample319.csv
2026-04-27 13:06:27 [INFO] Removed 186 rows with label=-1 from: /Volumes/JIAYI/ImageFocusDetection/data/samples_labels/sample219_labels/sample219.csv
2026-04-27 13:06:27 [INFO] Removed 391 rows with label=-1 from: /Volumes/JIAYI/ImageFocusDetection/data/samples_labels/sample231_labels/sample231.csv
2026-04-27 13:06:27 [INFO] Removed 366 rows with label=-1 from: /Volumes/JIAYI/ImageFocusDetection/data/samples_labels/sample252_labels/sample252.csv
2026-04-27 13:06:27 [INFO] Removed 312 rows with label=-1 from: /Volumes/JIAYI/ImageFocusDetection/data/samples_labels/sample198_labels/sample198.csv
2026-04-27 13:06:27 [INFO] Removed 82 rows with label=-1 from: /Volumes/JIAYI/ImageFocusDetection/data/samples_labels/sample223_labels/sample223.csv
2026-04-27 13:06:27 [INFO] Removed 93 rows with label=-1 from: /Volumes/JIAYI/ImageFocusDetection/data/samples_labels/sample194_labels/sample194.csv
2026-04-27 13:06:27 [INFO] Removed 39 rows with label=-1 from: /Volumes/JIAYI/ImageFocusDetection/data/samples_labels/sample323_labels/sample323.csv
2026-04-27 13:06:27 [INFO] Removed 30 rows with label=-1 from: /Volumes/JIAYI/ImageFocusDetection/data/samples_labels/sample240_labels/sample240.csv
2026-04-27 13:06:27 [INFO] Removed 2 rows with label=-1 from: /Volumes/JIAYI/ImageFocusDetection/data/samples_labels/sample340_labels/sample340.csv
2026-04-27 13:06:27 [INFO] Removed 7 rows with label=-1 from: /Volumes/JIAYI/ImageFocusDetection/data/samples_labels/sample81_labels/sample81.csv
2026-04-27 13:06:27 [INFO] Removed 33 rows with label=-1 from: /Volumes/JIAYI/ImageFocusDetection/data/samples_labels/sample278_labels/sample278.csv
2026-04-27 13:06:27 [INFO] Removed 8 rows with label=-1 from: /Volumes/JIAYI/ImageFocusDetection/data/samples_labels/sample305_labels/sample305.csv
2026-04-27 13:06:27 [INFO] Removed 4 rows with label=-1 from: /Volumes/JIAYI/ImageFocusDetection/data/samples_labels/sample274_labels/sample274.csv
2026-04-27 13:06:27 [INFO] Removed 27 rows with label=-1 from: /Volumes/JIAYI/ImageFocusDetection/data/samples_labels/sample209_labels/sample209.csv
2026-04-27 13:06:27 [INFO] Removed 5 rows with label=-1 from: /Volumes/JIAYI/ImageFocusDetection/data/samples_labels/sample309_labels/sample309.csv
2026-04-27 13:06:27 [INFO] Removed 212 rows with label=-1 from: /Volumes/JIAYI/ImageFocusDetection/data/samples_labels/sample217_labels/sample217.csv
2026-04-27 13:06:27 [INFO] Removed 54 rows with label=-1 from: /Volumes/JIAYI/ImageFocusDetection/data/samples_labels/sample242_labels/sample242.csv
2026-04-27 13:06:27 [INFO] Removed 153 rows with label=-1 from: /Volumes/JIAYI/ImageFocusDetection/data/samples_labels/sample342_labels/sample342.csv
2026-04-27 13:06:27 [INFO] Removed 16 rows with label=-1 from: /Volumes/JIAYI/ImageFocusDetection/data/samples_labels/sample188_labels/sample188.csv
2026-04-27 13:06:27 [INFO] Removed 136 rows with label=-1 from: /Volumes/JIAYI/ImageFocusDetection/data/samples_labels/sample221_labels/sample221.csv
2026-04-27 13:06:27 [INFO] Removed 27 rows with label=-1 from: /Volumes/JIAYI/ImageFocusDetection/data/samples_labels/sample196_labels/sample196.csv
2026-04-27 13:06:27 [INFO] Removed 20 rows with label=-1 from: /Volumes/JIAYI/ImageFocusDetection/data/samples_labels/sample350_labels/sample350.csv
2026-04-27 13:06:27 [INFO] Removed 5 rows with label=-1 from: /Volumes/JIAYI/ImageFocusDetection/data/samples_labels/sample333_labels/sample333.csv
2026-04-27 13:06:27 [INFO] Removed 143 rows with label=-1 from: /Volumes/JIAYI/ImageFocusDetection/data/samples_labels/sample233_labels/sample233.csv
2026-04-27 13:06:27 [INFO] Removed 7 rows with label=-1 from: /Volumes/JIAYI/ImageFocusDetection/data/samples_labels/sample299_labels/sample299.csv
2026-04-27 13:06:27 [INFO] Removed 7 rows with label=-1 from: /Volumes/JIAYI/ImageFocusDetection/data/samples_labels/sample287_labels/sample287.csv
2026-04-27 13:06:27 [INFO] Removed 154 rows with label=-1 from: /Volumes/JIAYI/ImageFocusDetection/data/samples_labels/sample72_labels/sample72.csv
2026-04-27 13:06:27 [INFO] Removed 3 rows with label=-1 from: /Volumes/JIAYI/ImageFocusDetection/data/samples_labels/sample3_labels/sample3.csv
2026-04-27 13:06:27 [INFO] Removed 12 rows with label=-1 from: /Volumes/JIAYI/ImageFocusDetection/data/samples_labels/sample295_labels/sample295.csv
2026-04-27 13:06:27 [INFO] Removed 2 rows with label=-1 from: /Volumes/JIAYI/ImageFocusDetection/data/samples_labels/sample177_labels/sample177.csv
2026-04-27 13:06:27 [INFO] Removed 56 rows with label=-1 from: /Volumes/JIAYI/ImageFocusDetection/data/samples_labels/sample169_labels/sample169.csv
2026-04-27 13:06:27 [INFO] Removed 170 rows with label=-1 from: /Volumes/JIAYI/ImageFocusDetection/data/samples_labels/sample114_labels/sample114.csv
2026-04-27 13:06:27 [INFO] Removed 9 rows with label=-1 from: /Volumes/JIAYI/ImageFocusDetection/data/samples_labels/sample165_labels/sample165.csv
2026-04-27 13:06:27 [INFO] Removed 16 rows with label=-1 from: /Volumes/JIAYI/ImageFocusDetection/data/samples_labels/sample118_labels/sample118.csv
2026-04-27 13:06:27 [INFO] Removed 9 rows with label=-1 from: /Volumes/JIAYI/ImageFocusDetection/data/samples_labels/sample35_labels/sample35.csv
2026-04-27 13:06:27 [INFO] Removed 13 rows with label=-1 from: /Volumes/JIAYI/ImageFocusDetection/data/samples_labels/sample106_labels/sample106.csv
2026-04-27 13:06:29 [INFO] Merged CSV saved: /Volumes/JIAYI/ImageFocusDetection/data/samples_labels/merged_samples_labels.csv
2026-04-27 13:06:38 [INFO] Deleted existing model folder: /Volumes/JIAYI/ImageFocusDetection/src/training/model_save
2026-04-27 13:06:38 [INFO] [Decision Tree] Detected classes: [0, 1, 2]
2026-04-27 13:06:38 [INFO] [Decision Tree] Using 5 CPU cores for image loading.
2026-04-27 13:06:38 [INFO] [Decision Tree] Start loading images ...
2026-04-27 13:07:02 [INFO] [Decision Tree] Image loading done, time: 23.36s
2026-04-27 13:07:02 [INFO] [Decision Tree] X shape before PCA: (638153, 1024)
2026-04-27 13:07:02 [INFO] [Decision Tree] Start PCA preprocessing ...
2026-04-27 13:07:30 [INFO] [Decision Tree] PCA preprocessing done, time: 28.13s
2026-04-27 13:07:30 [INFO] [Decision Tree] X shape after PCA: (638153, 50)
2026-04-27 13:07:30 [INFO] [Decision Tree] Start training ...
2026-04-27 13:08:15 [INFO] [Decision Tree] Training done, time: 45.43s
2026-04-27 13:08:15 [INFO] [Random Forest] Detected classes: [0, 1, 2]
2026-04-27 13:08:15 [INFO] [Random Forest] Using 5 CPU cores for image loading.
2026-04-27 13:08:15 [INFO] [Random Forest] Start loading images ...
2026-04-27 13:08:36 [INFO] [Random Forest] Image loading done, time: 21.25s
2026-04-27 13:08:36 [INFO] [Random Forest] X shape before PCA: (638153, 1024)
2026-04-27 13:08:36 [INFO] [Random Forest] Start PCA preprocessing ...
2026-04-27 13:09:04 [INFO] [Random Forest] PCA preprocessing done, time: 27.73s
2026-04-27 13:09:04 [INFO] [Random Forest] X shape after PCA: (638153, 50)
2026-04-27 13:09:04 [INFO] [Random Forest] Start training ...
2026-04-27 13:10:27 [INFO] [Random Forest] Training done, time: 82.96s
2026-04-27 13:10:27 [INFO] [SVM] Detected classes: [0, 1, 2]
2026-04-27 13:10:27 [INFO] [SVM] Using 5 CPU cores for image loading.
2026-04-27 13:10:27 [INFO] [SVM] Start loading images ...
2026-04-27 13:10:49 [INFO] [SVM] Image loading done, time: 21.20s
2026-04-27 13:10:49 [INFO] [SVM] X shape before PCA: (638153, 1024)
2026-04-27 13:10:49 [INFO] [SVM] Start PCA preprocessing ...
2026-04-27 13:11:16 [INFO] [SVM] PCA preprocessing done, time: 27.02s
2026-04-27 13:11:16 [INFO] [SVM] X shape after PCA: (638153, 50)
2026-04-27 13:11:16 [INFO] [SVM] Start training ...
2026-04-27 13:13:11 [INFO] [SVM] Training done, time: 115.49s
2026-04-27 13:13:11 [INFO] Selected models saved to: /Volumes/JIAYI/ImageFocusDetection/src/training/model_save
2026-04-27 13:13:11 [INFO] Model artifacts directory: /Volumes/JIAYI/ImageFocusDetection/src/training/model_save
2026-04-27 13:13:11 [INFO] Artifact: decision_tree_model.joblib | modified_at=2026-04-27 13:08:15
2026-04-27 13:13:11 [INFO] Artifact: decision_tree_pca.joblib | modified_at=2026-04-27 13:08:15
2026-04-27 13:13:11 [INFO] Artifact: random_forest_model.joblib | modified_at=2026-04-27 13:10:27
2026-04-27 13:13:11 [INFO] Artifact: random_forest_pca.joblib | modified_at=2026-04-27 13:10:27
2026-04-27 13:13:11 [INFO] Artifact: svm_model.joblib | modified_at=2026-04-27 13:13:11
2026-04-27 13:13:11 [INFO] Artifact: svm_pca.joblib | modified_at=2026-04-27 13:13:11
2026-04-27 13:13:11 [INFO] === Step 3: Evaluate ===
2026-04-27 13:13:11 [INFO] Deleted existing merged CSV: /Volumes/JIAYI/ImageFocusDetection/data/valid_samples_labels/merged_valid_samples_labels.csv
2026-04-27 13:13:11 [INFO] Removed 80 rows with label=-1 from: /Volumes/JIAYI/ImageFocusDetection/data/valid_samples_labels/valid_sample50_labels/valid_sample50.csv
2026-04-27 13:13:11 [INFO] Removed 12 rows with label=-1 from: /Volumes/JIAYI/ImageFocusDetection/data/valid_samples_labels/valid_sample21_labels/valid_sample21.csv
2026-04-27 13:13:11 [INFO] Removed 2 rows with label=-1 from: /Volumes/JIAYI/ImageFocusDetection/data/valid_samples_labels/valid_sample74_labels/valid_sample74.csv
2026-04-27 13:13:11 [INFO] Removed 6 rows with label=-1 from: /Volumes/JIAYI/ImageFocusDetection/data/valid_samples_labels/valid_sample23_labels/valid_sample23.csv
2026-04-27 13:13:11 [INFO] Removed 27 rows with label=-1 from: /Volumes/JIAYI/ImageFocusDetection/data/valid_samples_labels/valid_sample40_labels/valid_sample40.csv
2026-04-27 13:13:11 [INFO] Removed 103 rows with label=-1 from: /Volumes/JIAYI/ImageFocusDetection/data/valid_samples_labels/valid_sample31_labels/valid_sample31.csv
2026-04-27 13:13:11 [INFO] Removed 11 rows with label=-1 from: /Volumes/JIAYI/ImageFocusDetection/data/valid_samples_labels/valid_sample52_labels/valid_sample52.csv
2026-04-27 13:13:11 [INFO] Removed 104 rows with label=-1 from: /Volumes/JIAYI/ImageFocusDetection/data/valid_samples_labels/valid_sample64_labels/valid_sample64.csv
2026-04-27 13:13:11 [INFO] Removed 1 rows with label=-1 from: /Volumes/JIAYI/ImageFocusDetection/data/valid_samples_labels/valid_sample68_labels/valid_sample68.csv
2026-04-27 13:13:11 [INFO] Removed 20 rows with label=-1 from: /Volumes/JIAYI/ImageFocusDetection/data/valid_samples_labels/valid_sample15_labels/valid_sample15.csv
2026-04-27 13:13:11 [INFO] Removed 51 rows with label=-1 from: /Volumes/JIAYI/ImageFocusDetection/data/valid_samples_labels/valid_sample11_labels/valid_sample11.csv
2026-04-27 13:13:11 [INFO] Removed 31 rows with label=-1 from: /Volumes/JIAYI/ImageFocusDetection/data/valid_samples_labels/valid_sample3_labels/valid_sample3.csv
2026-04-27 13:13:11 [INFO] Removed 36 rows with label=-1 from: /Volumes/JIAYI/ImageFocusDetection/data/valid_samples_labels/valid_sample56_labels/valid_sample56.csv
2026-04-27 13:13:11 [INFO] Removed 262 rows with label=-1 from: /Volumes/JIAYI/ImageFocusDetection/data/valid_samples_labels/valid_sample44_labels/valid_sample44.csv
2026-04-27 13:13:11 [INFO] Removed 2 rows with label=-1 from: /Volumes/JIAYI/ImageFocusDetection/data/valid_samples_labels/valid_sample62_labels/valid_sample62.csv
2026-04-27 13:13:11 [INFO] Removed 3 rows with label=-1 from: /Volumes/JIAYI/ImageFocusDetection/data/valid_samples_labels/valid_sample70_labels/valid_sample70.csv
2026-04-27 13:13:11 [INFO] Removed 5 rows with label=-1 from: /Volumes/JIAYI/ImageFocusDetection/data/valid_samples_labels/valid_sample1_labels/valid_sample1.csv
2026-04-27 13:13:11 [INFO] Removed 26 rows with label=-1 from: /Volumes/JIAYI/ImageFocusDetection/data/valid_samples_labels/valid_sample46_labels/valid_sample46.csv
2026-04-27 13:13:11 [INFO] Removed 1 rows with label=-1 from: /Volumes/JIAYI/ImageFocusDetection/data/valid_samples_labels/valid_sample25_labels/valid_sample25.csv
2026-04-27 13:13:11 [INFO] Removed 3 rows with label=-1 from: /Volumes/JIAYI/ImageFocusDetection/data/valid_samples_labels/valid_sample29_labels/valid_sample29.csv
2026-04-27 13:13:11 [INFO] Removed 1 rows with label=-1 from: /Volumes/JIAYI/ImageFocusDetection/data/valid_samples_labels/valid_sample54_labels/valid_sample54.csv
2026-04-27 13:13:11 [INFO] Removed 5 rows with label=-1 from: /Volumes/JIAYI/ImageFocusDetection/data/valid_samples_labels/valid_sample4_labels/valid_sample4.csv
2026-04-27 13:13:11 [INFO] Removed 10 rows with label=-1 from: /Volumes/JIAYI/ImageFocusDetection/data/valid_samples_labels/valid_sample43_labels/valid_sample43.csv
2026-04-27 13:13:11 [INFO] Removed 103 rows with label=-1 from: /Volumes/JIAYI/ImageFocusDetection/data/valid_samples_labels/valid_sample18_labels/valid_sample18.csv
2026-04-27 13:13:11 [INFO] Removed 11 rows with label=-1 from: /Volumes/JIAYI/ImageFocusDetection/data/valid_samples_labels/valid_sample65_labels/valid_sample65.csv
2026-04-27 13:13:11 [INFO] Removed 6 rows with label=-1 from: /Volumes/JIAYI/ImageFocusDetection/data/valid_samples_labels/valid_sample41_labels/valid_sample41.csv
2026-04-27 13:13:11 [INFO] Removed 2 rows with label=-1 from: /Volumes/JIAYI/ImageFocusDetection/data/valid_samples_labels/valid_sample49_labels/valid_sample49.csv
2026-04-27 13:13:11 [INFO] Removed 81 rows with label=-1 from: /Volumes/JIAYI/ImageFocusDetection/data/valid_samples_labels/valid_sample45_labels/valid_sample45.csv
2026-04-27 13:13:11 [INFO] Removed 1 rows with label=-1 from: /Volumes/JIAYI/ImageFocusDetection/data/valid_samples_labels/valid_sample2_labels/valid_sample2.csv
2026-04-27 13:13:11 [INFO] Removed 2 rows with label=-1 from: /Volumes/JIAYI/ImageFocusDetection/data/valid_samples_labels/valid_sample55_labels/valid_sample55.csv
2026-04-27 13:13:11 [INFO] Removed 2 rows with label=-1 from: /Volumes/JIAYI/ImageFocusDetection/data/valid_samples_labels/valid_sample28_labels/valid_sample28.csv
2026-04-27 13:13:11 [INFO] Removed 156 rows with label=-1 from: /Volumes/JIAYI/ImageFocusDetection/data/valid_samples_labels/valid_sample12_labels/valid_sample12.csv
2026-04-27 13:13:11 [INFO] Removed 34 rows with label=-1 from: /Volumes/JIAYI/ImageFocusDetection/data/valid_samples_labels/valid_sample71_labels/valid_sample71.csv
2026-04-27 13:13:12 [INFO] Merged CSV saved: /Volumes/JIAYI/ImageFocusDetection/data/valid_samples_labels/merged_valid_samples_labels.csv
2026-04-27 13:13:30 [INFO] ========== Decision Tree ==========
2026-04-27 13:13:30 [INFO] Accuracy: 0.8302
2026-04-27 13:13:30 [INFO] Classification Report:

2026-04-27 13:13:30 [INFO]                precision    recall  f1-score   support

2026-04-27 13:13:30 [INFO]            0       0.93      0.90      0.92     65830
2026-04-27 13:13:30 [INFO]            1       0.55      0.81      0.65     14665
2026-04-27 13:13:30 [INFO]            2       0.82      0.75      0.78     55575

2026-04-27 13:13:30 [INFO]     accuracy                           0.83    136070
2026-04-27 13:13:30 [INFO]    macro avg       0.77      0.82      0.78    136070
2026-04-27 13:13:30 [INFO] weighted avg       0.85      0.83      0.83    136070

2026-04-27 13:13:30 [INFO] Confusion Matrix:

2026-04-27 13:13:30 [INFO]  [[59499    28  6303]
2026-04-27 13:13:30 [INFO]  [   34 11842  2789]
2026-04-27 13:13:30 [INFO]  [ 4224  9732 41619]]
2026-04-27 13:13:42 [INFO] [Decision Tree] Evaluate overlays saved under: /Volumes/JIAYI/ImageFocusDetection/logs/_evaluate_cache
2026-04-27 13:13:43 [INFO] ========== Random Forest ==========
2026-04-27 13:13:43 [INFO] Accuracy: 0.8874
2026-04-27 13:13:43 [INFO] Classification Report:

2026-04-27 13:13:43 [INFO]                precision    recall  f1-score   support

2026-04-27 13:13:43 [INFO]            0       0.97      0.92      0.94     65830
2026-04-27 13:13:43 [INFO]            1       0.69      0.82      0.75     14665
2026-04-27 13:13:43 [INFO]            2       0.86      0.87      0.86     55575

2026-04-27 13:13:43 [INFO]     accuracy                           0.89    136070
2026-04-27 13:13:43 [INFO]    macro avg       0.84      0.87      0.85    136070
2026-04-27 13:13:43 [INFO] weighted avg       0.89      0.89      0.89    136070

2026-04-27 13:13:43 [INFO] Confusion Matrix:

2026-04-27 13:13:43 [INFO]  [[60280     0  5550]
2026-04-27 13:13:43 [INFO]  [    2 12077  2586]
2026-04-27 13:13:43 [INFO]  [ 1662  5528 48385]]
2026-04-27 13:13:54 [INFO] [Random Forest] Evaluate overlays saved under: /Volumes/JIAYI/ImageFocusDetection/logs/_evaluate_cache
2026-04-27 13:13:55 [INFO] ========== SVM ==========
2026-04-27 13:13:55 [INFO] Accuracy: 0.8822
2026-04-27 13:13:55 [INFO] Classification Report:

2026-04-27 13:13:55 [INFO]                precision    recall  f1-score   support

2026-04-27 13:13:55 [INFO]            0       0.93      0.97      0.95     65830
2026-04-27 13:13:55 [INFO]            1       0.64      0.74      0.69     14665
2026-04-27 13:13:55 [INFO]            2       0.89      0.81      0.85     55575

2026-04-27 13:13:55 [INFO]     accuracy                           0.88    136070
2026-04-27 13:13:55 [INFO]    macro avg       0.82      0.84      0.83    136070
2026-04-27 13:13:55 [INFO] weighted avg       0.89      0.88      0.88    136070

2026-04-27 13:13:55 [INFO] Confusion Matrix:

2026-04-27 13:13:55 [INFO]  [[64064     7  1759]
2026-04-27 13:13:55 [INFO]  [   66 10882  3717]
2026-04-27 13:13:55 [INFO]  [ 4427  6054 45094]]
2026-04-27 13:14:06 [INFO] [SVM] Evaluate overlays saved under: /Volumes/JIAYI/ImageFocusDetection/logs/_evaluate_cache
2026-04-27 13:14:06 [INFO] === Run 3/4 | training.PCA_components=0.995 ===
2026-04-27 13:14:06 [INFO] Evaluate output tag: TR_PCA_components_0_995
2026-04-27 13:14:06 [INFO] Enabled models: decision_tree, random_forest, svm
2026-04-27 13:14:06 [INFO] === Step 2: Training ===
2026-04-27 13:14:06 [INFO] Deleted existing merged CSV: /Volumes/JIAYI/ImageFocusDetection/data/samples_labels/merged_samples_labels.csv
2026-04-27 13:14:06 [INFO] Removed 162 rows with label=-1 from: /Volumes/JIAYI/ImageFocusDetection/data/samples_labels/sample6_labels/sample6.csv
2026-04-27 13:14:06 [INFO] Removed 2 rows with label=-1 from: /Volumes/JIAYI/ImageFocusDetection/data/samples_labels/sample69_labels/sample69.csv
2026-04-27 13:14:06 [INFO] Removed 1 rows with label=-1 from: /Volumes/JIAYI/ImageFocusDetection/data/samples_labels/sample144_labels/sample144.csv
2026-04-27 13:14:06 [INFO] Removed 28 rows with label=-1 from: /Volumes/JIAYI/ImageFocusDetection/data/samples_labels/sample14_labels/sample14.csv
2026-04-27 13:14:06 [INFO] Removed 99 rows with label=-1 from: /Volumes/JIAYI/ImageFocusDetection/data/samples_labels/sample65_labels/sample65.csv
2026-04-27 13:14:06 [INFO] Removed 11 rows with label=-1 from: /Volumes/JIAYI/ImageFocusDetection/data/samples_labels/sample148_labels/sample148.csv
2026-04-27 13:14:06 [INFO] Removed 30 rows with label=-1 from: /Volumes/JIAYI/ImageFocusDetection/data/samples_labels/sample282_labels/sample282.csv
2026-04-27 13:14:06 [INFO] Removed 68 rows with label=-1 from: /Volumes/JIAYI/ImageFocusDetection/data/samples_labels/sample30_labels/sample30.csv
2026-04-27 13:14:06 [INFO] Removed 6 rows with label=-1 from: /Volumes/JIAYI/ImageFocusDetection/data/samples_labels/sample111_labels/sample111.csv
2026-04-27 13:14:06 [INFO] Removed 74 rows with label=-1 from: /Volumes/JIAYI/ImageFocusDetection/data/samples_labels/sample172_labels/sample172.csv
2026-04-27 13:14:06 [INFO] Removed 1 rows with label=-1 from: /Volumes/JIAYI/ImageFocusDetection/data/samples_labels/sample22_labels/sample22.csv
2026-04-27 13:14:06 [INFO] Removed 26 rows with label=-1 from: /Volumes/JIAYI/ImageFocusDetection/data/samples_labels/sample212_labels/sample212.csv
2026-04-27 13:14:06 [INFO] Removed 2 rows with label=-1 from: /Volumes/JIAYI/ImageFocusDetection/data/samples_labels/sample300_labels/sample300.csv
2026-04-27 13:14:06 [INFO] Removed 2 rows with label=-1 from: /Volumes/JIAYI/ImageFocusDetection/data/samples_labels/sample263_labels/sample263.csv
2026-04-27 13:14:06 [INFO] Removed 63 rows with label=-1 from: /Volumes/JIAYI/ImageFocusDetection/data/samples_labels/sample236_labels/sample236.csv
2026-04-27 13:14:06 [INFO] Removed 167 rows with label=-1 from: /Volumes/JIAYI/ImageFocusDetection/data/samples_labels/sample193_labels/sample193.csv
2026-04-27 13:14:06 [INFO] Removed 124 rows with label=-1 from: /Volumes/JIAYI/ImageFocusDetection/data/samples_labels/sample224_labels/sample224.csv
2026-04-27 13:14:06 [INFO] Removed 1 rows with label=-1 from: /Volumes/JIAYI/ImageFocusDetection/data/samples_labels/sample347_labels/sample347.csv
2026-04-27 13:14:06 [INFO] Removed 6 rows with label=-1 from: /Volumes/JIAYI/ImageFocusDetection/data/samples_labels/sample202_labels/sample202.csv
2026-04-27 13:14:06 [INFO] Removed 5 rows with label=-1 from: /Volumes/JIAYI/ImageFocusDetection/data/samples_labels/sample302_labels/sample302.csv
2026-04-27 13:14:06 [INFO] Removed 44 rows with label=-1 from: /Volumes/JIAYI/ImageFocusDetection/data/samples_labels/sample273_labels/sample273.csv
2026-04-27 13:14:06 [INFO] Removed 6 rows with label=-1 from: /Volumes/JIAYI/ImageFocusDetection/data/samples_labels/sample310_labels/sample310.csv
2026-04-27 13:14:06 [INFO] Removed 182 rows with label=-1 from: /Volumes/JIAYI/ImageFocusDetection/data/samples_labels/sample210_labels/sample210.csv
2026-04-27 13:14:06 [INFO] Removed 22 rows with label=-1 from: /Volumes/JIAYI/ImageFocusDetection/data/samples_labels/sample345_labels/sample345.csv
2026-04-27 13:14:06 [INFO] Removed 25 rows with label=-1 from: /Volumes/JIAYI/ImageFocusDetection/data/samples_labels/sample238_labels/sample238.csv
2026-04-27 13:14:06 [INFO] Removed 31 rows with label=-1 from: /Volumes/JIAYI/ImageFocusDetection/data/samples_labels/sample191_labels/sample191.csv
2026-04-27 13:14:06 [INFO] Removed 9 rows with label=-1 from: /Volumes/JIAYI/ImageFocusDetection/data/samples_labels/sample226_labels/sample226.csv
2026-04-27 13:14:06 [INFO] Removed 11 rows with label=-1 from: /Volumes/JIAYI/ImageFocusDetection/data/samples_labels/sample257_labels/sample257.csv
2026-04-27 13:14:06 [INFO] Removed 226 rows with label=-1 from: /Volumes/JIAYI/ImageFocusDetection/data/samples_labels/sample249_labels/sample249.csv
2026-04-27 13:14:06 [INFO] Removed 47 rows with label=-1 from: /Volumes/JIAYI/ImageFocusDetection/data/samples_labels/sample183_labels/sample183.csv
2026-04-27 13:14:06 [INFO] Removed 66 rows with label=-1 from: /Volumes/JIAYI/ImageFocusDetection/data/samples_labels/sample79_labels/sample79.csv
2026-04-27 13:14:06 [INFO] Removed 1 rows with label=-1 from: /Volumes/JIAYI/ImageFocusDetection/data/samples_labels/sample8_labels/sample8.csv
2026-04-27 13:14:06 [INFO] Removed 64 rows with label=-1 from: /Volumes/JIAYI/ImageFocusDetection/data/samples_labels/sample129_labels/sample129.csv
2026-04-27 13:14:06 [INFO] Removed 100 rows with label=-1 from: /Volumes/JIAYI/ImageFocusDetection/data/samples_labels/sample280_labels/sample280.csv
2026-04-27 13:14:06 [INFO] Removed 8 rows with label=-1 from: /Volumes/JIAYI/ImageFocusDetection/data/samples_labels/sample158_labels/sample158.csv
2026-04-27 13:14:06 [INFO] Removed 3 rows with label=-1 from: /Volumes/JIAYI/ImageFocusDetection/data/samples_labels/sample20_labels/sample20.csv
2026-04-27 13:14:06 [INFO] Removed 101 rows with label=-1 from: /Volumes/JIAYI/ImageFocusDetection/data/samples_labels/sample162_labels/sample162.csv
2026-04-27 13:14:06 [INFO] Removed 118 rows with label=-1 from: /Volumes/JIAYI/ImageFocusDetection/data/samples_labels/sample32_labels/sample32.csv
2026-04-27 13:14:06 [INFO] Removed 15 rows with label=-1 from: /Volumes/JIAYI/ImageFocusDetection/data/samples_labels/sample253_labels/sample253.csv
2026-04-27 13:14:06 [INFO] Removed 425 rows with label=-1 from: /Volumes/JIAYI/ImageFocusDetection/data/samples_labels/sample230_labels/sample230.csv
2026-04-27 13:14:06 [INFO] Removed 193 rows with label=-1 from: /Volumes/JIAYI/ImageFocusDetection/data/samples_labels/sample241_labels/sample241.csv
2026-04-27 13:14:06 [INFO] Removed 95 rows with label=-1 from: /Volumes/JIAYI/ImageFocusDetection/data/samples_labels/sample222_labels/sample222.csv
2026-04-27 13:14:06 [INFO] Removed 27 rows with label=-1 from: /Volumes/JIAYI/ImageFocusDetection/data/samples_labels/sample277_labels/sample277.csv
2026-04-27 13:14:06 [INFO] Removed 1 rows with label=-1 from: /Volumes/JIAYI/ImageFocusDetection/data/samples_labels/sample314_labels/sample314.csv
2026-04-27 13:14:06 [INFO] Removed 148 rows with label=-1 from: /Volumes/JIAYI/ImageFocusDetection/data/samples_labels/sample269_labels/sample269.csv
2026-04-27 13:14:06 [INFO] Removed 180 rows with label=-1 from: /Volumes/JIAYI/ImageFocusDetection/data/samples_labels/sample218_labels/sample218.csv
2026-04-27 13:14:06 [INFO] Removed 23 rows with label=-1 from: /Volumes/JIAYI/ImageFocusDetection/data/samples_labels/sample318_labels/sample318.csv
2026-04-27 13:14:06 [INFO] Removed 1 rows with label=-1 from: /Volumes/JIAYI/ImageFocusDetection/data/samples_labels/sample265_labels/sample265.csv
2026-04-27 13:14:06 [INFO] Removed 1 rows with label=-1 from: /Volumes/JIAYI/ImageFocusDetection/data/samples_labels/sample166_labels/sample166.csv
2026-04-27 13:14:06 [INFO] Removed 14 rows with label=-1 from: /Volumes/JIAYI/ImageFocusDetection/data/samples_labels/sample105_labels/sample105.csv
2026-04-27 13:14:06 [INFO] Removed 17 rows with label=-1 from: /Volumes/JIAYI/ImageFocusDetection/data/samples_labels/sample28_labels/sample28.csv
2026-04-27 13:14:06 [INFO] Removed 42 rows with label=-1 from: /Volumes/JIAYI/ImageFocusDetection/data/samples_labels/sample178_labels/sample178.csv
2026-04-27 13:14:06 [INFO] Removed 47 rows with label=-1 from: /Volumes/JIAYI/ImageFocusDetection/data/samples_labels/sample55_labels/sample55.csv
2026-04-27 13:14:06 [INFO] Removed 5 rows with label=-1 from: /Volumes/JIAYI/ImageFocusDetection/data/samples_labels/sample109_labels/sample109.csv
2026-04-27 13:14:06 [INFO] Removed 144 rows with label=-1 from: /Volumes/JIAYI/ImageFocusDetection/data/samples_labels/sample59_labels/sample59.csv
2026-04-27 13:14:06 [INFO] Removed 292 rows with label=-1 from: /Volumes/JIAYI/ImageFocusDetection/data/samples_labels/sample288_labels/sample288.csv
2026-04-27 13:14:06 [INFO] Removed 4 rows with label=-1 from: /Volumes/JIAYI/ImageFocusDetection/data/samples_labels/sample296_labels/sample296.csv
2026-04-27 13:14:06 [INFO] Removed 65 rows with label=-1 from: /Volumes/JIAYI/ImageFocusDetection/data/samples_labels/sample71_labels/sample71.csv
2026-04-27 13:14:06 [INFO] Removed 1 rows with label=-1 from: /Volumes/JIAYI/ImageFocusDetection/data/samples_labels/sample150_labels/sample150.csv
2026-04-27 13:14:06 [INFO] Removed 20 rows with label=-1 from: /Volumes/JIAYI/ImageFocusDetection/data/samples_labels/sample284_labels/sample284.csv
2026-04-27 13:14:06 [INFO] Removed 145 rows with label=-1 from: /Volumes/JIAYI/ImageFocusDetection/data/samples_labels/sample63_labels/sample63.csv
2026-04-27 13:14:06 [INFO] Removed 13 rows with label=-1 from: /Volumes/JIAYI/ImageFocusDetection/data/samples_labels/sample176_labels/sample176.csv
2026-04-27 13:14:06 [INFO] Removed 1 rows with label=-1 from: /Volumes/JIAYI/ImageFocusDetection/data/samples_labels/sample107_labels/sample107.csv
2026-04-27 13:14:06 [INFO] Removed 9 rows with label=-1 from: /Volumes/JIAYI/ImageFocusDetection/data/samples_labels/sample34_labels/sample34.csv
2026-04-27 13:14:06 [INFO] Removed 133 rows with label=-1 from: /Volumes/JIAYI/ImageFocusDetection/data/samples_labels/sample164_labels/sample164.csv
2026-04-27 13:14:06 [INFO] Removed 8 rows with label=-1 from: /Volumes/JIAYI/ImageFocusDetection/data/samples_labels/sample286_labels/sample286.csv
2026-04-27 13:14:06 [INFO] Removed 5 rows with label=-1 from: /Volumes/JIAYI/ImageFocusDetection/data/samples_labels/sample61_labels/sample61.csv
2026-04-27 13:14:06 [INFO] Removed 18 rows with label=-1 from: /Volumes/JIAYI/ImageFocusDetection/data/samples_labels/sample152_labels/sample152.csv
2026-04-27 13:14:06 [INFO] Removed 75 rows with label=-1 from: /Volumes/JIAYI/ImageFocusDetection/data/samples_labels/sample294_labels/sample294.csv
2026-04-27 13:14:06 [INFO] Removed 3 rows with label=-1 from: /Volumes/JIAYI/ImageFocusDetection/data/samples_labels/sample73_labels/sample73.csv
2026-04-27 13:14:06 [INFO] Removed 37 rows with label=-1 from: /Volumes/JIAYI/ImageFocusDetection/data/samples_labels/sample2_labels/sample2.csv
2026-04-27 13:14:06 [INFO] Removed 8 rows with label=-1 from: /Volumes/JIAYI/ImageFocusDetection/data/samples_labels/sample140_labels/sample140.csv
2026-04-27 13:14:06 [INFO] Removed 85 rows with label=-1 from: /Volumes/JIAYI/ImageFocusDetection/data/samples_labels/sample197_labels/sample197.csv
2026-04-27 13:14:06 [INFO] Removed 219 rows with label=-1 from: /Volumes/JIAYI/ImageFocusDetection/data/samples_labels/sample320_labels/sample320.csv
2026-04-27 13:14:06 [INFO] Removed 4 rows with label=-1 from: /Volumes/JIAYI/ImageFocusDetection/data/samples_labels/sample220_labels/sample220.csv
2026-04-27 13:14:06 [INFO] Removed 24 rows with label=-1 from: /Volumes/JIAYI/ImageFocusDetection/data/samples_labels/sample189_labels/sample189.csv
2026-04-27 13:14:06 [INFO] Removed 27 rows with label=-1 from: /Volumes/JIAYI/ImageFocusDetection/data/samples_labels/sample343_labels/sample343.csv
2026-04-27 13:14:06 [INFO] Removed 50 rows with label=-1 from: /Volumes/JIAYI/ImageFocusDetection/data/samples_labels/sample243_labels/sample243.csv
2026-04-27 13:14:06 [INFO] Removed 37 rows with label=-1 from: /Volumes/JIAYI/ImageFocusDetection/data/samples_labels/sample232_labels/sample232.csv
2026-04-27 13:14:06 [INFO] Removed 6 rows with label=-1 from: /Volumes/JIAYI/ImageFocusDetection/data/samples_labels/sample332_labels/sample332.csv
2026-04-27 13:14:06 [INFO] Removed 19 rows with label=-1 from: /Volumes/JIAYI/ImageFocusDetection/data/samples_labels/sample185_labels/sample185.csv
2026-04-27 13:14:06 [INFO] Removed 59 rows with label=-1 from: /Volumes/JIAYI/ImageFocusDetection/data/samples_labels/sample204_labels/sample204.csv
2026-04-27 13:14:06 [INFO] Removed 7 rows with label=-1 from: /Volumes/JIAYI/ImageFocusDetection/data/samples_labels/sample304_labels/sample304.csv
2026-04-27 13:14:06 [INFO] Removed 5 rows with label=-1 from: /Volumes/JIAYI/ImageFocusDetection/data/samples_labels/sample80_labels/sample80.csv
2026-04-27 13:14:06 [INFO] Removed 2 rows with label=-1 from: /Volumes/JIAYI/ImageFocusDetection/data/samples_labels/sample308_labels/sample308.csv
2026-04-27 13:14:06 [INFO] Removed 6 rows with label=-1 from: /Volumes/JIAYI/ImageFocusDetection/data/samples_labels/sample208_labels/sample208.csv
2026-04-27 13:14:06 [INFO] Removed 186 rows with label=-1 from: /Volumes/JIAYI/ImageFocusDetection/data/samples_labels/sample275_labels/sample275.csv
2026-04-27 13:14:06 [INFO] Removed 2 rows with label=-1 from: /Volumes/JIAYI/ImageFocusDetection/data/samples_labels/sample329_labels/sample329.csv
2026-04-27 13:14:06 [INFO] Removed 2 rows with label=-1 from: /Volumes/JIAYI/ImageFocusDetection/data/samples_labels/sample229_labels/sample229.csv
2026-04-27 13:14:06 [INFO] Removed 15 rows with label=-1 from: /Volumes/JIAYI/ImageFocusDetection/data/samples_labels/sample254_labels/sample254.csv
2026-04-27 13:14:06 [INFO] Removed 18 rows with label=-1 from: /Volumes/JIAYI/ImageFocusDetection/data/samples_labels/sample237_labels/sample237.csv
2026-04-27 13:14:06 [INFO] Removed 3 rows with label=-1 from: /Volumes/JIAYI/ImageFocusDetection/data/samples_labels/sample192_labels/sample192.csv
2026-04-27 13:14:06 [INFO] Removed 247 rows with label=-1 from: /Volumes/JIAYI/ImageFocusDetection/data/samples_labels/sample325_labels/sample325.csv
2026-04-27 13:14:06 [INFO] Removed 24 rows with label=-1 from: /Volumes/JIAYI/ImageFocusDetection/data/samples_labels/sample258_labels/sample258.csv
2026-04-27 13:14:06 [INFO] Removed 30 rows with label=-1 from: /Volumes/JIAYI/ImageFocusDetection/data/samples_labels/sample270_labels/sample270.csv
2026-04-27 13:14:06 [INFO] Removed 12 rows with label=-1 from: /Volumes/JIAYI/ImageFocusDetection/data/samples_labels/sample213_labels/sample213.csv
2026-04-27 13:14:06 [INFO] Removed 266 rows with label=-1 from: /Volumes/JIAYI/ImageFocusDetection/data/samples_labels/sample313_labels/sample313.csv
2026-04-27 13:14:06 [INFO] Removed 7 rows with label=-1 from: /Volumes/JIAYI/ImageFocusDetection/data/samples_labels/sample89_labels/sample89.csv
2026-04-27 13:14:07 [INFO] Removed 7 rows with label=-1 from: /Volumes/JIAYI/ImageFocusDetection/data/samples_labels/sample85_labels/sample85.csv
2026-04-27 13:14:07 [INFO] Removed 2 rows with label=-1 from: /Volumes/JIAYI/ImageFocusDetection/data/samples_labels/sample262_labels/sample262.csv
2026-04-27 13:14:07 [INFO] Removed 6 rows with label=-1 from: /Volumes/JIAYI/ImageFocusDetection/data/samples_labels/sample161_labels/sample161.csv
2026-04-27 13:14:07 [INFO] Removed 18 rows with label=-1 from: /Volumes/JIAYI/ImageFocusDetection/data/samples_labels/sample102_labels/sample102.csv
2026-04-27 13:14:07 [INFO] Removed 114 rows with label=-1 from: /Volumes/JIAYI/ImageFocusDetection/data/samples_labels/sample173_labels/sample173.csv
2026-04-27 13:14:07 [INFO] Removed 88 rows with label=-1 from: /Volumes/JIAYI/ImageFocusDetection/data/samples_labels/sample110_labels/sample110.csv
2026-04-27 13:14:07 [INFO] Removed 12 rows with label=-1 from: /Volumes/JIAYI/ImageFocusDetection/data/samples_labels/sample15_labels/sample15.csv
2026-04-27 13:14:07 [INFO] Removed 3 rows with label=-1 from: /Volumes/JIAYI/ImageFocusDetection/data/samples_labels/sample68_labels/sample68.csv
2026-04-27 13:14:07 [INFO] Removed 4 rows with label=-1 from: /Volumes/JIAYI/ImageFocusDetection/data/samples_labels/sample291_labels/sample291.csv
2026-04-27 13:14:07 [INFO] Removed 1 rows with label=-1 from: /Volumes/JIAYI/ImageFocusDetection/data/samples_labels/sample7_labels/sample7.csv
2026-04-27 13:14:07 [INFO] Removed 37 rows with label=-1 from: /Volumes/JIAYI/ImageFocusDetection/data/samples_labels/sample283_labels/sample283.csv
2026-04-27 13:14:07 [INFO] Removed 31 rows with label=-1 from: /Volumes/JIAYI/ImageFocusDetection/data/samples_labels/sample21_labels/sample21.csv
2026-04-27 13:14:07 [INFO] Removed 3 rows with label=-1 from: /Volumes/JIAYI/ImageFocusDetection/data/samples_labels/sample100_labels/sample100.csv
2026-04-27 13:14:07 [INFO] Removed 36 rows with label=-1 from: /Volumes/JIAYI/ImageFocusDetection/data/samples_labels/sample50_labels/sample50.csv
2026-04-27 13:14:07 [INFO] Removed 8 rows with label=-1 from: /Volumes/JIAYI/ImageFocusDetection/data/samples_labels/sample163_labels/sample163.csv
2026-04-27 13:14:07 [INFO] Removed 8 rows with label=-1 from: /Volumes/JIAYI/ImageFocusDetection/data/samples_labels/sample281_labels/sample281.csv
2026-04-27 13:14:07 [INFO] Removed 97 rows with label=-1 from: /Volumes/JIAYI/ImageFocusDetection/data/samples_labels/sample66_labels/sample66.csv
2026-04-27 13:14:07 [INFO] Removed 527 rows with label=-1 from: /Volumes/JIAYI/ImageFocusDetection/data/samples_labels/sample128_labels/sample128.csv
2026-04-27 13:14:07 [INFO] Removed 140 rows with label=-1 from: /Volumes/JIAYI/ImageFocusDetection/data/samples_labels/sample155_labels/sample155.csv
2026-04-27 13:14:07 [INFO] Removed 1 rows with label=-1 from: /Volumes/JIAYI/ImageFocusDetection/data/samples_labels/sample9_labels/sample9.csv
2026-04-27 13:14:07 [INFO] Removed 2 rows with label=-1 from: /Volumes/JIAYI/ImageFocusDetection/data/samples_labels/sample293_labels/sample293.csv
2026-04-27 13:14:07 [INFO] Removed 91 rows with label=-1 from: /Volumes/JIAYI/ImageFocusDetection/data/samples_labels/sample74_labels/sample74.csv
2026-04-27 13:14:07 [INFO] Removed 12 rows with label=-1 from: /Volumes/JIAYI/ImageFocusDetection/data/samples_labels/sample159_labels/sample159.csv
2026-04-27 13:14:07 [INFO] Removed 5 rows with label=-1 from: /Volumes/JIAYI/ImageFocusDetection/data/samples_labels/sample227_labels/sample227.csv
2026-04-27 13:14:07 [INFO] Removed 1 rows with label=-1 from: /Volumes/JIAYI/ImageFocusDetection/data/samples_labels/sample239_labels/sample239.csv
2026-04-27 13:14:07 [INFO] Removed 2 rows with label=-1 from: /Volumes/JIAYI/ImageFocusDetection/data/samples_labels/sample339_labels/sample339.csv
2026-04-27 13:14:07 [INFO] Removed 1 rows with label=-1 from: /Volumes/JIAYI/ImageFocusDetection/data/samples_labels/sample244_labels/sample244.csv
2026-04-27 13:14:07 [INFO] Removed 233 rows with label=-1 from: /Volumes/JIAYI/ImageFocusDetection/data/samples_labels/sample344_labels/sample344.csv
2026-04-27 13:14:07 [INFO] Removed 5 rows with label=-1 from: /Volumes/JIAYI/ImageFocusDetection/data/samples_labels/sample335_labels/sample335.csv
2026-04-27 13:14:07 [INFO] Removed 85 rows with label=-1 from: /Volumes/JIAYI/ImageFocusDetection/data/samples_labels/sample348_labels/sample348.csv
2026-04-27 13:14:07 [INFO] Removed 15 rows with label=-1 from: /Volumes/JIAYI/ImageFocusDetection/data/samples_labels/sample87_labels/sample87.csv
2026-04-27 13:14:07 [INFO] Removed 15 rows with label=-1 from: /Volumes/JIAYI/ImageFocusDetection/data/samples_labels/sample95_labels/sample95.csv
2026-04-27 13:14:07 [INFO] Removed 46 rows with label=-1 from: /Volumes/JIAYI/ImageFocusDetection/data/samples_labels/sample272_labels/sample272.csv
2026-04-27 13:14:07 [INFO] Removed 366 rows with label=-1 from: /Volumes/JIAYI/ImageFocusDetection/data/samples_labels/sample1_labels/sample1.csv
2026-04-27 13:14:07 [INFO] Removed 33 rows with label=-1 from: /Volumes/JIAYI/ImageFocusDetection/data/samples_labels/sample297_labels/sample297.csv
2026-04-27 13:14:07 [INFO] Removed 7 rows with label=-1 from: /Volumes/JIAYI/ImageFocusDetection/data/samples_labels/sample143_labels/sample143.csv
2026-04-27 13:14:07 [INFO] Removed 6 rows with label=-1 from: /Volumes/JIAYI/ImageFocusDetection/data/samples_labels/sample289_labels/sample289.csv
2026-04-27 13:14:07 [INFO] Removed 56 rows with label=-1 from: /Volumes/JIAYI/ImageFocusDetection/data/samples_labels/sample13_labels/sample13.csv
2026-04-27 13:14:07 [INFO] Removed 12 rows with label=-1 from: /Volumes/JIAYI/ImageFocusDetection/data/samples_labels/sample132_labels/sample132.csv
2026-04-27 13:14:07 [INFO] Removed 160 rows with label=-1 from: /Volumes/JIAYI/ImageFocusDetection/data/samples_labels/sample285_labels/sample285.csv
2026-04-27 13:14:07 [INFO] Removed 36 rows with label=-1 from: /Volumes/JIAYI/ImageFocusDetection/data/samples_labels/sample104_labels/sample104.csv
2026-04-27 13:14:07 [INFO] Removed 19 rows with label=-1 from: /Volumes/JIAYI/ImageFocusDetection/data/samples_labels/sample29_labels/sample29.csv
2026-04-27 13:14:07 [INFO] Removed 3 rows with label=-1 from: /Volumes/JIAYI/ImageFocusDetection/data/samples_labels/sample37_labels/sample37.csv
2026-04-27 13:14:07 [INFO] Removed 1 rows with label=-1 from: /Volumes/JIAYI/ImageFocusDetection/data/samples_labels/sample116_labels/sample116.csv
2026-04-27 13:14:07 [INFO] Removed 92 rows with label=-1 from: /Volumes/JIAYI/ImageFocusDetection/data/samples_labels/sample175_labels/sample175.csv
2026-04-27 13:14:07 [INFO] Removed 13 rows with label=-1 from: /Volumes/JIAYI/ImageFocusDetection/data/samples_labels/sample108_labels/sample108.csv
2026-04-27 13:14:07 [INFO] Removed 54 rows with label=-1 from: /Volumes/JIAYI/ImageFocusDetection/data/samples_labels/sample268_labels/sample268.csv
2026-04-27 13:14:07 [INFO] Removed 14 rows with label=-1 from: /Volumes/JIAYI/ImageFocusDetection/data/samples_labels/sample215_labels/sample215.csv
2026-04-27 13:14:07 [INFO] Removed 1 rows with label=-1 from: /Volumes/JIAYI/ImageFocusDetection/data/samples_labels/sample315_labels/sample315.csv
2026-04-27 13:14:07 [INFO] Removed 46 rows with label=-1 from: /Volumes/JIAYI/ImageFocusDetection/data/samples_labels/sample276_labels/sample276.csv
2026-04-27 13:14:07 [INFO] Removed 7 rows with label=-1 from: /Volumes/JIAYI/ImageFocusDetection/data/samples_labels/sample307_labels/sample307.csv
2026-04-27 13:14:07 [INFO] Removed 4 rows with label=-1 from: /Volumes/JIAYI/ImageFocusDetection/data/samples_labels/sample264_labels/sample264.csv
2026-04-27 13:14:07 [INFO] Removed 183 rows with label=-1 from: /Volumes/JIAYI/ImageFocusDetection/data/samples_labels/sample319_labels/sample319.csv
2026-04-27 13:14:07 [INFO] Removed 186 rows with label=-1 from: /Volumes/JIAYI/ImageFocusDetection/data/samples_labels/sample219_labels/sample219.csv
2026-04-27 13:14:07 [INFO] Removed 391 rows with label=-1 from: /Volumes/JIAYI/ImageFocusDetection/data/samples_labels/sample231_labels/sample231.csv
2026-04-27 13:14:07 [INFO] Removed 366 rows with label=-1 from: /Volumes/JIAYI/ImageFocusDetection/data/samples_labels/sample252_labels/sample252.csv
2026-04-27 13:14:07 [INFO] Removed 312 rows with label=-1 from: /Volumes/JIAYI/ImageFocusDetection/data/samples_labels/sample198_labels/sample198.csv
2026-04-27 13:14:07 [INFO] Removed 82 rows with label=-1 from: /Volumes/JIAYI/ImageFocusDetection/data/samples_labels/sample223_labels/sample223.csv
2026-04-27 13:14:07 [INFO] Removed 93 rows with label=-1 from: /Volumes/JIAYI/ImageFocusDetection/data/samples_labels/sample194_labels/sample194.csv
2026-04-27 13:14:07 [INFO] Removed 39 rows with label=-1 from: /Volumes/JIAYI/ImageFocusDetection/data/samples_labels/sample323_labels/sample323.csv
2026-04-27 13:14:07 [INFO] Removed 30 rows with label=-1 from: /Volumes/JIAYI/ImageFocusDetection/data/samples_labels/sample240_labels/sample240.csv
2026-04-27 13:14:07 [INFO] Removed 2 rows with label=-1 from: /Volumes/JIAYI/ImageFocusDetection/data/samples_labels/sample340_labels/sample340.csv
2026-04-27 13:14:07 [INFO] Removed 7 rows with label=-1 from: /Volumes/JIAYI/ImageFocusDetection/data/samples_labels/sample81_labels/sample81.csv
2026-04-27 13:14:07 [INFO] Removed 33 rows with label=-1 from: /Volumes/JIAYI/ImageFocusDetection/data/samples_labels/sample278_labels/sample278.csv
2026-04-27 13:14:07 [INFO] Removed 8 rows with label=-1 from: /Volumes/JIAYI/ImageFocusDetection/data/samples_labels/sample305_labels/sample305.csv
2026-04-27 13:14:07 [INFO] Removed 4 rows with label=-1 from: /Volumes/JIAYI/ImageFocusDetection/data/samples_labels/sample274_labels/sample274.csv
2026-04-27 13:14:07 [INFO] Removed 27 rows with label=-1 from: /Volumes/JIAYI/ImageFocusDetection/data/samples_labels/sample209_labels/sample209.csv
2026-04-27 13:14:07 [INFO] Removed 5 rows with label=-1 from: /Volumes/JIAYI/ImageFocusDetection/data/samples_labels/sample309_labels/sample309.csv
2026-04-27 13:14:07 [INFO] Removed 212 rows with label=-1 from: /Volumes/JIAYI/ImageFocusDetection/data/samples_labels/sample217_labels/sample217.csv
2026-04-27 13:14:07 [INFO] Removed 54 rows with label=-1 from: /Volumes/JIAYI/ImageFocusDetection/data/samples_labels/sample242_labels/sample242.csv
2026-04-27 13:14:07 [INFO] Removed 153 rows with label=-1 from: /Volumes/JIAYI/ImageFocusDetection/data/samples_labels/sample342_labels/sample342.csv
2026-04-27 13:14:07 [INFO] Removed 16 rows with label=-1 from: /Volumes/JIAYI/ImageFocusDetection/data/samples_labels/sample188_labels/sample188.csv
2026-04-27 13:14:07 [INFO] Removed 136 rows with label=-1 from: /Volumes/JIAYI/ImageFocusDetection/data/samples_labels/sample221_labels/sample221.csv
2026-04-27 13:14:07 [INFO] Removed 27 rows with label=-1 from: /Volumes/JIAYI/ImageFocusDetection/data/samples_labels/sample196_labels/sample196.csv
2026-04-27 13:14:07 [INFO] Removed 20 rows with label=-1 from: /Volumes/JIAYI/ImageFocusDetection/data/samples_labels/sample350_labels/sample350.csv
2026-04-27 13:14:07 [INFO] Removed 5 rows with label=-1 from: /Volumes/JIAYI/ImageFocusDetection/data/samples_labels/sample333_labels/sample333.csv
2026-04-27 13:14:07 [INFO] Removed 143 rows with label=-1 from: /Volumes/JIAYI/ImageFocusDetection/data/samples_labels/sample233_labels/sample233.csv
2026-04-27 13:14:07 [INFO] Removed 7 rows with label=-1 from: /Volumes/JIAYI/ImageFocusDetection/data/samples_labels/sample299_labels/sample299.csv
2026-04-27 13:14:07 [INFO] Removed 7 rows with label=-1 from: /Volumes/JIAYI/ImageFocusDetection/data/samples_labels/sample287_labels/sample287.csv
2026-04-27 13:14:07 [INFO] Removed 154 rows with label=-1 from: /Volumes/JIAYI/ImageFocusDetection/data/samples_labels/sample72_labels/sample72.csv
2026-04-27 13:14:07 [INFO] Removed 3 rows with label=-1 from: /Volumes/JIAYI/ImageFocusDetection/data/samples_labels/sample3_labels/sample3.csv
2026-04-27 13:14:07 [INFO] Removed 12 rows with label=-1 from: /Volumes/JIAYI/ImageFocusDetection/data/samples_labels/sample295_labels/sample295.csv
2026-04-27 13:14:07 [INFO] Removed 2 rows with label=-1 from: /Volumes/JIAYI/ImageFocusDetection/data/samples_labels/sample177_labels/sample177.csv
2026-04-27 13:14:07 [INFO] Removed 56 rows with label=-1 from: /Volumes/JIAYI/ImageFocusDetection/data/samples_labels/sample169_labels/sample169.csv
2026-04-27 13:14:07 [INFO] Removed 170 rows with label=-1 from: /Volumes/JIAYI/ImageFocusDetection/data/samples_labels/sample114_labels/sample114.csv
2026-04-27 13:14:07 [INFO] Removed 9 rows with label=-1 from: /Volumes/JIAYI/ImageFocusDetection/data/samples_labels/sample165_labels/sample165.csv
2026-04-27 13:14:07 [INFO] Removed 16 rows with label=-1 from: /Volumes/JIAYI/ImageFocusDetection/data/samples_labels/sample118_labels/sample118.csv
2026-04-27 13:14:07 [INFO] Removed 9 rows with label=-1 from: /Volumes/JIAYI/ImageFocusDetection/data/samples_labels/sample35_labels/sample35.csv
2026-04-27 13:14:07 [INFO] Removed 13 rows with label=-1 from: /Volumes/JIAYI/ImageFocusDetection/data/samples_labels/sample106_labels/sample106.csv
2026-04-27 13:14:08 [INFO] Merged CSV saved: /Volumes/JIAYI/ImageFocusDetection/data/samples_labels/merged_samples_labels.csv
2026-04-27 13:14:18 [INFO] Deleted existing model folder: /Volumes/JIAYI/ImageFocusDetection/src/training/model_save
2026-04-27 13:14:18 [INFO] [Decision Tree] Detected classes: [0, 1, 2]
2026-04-27 13:14:18 [INFO] [Decision Tree] Using 5 CPU cores for image loading.
2026-04-27 13:14:18 [INFO] [Decision Tree] Start loading images ...
2026-04-27 13:14:41 [INFO] [Decision Tree] Image loading done, time: 22.55s
2026-04-27 13:14:41 [INFO] [Decision Tree] X shape before PCA: (638153, 1024)
2026-04-27 13:14:41 [INFO] [Decision Tree] Start PCA preprocessing ...
2026-04-27 13:15:09 [INFO] [Decision Tree] PCA preprocessing done, time: 28.60s
2026-04-27 13:15:09 [INFO] [Decision Tree] X shape after PCA: (638153, 108)
2026-04-27 13:15:09 [INFO] [Decision Tree] Start training ...
2026-04-27 13:16:48 [INFO] [Decision Tree] Training done, time: 99.17s
2026-04-27 13:16:48 [INFO] [Random Forest] Detected classes: [0, 1, 2]
2026-04-27 13:16:48 [INFO] [Random Forest] Using 5 CPU cores for image loading.
2026-04-27 13:16:48 [INFO] [Random Forest] Start loading images ...
2026-04-27 13:17:10 [INFO] [Random Forest] Image loading done, time: 21.57s
2026-04-27 13:17:10 [INFO] [Random Forest] X shape before PCA: (638153, 1024)
2026-04-27 13:17:10 [INFO] [Random Forest] Start PCA preprocessing ...
2026-04-27 13:17:39 [INFO] [Random Forest] PCA preprocessing done, time: 28.56s
2026-04-27 13:17:39 [INFO] [Random Forest] X shape after PCA: (638153, 108)
2026-04-27 13:17:39 [INFO] [Random Forest] Start training ...
2026-04-27 13:19:35 [INFO] [Random Forest] Training done, time: 116.74s
2026-04-27 13:19:35 [INFO] [SVM] Detected classes: [0, 1, 2]
2026-04-27 13:19:35 [INFO] [SVM] Using 5 CPU cores for image loading.
2026-04-27 13:19:35 [INFO] [SVM] Start loading images ...
2026-04-27 13:19:56 [INFO] [SVM] Image loading done, time: 21.12s
2026-04-27 13:19:56 [INFO] [SVM] X shape before PCA: (638153, 1024)
2026-04-27 13:19:56 [INFO] [SVM] Start PCA preprocessing ...
2026-04-27 13:20:25 [INFO] [SVM] PCA preprocessing done, time: 28.49s
2026-04-27 13:20:25 [INFO] [SVM] X shape after PCA: (638153, 108)
2026-04-27 13:20:25 [INFO] [SVM] Start training ...
2026-04-27 13:21:58 [INFO] [SVM] Training done, time: 93.24s
2026-04-27 13:21:58 [INFO] Selected models saved to: /Volumes/JIAYI/ImageFocusDetection/src/training/model_save
2026-04-27 13:21:58 [INFO] Model artifacts directory: /Volumes/JIAYI/ImageFocusDetection/src/training/model_save
2026-04-27 13:21:58 [INFO] Artifact: decision_tree_model.joblib | modified_at=2026-04-27 13:16:48
2026-04-27 13:21:58 [INFO] Artifact: decision_tree_pca.joblib | modified_at=2026-04-27 13:16:48
2026-04-27 13:21:58 [INFO] Artifact: random_forest_model.joblib | modified_at=2026-04-27 13:19:35
2026-04-27 13:21:58 [INFO] Artifact: random_forest_pca.joblib | modified_at=2026-04-27 13:19:35
2026-04-27 13:21:58 [INFO] Artifact: svm_model.joblib | modified_at=2026-04-27 13:21:58
2026-04-27 13:21:58 [INFO] Artifact: svm_pca.joblib | modified_at=2026-04-27 13:21:58
2026-04-27 13:21:58 [INFO] === Step 3: Evaluate ===
2026-04-27 13:21:58 [INFO] Deleted existing merged CSV: /Volumes/JIAYI/ImageFocusDetection/data/valid_samples_labels/merged_valid_samples_labels.csv
2026-04-27 13:21:58 [INFO] Removed 80 rows with label=-1 from: /Volumes/JIAYI/ImageFocusDetection/data/valid_samples_labels/valid_sample50_labels/valid_sample50.csv
2026-04-27 13:21:58 [INFO] Removed 12 rows with label=-1 from: /Volumes/JIAYI/ImageFocusDetection/data/valid_samples_labels/valid_sample21_labels/valid_sample21.csv
2026-04-27 13:21:58 [INFO] Removed 2 rows with label=-1 from: /Volumes/JIAYI/ImageFocusDetection/data/valid_samples_labels/valid_sample74_labels/valid_sample74.csv
2026-04-27 13:21:58 [INFO] Removed 6 rows with label=-1 from: /Volumes/JIAYI/ImageFocusDetection/data/valid_samples_labels/valid_sample23_labels/valid_sample23.csv
2026-04-27 13:21:58 [INFO] Removed 27 rows with label=-1 from: /Volumes/JIAYI/ImageFocusDetection/data/valid_samples_labels/valid_sample40_labels/valid_sample40.csv
2026-04-27 13:21:58 [INFO] Removed 103 rows with label=-1 from: /Volumes/JIAYI/ImageFocusDetection/data/valid_samples_labels/valid_sample31_labels/valid_sample31.csv
2026-04-27 13:21:58 [INFO] Removed 11 rows with label=-1 from: /Volumes/JIAYI/ImageFocusDetection/data/valid_samples_labels/valid_sample52_labels/valid_sample52.csv
2026-04-27 13:21:58 [INFO] Removed 104 rows with label=-1 from: /Volumes/JIAYI/ImageFocusDetection/data/valid_samples_labels/valid_sample64_labels/valid_sample64.csv
2026-04-27 13:21:58 [INFO] Removed 1 rows with label=-1 from: /Volumes/JIAYI/ImageFocusDetection/data/valid_samples_labels/valid_sample68_labels/valid_sample68.csv
2026-04-27 13:21:58 [INFO] Removed 20 rows with label=-1 from: /Volumes/JIAYI/ImageFocusDetection/data/valid_samples_labels/valid_sample15_labels/valid_sample15.csv
2026-04-27 13:21:58 [INFO] Removed 51 rows with label=-1 from: /Volumes/JIAYI/ImageFocusDetection/data/valid_samples_labels/valid_sample11_labels/valid_sample11.csv
2026-04-27 13:21:58 [INFO] Removed 31 rows with label=-1 from: /Volumes/JIAYI/ImageFocusDetection/data/valid_samples_labels/valid_sample3_labels/valid_sample3.csv
2026-04-27 13:21:58 [INFO] Removed 36 rows with label=-1 from: /Volumes/JIAYI/ImageFocusDetection/data/valid_samples_labels/valid_sample56_labels/valid_sample56.csv
2026-04-27 13:21:58 [INFO] Removed 262 rows with label=-1 from: /Volumes/JIAYI/ImageFocusDetection/data/valid_samples_labels/valid_sample44_labels/valid_sample44.csv
2026-04-27 13:21:58 [INFO] Removed 2 rows with label=-1 from: /Volumes/JIAYI/ImageFocusDetection/data/valid_samples_labels/valid_sample62_labels/valid_sample62.csv
2026-04-27 13:21:58 [INFO] Removed 3 rows with label=-1 from: /Volumes/JIAYI/ImageFocusDetection/data/valid_samples_labels/valid_sample70_labels/valid_sample70.csv
2026-04-27 13:21:58 [INFO] Removed 5 rows with label=-1 from: /Volumes/JIAYI/ImageFocusDetection/data/valid_samples_labels/valid_sample1_labels/valid_sample1.csv
2026-04-27 13:21:58 [INFO] Removed 26 rows with label=-1 from: /Volumes/JIAYI/ImageFocusDetection/data/valid_samples_labels/valid_sample46_labels/valid_sample46.csv
2026-04-27 13:21:58 [INFO] Removed 1 rows with label=-1 from: /Volumes/JIAYI/ImageFocusDetection/data/valid_samples_labels/valid_sample25_labels/valid_sample25.csv
2026-04-27 13:21:58 [INFO] Removed 3 rows with label=-1 from: /Volumes/JIAYI/ImageFocusDetection/data/valid_samples_labels/valid_sample29_labels/valid_sample29.csv
2026-04-27 13:21:58 [INFO] Removed 1 rows with label=-1 from: /Volumes/JIAYI/ImageFocusDetection/data/valid_samples_labels/valid_sample54_labels/valid_sample54.csv
2026-04-27 13:21:58 [INFO] Removed 5 rows with label=-1 from: /Volumes/JIAYI/ImageFocusDetection/data/valid_samples_labels/valid_sample4_labels/valid_sample4.csv
2026-04-27 13:21:58 [INFO] Removed 10 rows with label=-1 from: /Volumes/JIAYI/ImageFocusDetection/data/valid_samples_labels/valid_sample43_labels/valid_sample43.csv
2026-04-27 13:21:58 [INFO] Removed 103 rows with label=-1 from: /Volumes/JIAYI/ImageFocusDetection/data/valid_samples_labels/valid_sample18_labels/valid_sample18.csv
2026-04-27 13:21:58 [INFO] Removed 11 rows with label=-1 from: /Volumes/JIAYI/ImageFocusDetection/data/valid_samples_labels/valid_sample65_labels/valid_sample65.csv
2026-04-27 13:21:58 [INFO] Removed 6 rows with label=-1 from: /Volumes/JIAYI/ImageFocusDetection/data/valid_samples_labels/valid_sample41_labels/valid_sample41.csv
2026-04-27 13:21:59 [INFO] Removed 2 rows with label=-1 from: /Volumes/JIAYI/ImageFocusDetection/data/valid_samples_labels/valid_sample49_labels/valid_sample49.csv
2026-04-27 13:21:59 [INFO] Removed 81 rows with label=-1 from: /Volumes/JIAYI/ImageFocusDetection/data/valid_samples_labels/valid_sample45_labels/valid_sample45.csv
2026-04-27 13:21:59 [INFO] Removed 1 rows with label=-1 from: /Volumes/JIAYI/ImageFocusDetection/data/valid_samples_labels/valid_sample2_labels/valid_sample2.csv
2026-04-27 13:21:59 [INFO] Removed 2 rows with label=-1 from: /Volumes/JIAYI/ImageFocusDetection/data/valid_samples_labels/valid_sample55_labels/valid_sample55.csv
2026-04-27 13:21:59 [INFO] Removed 2 rows with label=-1 from: /Volumes/JIAYI/ImageFocusDetection/data/valid_samples_labels/valid_sample28_labels/valid_sample28.csv
2026-04-27 13:21:59 [INFO] Removed 156 rows with label=-1 from: /Volumes/JIAYI/ImageFocusDetection/data/valid_samples_labels/valid_sample12_labels/valid_sample12.csv
2026-04-27 13:21:59 [INFO] Removed 34 rows with label=-1 from: /Volumes/JIAYI/ImageFocusDetection/data/valid_samples_labels/valid_sample71_labels/valid_sample71.csv
2026-04-27 13:21:59 [INFO] Merged CSV saved: /Volumes/JIAYI/ImageFocusDetection/data/valid_samples_labels/merged_valid_samples_labels.csv
2026-04-27 13:22:17 [INFO] ========== Decision Tree ==========
2026-04-27 13:22:17 [INFO] Accuracy: 0.8577
2026-04-27 13:22:17 [INFO] Classification Report:

2026-04-27 13:22:17 [INFO]                precision    recall  f1-score   support

2026-04-27 13:22:17 [INFO]            0       0.93      0.92      0.92     65830
2026-04-27 13:22:17 [INFO]            1       0.65      0.83      0.73     14665
2026-04-27 13:22:17 [INFO]            2       0.85      0.80      0.82     55575

2026-04-27 13:22:17 [INFO]     accuracy                           0.86    136070
2026-04-27 13:22:17 [INFO]    macro avg       0.81      0.85      0.82    136070
2026-04-27 13:22:17 [INFO] weighted avg       0.86      0.86      0.86    136070

2026-04-27 13:22:17 [INFO] Confusion Matrix:

2026-04-27 13:22:17 [INFO]  [[60309     8  5513]
2026-04-27 13:22:17 [INFO]  [   18 12218  2429]
2026-04-27 13:22:17 [INFO]  [ 4727  6663 44185]]
2026-04-27 13:22:29 [INFO] [Decision Tree] Evaluate overlays saved under: /Volumes/JIAYI/ImageFocusDetection/logs/_evaluate_cache
2026-04-27 13:22:30 [INFO] ========== Random Forest ==========
2026-04-27 13:22:30 [INFO] Accuracy: 0.9051
2026-04-27 13:22:30 [INFO] Classification Report:

2026-04-27 13:22:30 [INFO]                precision    recall  f1-score   support

2026-04-27 13:22:30 [INFO]            0       0.97      0.91      0.94     65830
2026-04-27 13:22:30 [INFO]            1       0.75      0.91      0.83     14665
2026-04-27 13:22:30 [INFO]            2       0.88      0.89      0.88     55575

2026-04-27 13:22:30 [INFO]     accuracy                           0.91    136070
2026-04-27 13:22:30 [INFO]    macro avg       0.87      0.91      0.88    136070
2026-04-27 13:22:30 [INFO] weighted avg       0.91      0.91      0.91    136070

2026-04-27 13:22:30 [INFO] Confusion Matrix:

2026-04-27 13:22:30 [INFO]  [[60151     0  5679]
2026-04-27 13:22:30 [INFO]  [    0 13355  1310]
2026-04-27 13:22:30 [INFO]  [ 1590  4334 49651]]
2026-04-27 13:22:41 [INFO] [Random Forest] Evaluate overlays saved under: /Volumes/JIAYI/ImageFocusDetection/logs/_evaluate_cache
2026-04-27 13:22:42 [INFO] ========== SVM ==========
2026-04-27 13:22:42 [INFO] Accuracy: 0.9198
2026-04-27 13:22:42 [INFO] Classification Report:

2026-04-27 13:22:42 [INFO]                precision    recall  f1-score   support

2026-04-27 13:22:42 [INFO]            0       0.95      0.98      0.96     65830
2026-04-27 13:22:42 [INFO]            1       0.76      0.86      0.81     14665
2026-04-27 13:22:42 [INFO]            2       0.93      0.87      0.90     55575

2026-04-27 13:22:42 [INFO]     accuracy                           0.92    136070
2026-04-27 13:22:42 [INFO]    macro avg       0.88      0.90      0.89    136070
2026-04-27 13:22:42 [INFO] weighted avg       0.92      0.92      0.92    136070

2026-04-27 13:22:42 [INFO] Confusion Matrix:

2026-04-27 13:22:42 [INFO]  [[64323     0  1507]
2026-04-27 13:22:42 [INFO]  [    0 12615  2050]
2026-04-27 13:22:42 [INFO]  [ 3380  3979 48216]]
2026-04-27 13:22:53 [INFO] [SVM] Evaluate overlays saved under: /Volumes/JIAYI/ImageFocusDetection/logs/_evaluate_cache
2026-04-27 13:22:53 [INFO] === Run 4/4 | training.PCA_components=0.999 ===
2026-04-27 13:22:53 [INFO] Evaluate output tag: TR_PCA_components_0_999
2026-04-27 13:22:53 [INFO] Enabled models: decision_tree, random_forest, svm
2026-04-27 13:22:53 [INFO] === Step 2: Training ===
2026-04-27 13:22:53 [INFO] Deleted existing merged CSV: /Volumes/JIAYI/ImageFocusDetection/data/samples_labels/merged_samples_labels.csv
2026-04-27 13:22:53 [INFO] Removed 162 rows with label=-1 from: /Volumes/JIAYI/ImageFocusDetection/data/samples_labels/sample6_labels/sample6.csv
2026-04-27 13:22:53 [INFO] Removed 2 rows with label=-1 from: /Volumes/JIAYI/ImageFocusDetection/data/samples_labels/sample69_labels/sample69.csv
2026-04-27 13:22:53 [INFO] Removed 1 rows with label=-1 from: /Volumes/JIAYI/ImageFocusDetection/data/samples_labels/sample144_labels/sample144.csv
2026-04-27 13:22:53 [INFO] Removed 28 rows with label=-1 from: /Volumes/JIAYI/ImageFocusDetection/data/samples_labels/sample14_labels/sample14.csv
2026-04-27 13:22:53 [INFO] Removed 99 rows with label=-1 from: /Volumes/JIAYI/ImageFocusDetection/data/samples_labels/sample65_labels/sample65.csv
2026-04-27 13:22:53 [INFO] Removed 11 rows with label=-1 from: /Volumes/JIAYI/ImageFocusDetection/data/samples_labels/sample148_labels/sample148.csv
2026-04-27 13:22:53 [INFO] Removed 30 rows with label=-1 from: /Volumes/JIAYI/ImageFocusDetection/data/samples_labels/sample282_labels/sample282.csv
2026-04-27 13:22:53 [INFO] Removed 68 rows with label=-1 from: /Volumes/JIAYI/ImageFocusDetection/data/samples_labels/sample30_labels/sample30.csv
2026-04-27 13:22:53 [INFO] Removed 6 rows with label=-1 from: /Volumes/JIAYI/ImageFocusDetection/data/samples_labels/sample111_labels/sample111.csv
2026-04-27 13:22:53 [INFO] Removed 74 rows with label=-1 from: /Volumes/JIAYI/ImageFocusDetection/data/samples_labels/sample172_labels/sample172.csv
2026-04-27 13:22:53 [INFO] Removed 1 rows with label=-1 from: /Volumes/JIAYI/ImageFocusDetection/data/samples_labels/sample22_labels/sample22.csv
2026-04-27 13:22:53 [INFO] Removed 26 rows with label=-1 from: /Volumes/JIAYI/ImageFocusDetection/data/samples_labels/sample212_labels/sample212.csv
2026-04-27 13:22:53 [INFO] Removed 2 rows with label=-1 from: /Volumes/JIAYI/ImageFocusDetection/data/samples_labels/sample300_labels/sample300.csv
2026-04-27 13:22:53 [INFO] Removed 2 rows with label=-1 from: /Volumes/JIAYI/ImageFocusDetection/data/samples_labels/sample263_labels/sample263.csv
2026-04-27 13:22:53 [INFO] Removed 63 rows with label=-1 from: /Volumes/JIAYI/ImageFocusDetection/data/samples_labels/sample236_labels/sample236.csv
2026-04-27 13:22:53 [INFO] Removed 167 rows with label=-1 from: /Volumes/JIAYI/ImageFocusDetection/data/samples_labels/sample193_labels/sample193.csv
2026-04-27 13:22:53 [INFO] Removed 124 rows with label=-1 from: /Volumes/JIAYI/ImageFocusDetection/data/samples_labels/sample224_labels/sample224.csv
2026-04-27 13:22:53 [INFO] Removed 1 rows with label=-1 from: /Volumes/JIAYI/ImageFocusDetection/data/samples_labels/sample347_labels/sample347.csv
2026-04-27 13:22:53 [INFO] Removed 6 rows with label=-1 from: /Volumes/JIAYI/ImageFocusDetection/data/samples_labels/sample202_labels/sample202.csv
2026-04-27 13:22:53 [INFO] Removed 5 rows with label=-1 from: /Volumes/JIAYI/ImageFocusDetection/data/samples_labels/sample302_labels/sample302.csv
2026-04-27 13:22:53 [INFO] Removed 44 rows with label=-1 from: /Volumes/JIAYI/ImageFocusDetection/data/samples_labels/sample273_labels/sample273.csv
2026-04-27 13:22:53 [INFO] Removed 6 rows with label=-1 from: /Volumes/JIAYI/ImageFocusDetection/data/samples_labels/sample310_labels/sample310.csv
2026-04-27 13:22:53 [INFO] Removed 182 rows with label=-1 from: /Volumes/JIAYI/ImageFocusDetection/data/samples_labels/sample210_labels/sample210.csv
2026-04-27 13:22:53 [INFO] Removed 22 rows with label=-1 from: /Volumes/JIAYI/ImageFocusDetection/data/samples_labels/sample345_labels/sample345.csv
2026-04-27 13:22:53 [INFO] Removed 25 rows with label=-1 from: /Volumes/JIAYI/ImageFocusDetection/data/samples_labels/sample238_labels/sample238.csv
2026-04-27 13:22:53 [INFO] Removed 31 rows with label=-1 from: /Volumes/JIAYI/ImageFocusDetection/data/samples_labels/sample191_labels/sample191.csv
2026-04-27 13:22:53 [INFO] Removed 9 rows with label=-1 from: /Volumes/JIAYI/ImageFocusDetection/data/samples_labels/sample226_labels/sample226.csv
2026-04-27 13:22:53 [INFO] Removed 11 rows with label=-1 from: /Volumes/JIAYI/ImageFocusDetection/data/samples_labels/sample257_labels/sample257.csv
2026-04-27 13:22:53 [INFO] Removed 226 rows with label=-1 from: /Volumes/JIAYI/ImageFocusDetection/data/samples_labels/sample249_labels/sample249.csv
2026-04-27 13:22:53 [INFO] Removed 47 rows with label=-1 from: /Volumes/JIAYI/ImageFocusDetection/data/samples_labels/sample183_labels/sample183.csv
2026-04-27 13:22:53 [INFO] Removed 66 rows with label=-1 from: /Volumes/JIAYI/ImageFocusDetection/data/samples_labels/sample79_labels/sample79.csv
2026-04-27 13:22:53 [INFO] Removed 1 rows with label=-1 from: /Volumes/JIAYI/ImageFocusDetection/data/samples_labels/sample8_labels/sample8.csv
2026-04-27 13:22:53 [INFO] Removed 64 rows with label=-1 from: /Volumes/JIAYI/ImageFocusDetection/data/samples_labels/sample129_labels/sample129.csv
2026-04-27 13:22:53 [INFO] Removed 100 rows with label=-1 from: /Volumes/JIAYI/ImageFocusDetection/data/samples_labels/sample280_labels/sample280.csv
2026-04-27 13:22:53 [INFO] Removed 8 rows with label=-1 from: /Volumes/JIAYI/ImageFocusDetection/data/samples_labels/sample158_labels/sample158.csv
2026-04-27 13:22:53 [INFO] Removed 3 rows with label=-1 from: /Volumes/JIAYI/ImageFocusDetection/data/samples_labels/sample20_labels/sample20.csv
2026-04-27 13:22:53 [INFO] Removed 101 rows with label=-1 from: /Volumes/JIAYI/ImageFocusDetection/data/samples_labels/sample162_labels/sample162.csv
2026-04-27 13:22:53 [INFO] Removed 118 rows with label=-1 from: /Volumes/JIAYI/ImageFocusDetection/data/samples_labels/sample32_labels/sample32.csv
2026-04-27 13:22:53 [INFO] Removed 15 rows with label=-1 from: /Volumes/JIAYI/ImageFocusDetection/data/samples_labels/sample253_labels/sample253.csv
2026-04-27 13:22:53 [INFO] Removed 425 rows with label=-1 from: /Volumes/JIAYI/ImageFocusDetection/data/samples_labels/sample230_labels/sample230.csv
2026-04-27 13:22:53 [INFO] Removed 193 rows with label=-1 from: /Volumes/JIAYI/ImageFocusDetection/data/samples_labels/sample241_labels/sample241.csv
2026-04-27 13:22:54 [INFO] Removed 95 rows with label=-1 from: /Volumes/JIAYI/ImageFocusDetection/data/samples_labels/sample222_labels/sample222.csv
2026-04-27 13:22:54 [INFO] Removed 27 rows with label=-1 from: /Volumes/JIAYI/ImageFocusDetection/data/samples_labels/sample277_labels/sample277.csv
2026-04-27 13:22:54 [INFO] Removed 1 rows with label=-1 from: /Volumes/JIAYI/ImageFocusDetection/data/samples_labels/sample314_labels/sample314.csv
2026-04-27 13:22:54 [INFO] Removed 148 rows with label=-1 from: /Volumes/JIAYI/ImageFocusDetection/data/samples_labels/sample269_labels/sample269.csv
2026-04-27 13:22:54 [INFO] Removed 180 rows with label=-1 from: /Volumes/JIAYI/ImageFocusDetection/data/samples_labels/sample218_labels/sample218.csv
2026-04-27 13:22:54 [INFO] Removed 23 rows with label=-1 from: /Volumes/JIAYI/ImageFocusDetection/data/samples_labels/sample318_labels/sample318.csv
2026-04-27 13:22:54 [INFO] Removed 1 rows with label=-1 from: /Volumes/JIAYI/ImageFocusDetection/data/samples_labels/sample265_labels/sample265.csv
2026-04-27 13:22:54 [INFO] Removed 1 rows with label=-1 from: /Volumes/JIAYI/ImageFocusDetection/data/samples_labels/sample166_labels/sample166.csv
2026-04-27 13:22:54 [INFO] Removed 14 rows with label=-1 from: /Volumes/JIAYI/ImageFocusDetection/data/samples_labels/sample105_labels/sample105.csv
2026-04-27 13:22:54 [INFO] Removed 17 rows with label=-1 from: /Volumes/JIAYI/ImageFocusDetection/data/samples_labels/sample28_labels/sample28.csv
2026-04-27 13:22:54 [INFO] Removed 42 rows with label=-1 from: /Volumes/JIAYI/ImageFocusDetection/data/samples_labels/sample178_labels/sample178.csv
2026-04-27 13:22:54 [INFO] Removed 47 rows with label=-1 from: /Volumes/JIAYI/ImageFocusDetection/data/samples_labels/sample55_labels/sample55.csv
2026-04-27 13:22:54 [INFO] Removed 5 rows with label=-1 from: /Volumes/JIAYI/ImageFocusDetection/data/samples_labels/sample109_labels/sample109.csv
2026-04-27 13:22:54 [INFO] Removed 144 rows with label=-1 from: /Volumes/JIAYI/ImageFocusDetection/data/samples_labels/sample59_labels/sample59.csv
2026-04-27 13:22:54 [INFO] Removed 292 rows with label=-1 from: /Volumes/JIAYI/ImageFocusDetection/data/samples_labels/sample288_labels/sample288.csv
2026-04-27 13:22:54 [INFO] Removed 4 rows with label=-1 from: /Volumes/JIAYI/ImageFocusDetection/data/samples_labels/sample296_labels/sample296.csv
2026-04-27 13:22:54 [INFO] Removed 65 rows with label=-1 from: /Volumes/JIAYI/ImageFocusDetection/data/samples_labels/sample71_labels/sample71.csv
2026-04-27 13:22:54 [INFO] Removed 1 rows with label=-1 from: /Volumes/JIAYI/ImageFocusDetection/data/samples_labels/sample150_labels/sample150.csv
2026-04-27 13:22:54 [INFO] Removed 20 rows with label=-1 from: /Volumes/JIAYI/ImageFocusDetection/data/samples_labels/sample284_labels/sample284.csv
2026-04-27 13:22:54 [INFO] Removed 145 rows with label=-1 from: /Volumes/JIAYI/ImageFocusDetection/data/samples_labels/sample63_labels/sample63.csv
2026-04-27 13:22:54 [INFO] Removed 13 rows with label=-1 from: /Volumes/JIAYI/ImageFocusDetection/data/samples_labels/sample176_labels/sample176.csv
2026-04-27 13:22:54 [INFO] Removed 1 rows with label=-1 from: /Volumes/JIAYI/ImageFocusDetection/data/samples_labels/sample107_labels/sample107.csv
2026-04-27 13:22:54 [INFO] Removed 9 rows with label=-1 from: /Volumes/JIAYI/ImageFocusDetection/data/samples_labels/sample34_labels/sample34.csv
2026-04-27 13:22:54 [INFO] Removed 133 rows with label=-1 from: /Volumes/JIAYI/ImageFocusDetection/data/samples_labels/sample164_labels/sample164.csv
2026-04-27 13:22:54 [INFO] Removed 8 rows with label=-1 from: /Volumes/JIAYI/ImageFocusDetection/data/samples_labels/sample286_labels/sample286.csv
2026-04-27 13:22:54 [INFO] Removed 5 rows with label=-1 from: /Volumes/JIAYI/ImageFocusDetection/data/samples_labels/sample61_labels/sample61.csv
2026-04-27 13:22:54 [INFO] Removed 18 rows with label=-1 from: /Volumes/JIAYI/ImageFocusDetection/data/samples_labels/sample152_labels/sample152.csv
2026-04-27 13:22:54 [INFO] Removed 75 rows with label=-1 from: /Volumes/JIAYI/ImageFocusDetection/data/samples_labels/sample294_labels/sample294.csv
2026-04-27 13:22:54 [INFO] Removed 3 rows with label=-1 from: /Volumes/JIAYI/ImageFocusDetection/data/samples_labels/sample73_labels/sample73.csv
2026-04-27 13:22:54 [INFO] Removed 37 rows with label=-1 from: /Volumes/JIAYI/ImageFocusDetection/data/samples_labels/sample2_labels/sample2.csv
2026-04-27 13:22:54 [INFO] Removed 8 rows with label=-1 from: /Volumes/JIAYI/ImageFocusDetection/data/samples_labels/sample140_labels/sample140.csv
2026-04-27 13:22:54 [INFO] Removed 85 rows with label=-1 from: /Volumes/JIAYI/ImageFocusDetection/data/samples_labels/sample197_labels/sample197.csv
2026-04-27 13:22:54 [INFO] Removed 219 rows with label=-1 from: /Volumes/JIAYI/ImageFocusDetection/data/samples_labels/sample320_labels/sample320.csv
2026-04-27 13:22:54 [INFO] Removed 4 rows with label=-1 from: /Volumes/JIAYI/ImageFocusDetection/data/samples_labels/sample220_labels/sample220.csv
2026-04-27 13:22:54 [INFO] Removed 24 rows with label=-1 from: /Volumes/JIAYI/ImageFocusDetection/data/samples_labels/sample189_labels/sample189.csv
2026-04-27 13:22:54 [INFO] Removed 27 rows with label=-1 from: /Volumes/JIAYI/ImageFocusDetection/data/samples_labels/sample343_labels/sample343.csv
2026-04-27 13:22:54 [INFO] Removed 50 rows with label=-1 from: /Volumes/JIAYI/ImageFocusDetection/data/samples_labels/sample243_labels/sample243.csv
2026-04-27 13:22:54 [INFO] Removed 37 rows with label=-1 from: /Volumes/JIAYI/ImageFocusDetection/data/samples_labels/sample232_labels/sample232.csv
2026-04-27 13:22:54 [INFO] Removed 6 rows with label=-1 from: /Volumes/JIAYI/ImageFocusDetection/data/samples_labels/sample332_labels/sample332.csv
2026-04-27 13:22:54 [INFO] Removed 19 rows with label=-1 from: /Volumes/JIAYI/ImageFocusDetection/data/samples_labels/sample185_labels/sample185.csv
2026-04-27 13:22:54 [INFO] Removed 59 rows with label=-1 from: /Volumes/JIAYI/ImageFocusDetection/data/samples_labels/sample204_labels/sample204.csv
2026-04-27 13:22:54 [INFO] Removed 7 rows with label=-1 from: /Volumes/JIAYI/ImageFocusDetection/data/samples_labels/sample304_labels/sample304.csv
2026-04-27 13:22:54 [INFO] Removed 5 rows with label=-1 from: /Volumes/JIAYI/ImageFocusDetection/data/samples_labels/sample80_labels/sample80.csv
2026-04-27 13:22:54 [INFO] Removed 2 rows with label=-1 from: /Volumes/JIAYI/ImageFocusDetection/data/samples_labels/sample308_labels/sample308.csv
2026-04-27 13:22:54 [INFO] Removed 6 rows with label=-1 from: /Volumes/JIAYI/ImageFocusDetection/data/samples_labels/sample208_labels/sample208.csv
2026-04-27 13:22:54 [INFO] Removed 186 rows with label=-1 from: /Volumes/JIAYI/ImageFocusDetection/data/samples_labels/sample275_labels/sample275.csv
2026-04-27 13:22:54 [INFO] Removed 2 rows with label=-1 from: /Volumes/JIAYI/ImageFocusDetection/data/samples_labels/sample329_labels/sample329.csv
2026-04-27 13:22:54 [INFO] Removed 2 rows with label=-1 from: /Volumes/JIAYI/ImageFocusDetection/data/samples_labels/sample229_labels/sample229.csv
2026-04-27 13:22:54 [INFO] Removed 15 rows with label=-1 from: /Volumes/JIAYI/ImageFocusDetection/data/samples_labels/sample254_labels/sample254.csv
2026-04-27 13:22:54 [INFO] Removed 18 rows with label=-1 from: /Volumes/JIAYI/ImageFocusDetection/data/samples_labels/sample237_labels/sample237.csv
2026-04-27 13:22:54 [INFO] Removed 3 rows with label=-1 from: /Volumes/JIAYI/ImageFocusDetection/data/samples_labels/sample192_labels/sample192.csv
2026-04-27 13:22:54 [INFO] Removed 247 rows with label=-1 from: /Volumes/JIAYI/ImageFocusDetection/data/samples_labels/sample325_labels/sample325.csv
2026-04-27 13:22:54 [INFO] Removed 24 rows with label=-1 from: /Volumes/JIAYI/ImageFocusDetection/data/samples_labels/sample258_labels/sample258.csv
2026-04-27 13:22:54 [INFO] Removed 30 rows with label=-1 from: /Volumes/JIAYI/ImageFocusDetection/data/samples_labels/sample270_labels/sample270.csv
2026-04-27 13:22:54 [INFO] Removed 12 rows with label=-1 from: /Volumes/JIAYI/ImageFocusDetection/data/samples_labels/sample213_labels/sample213.csv
2026-04-27 13:22:54 [INFO] Removed 266 rows with label=-1 from: /Volumes/JIAYI/ImageFocusDetection/data/samples_labels/sample313_labels/sample313.csv
2026-04-27 13:22:54 [INFO] Removed 7 rows with label=-1 from: /Volumes/JIAYI/ImageFocusDetection/data/samples_labels/sample89_labels/sample89.csv
2026-04-27 13:22:54 [INFO] Removed 7 rows with label=-1 from: /Volumes/JIAYI/ImageFocusDetection/data/samples_labels/sample85_labels/sample85.csv
2026-04-27 13:22:54 [INFO] Removed 2 rows with label=-1 from: /Volumes/JIAYI/ImageFocusDetection/data/samples_labels/sample262_labels/sample262.csv
2026-04-27 13:22:54 [INFO] Removed 6 rows with label=-1 from: /Volumes/JIAYI/ImageFocusDetection/data/samples_labels/sample161_labels/sample161.csv
2026-04-27 13:22:54 [INFO] Removed 18 rows with label=-1 from: /Volumes/JIAYI/ImageFocusDetection/data/samples_labels/sample102_labels/sample102.csv
2026-04-27 13:22:54 [INFO] Removed 114 rows with label=-1 from: /Volumes/JIAYI/ImageFocusDetection/data/samples_labels/sample173_labels/sample173.csv
2026-04-27 13:22:54 [INFO] Removed 88 rows with label=-1 from: /Volumes/JIAYI/ImageFocusDetection/data/samples_labels/sample110_labels/sample110.csv
2026-04-27 13:22:54 [INFO] Removed 12 rows with label=-1 from: /Volumes/JIAYI/ImageFocusDetection/data/samples_labels/sample15_labels/sample15.csv
2026-04-27 13:22:54 [INFO] Removed 3 rows with label=-1 from: /Volumes/JIAYI/ImageFocusDetection/data/samples_labels/sample68_labels/sample68.csv
2026-04-27 13:22:54 [INFO] Removed 4 rows with label=-1 from: /Volumes/JIAYI/ImageFocusDetection/data/samples_labels/sample291_labels/sample291.csv
2026-04-27 13:22:54 [INFO] Removed 1 rows with label=-1 from: /Volumes/JIAYI/ImageFocusDetection/data/samples_labels/sample7_labels/sample7.csv
2026-04-27 13:22:54 [INFO] Removed 37 rows with label=-1 from: /Volumes/JIAYI/ImageFocusDetection/data/samples_labels/sample283_labels/sample283.csv
2026-04-27 13:22:54 [INFO] Removed 31 rows with label=-1 from: /Volumes/JIAYI/ImageFocusDetection/data/samples_labels/sample21_labels/sample21.csv
2026-04-27 13:22:54 [INFO] Removed 3 rows with label=-1 from: /Volumes/JIAYI/ImageFocusDetection/data/samples_labels/sample100_labels/sample100.csv
2026-04-27 13:22:54 [INFO] Removed 36 rows with label=-1 from: /Volumes/JIAYI/ImageFocusDetection/data/samples_labels/sample50_labels/sample50.csv
2026-04-27 13:22:54 [INFO] Removed 8 rows with label=-1 from: /Volumes/JIAYI/ImageFocusDetection/data/samples_labels/sample163_labels/sample163.csv
2026-04-27 13:22:54 [INFO] Removed 8 rows with label=-1 from: /Volumes/JIAYI/ImageFocusDetection/data/samples_labels/sample281_labels/sample281.csv
2026-04-27 13:22:54 [INFO] Removed 97 rows with label=-1 from: /Volumes/JIAYI/ImageFocusDetection/data/samples_labels/sample66_labels/sample66.csv
2026-04-27 13:22:54 [INFO] Removed 527 rows with label=-1 from: /Volumes/JIAYI/ImageFocusDetection/data/samples_labels/sample128_labels/sample128.csv
2026-04-27 13:22:54 [INFO] Removed 140 rows with label=-1 from: /Volumes/JIAYI/ImageFocusDetection/data/samples_labels/sample155_labels/sample155.csv
2026-04-27 13:22:54 [INFO] Removed 1 rows with label=-1 from: /Volumes/JIAYI/ImageFocusDetection/data/samples_labels/sample9_labels/sample9.csv
2026-04-27 13:22:54 [INFO] Removed 2 rows with label=-1 from: /Volumes/JIAYI/ImageFocusDetection/data/samples_labels/sample293_labels/sample293.csv
2026-04-27 13:22:54 [INFO] Removed 91 rows with label=-1 from: /Volumes/JIAYI/ImageFocusDetection/data/samples_labels/sample74_labels/sample74.csv
2026-04-27 13:22:54 [INFO] Removed 12 rows with label=-1 from: /Volumes/JIAYI/ImageFocusDetection/data/samples_labels/sample159_labels/sample159.csv
2026-04-27 13:22:54 [INFO] Removed 5 rows with label=-1 from: /Volumes/JIAYI/ImageFocusDetection/data/samples_labels/sample227_labels/sample227.csv
2026-04-27 13:22:54 [INFO] Removed 1 rows with label=-1 from: /Volumes/JIAYI/ImageFocusDetection/data/samples_labels/sample239_labels/sample239.csv
2026-04-27 13:22:54 [INFO] Removed 2 rows with label=-1 from: /Volumes/JIAYI/ImageFocusDetection/data/samples_labels/sample339_labels/sample339.csv
2026-04-27 13:22:54 [INFO] Removed 1 rows with label=-1 from: /Volumes/JIAYI/ImageFocusDetection/data/samples_labels/sample244_labels/sample244.csv
2026-04-27 13:22:54 [INFO] Removed 233 rows with label=-1 from: /Volumes/JIAYI/ImageFocusDetection/data/samples_labels/sample344_labels/sample344.csv
2026-04-27 13:22:54 [INFO] Removed 5 rows with label=-1 from: /Volumes/JIAYI/ImageFocusDetection/data/samples_labels/sample335_labels/sample335.csv
2026-04-27 13:22:54 [INFO] Removed 85 rows with label=-1 from: /Volumes/JIAYI/ImageFocusDetection/data/samples_labels/sample348_labels/sample348.csv
2026-04-27 13:22:54 [INFO] Removed 15 rows with label=-1 from: /Volumes/JIAYI/ImageFocusDetection/data/samples_labels/sample87_labels/sample87.csv
2026-04-27 13:22:54 [INFO] Removed 15 rows with label=-1 from: /Volumes/JIAYI/ImageFocusDetection/data/samples_labels/sample95_labels/sample95.csv
2026-04-27 13:22:54 [INFO] Removed 46 rows with label=-1 from: /Volumes/JIAYI/ImageFocusDetection/data/samples_labels/sample272_labels/sample272.csv
2026-04-27 13:22:54 [INFO] Removed 366 rows with label=-1 from: /Volumes/JIAYI/ImageFocusDetection/data/samples_labels/sample1_labels/sample1.csv
2026-04-27 13:22:54 [INFO] Removed 33 rows with label=-1 from: /Volumes/JIAYI/ImageFocusDetection/data/samples_labels/sample297_labels/sample297.csv
2026-04-27 13:22:54 [INFO] Removed 7 rows with label=-1 from: /Volumes/JIAYI/ImageFocusDetection/data/samples_labels/sample143_labels/sample143.csv
2026-04-27 13:22:54 [INFO] Removed 6 rows with label=-1 from: /Volumes/JIAYI/ImageFocusDetection/data/samples_labels/sample289_labels/sample289.csv
2026-04-27 13:22:54 [INFO] Removed 56 rows with label=-1 from: /Volumes/JIAYI/ImageFocusDetection/data/samples_labels/sample13_labels/sample13.csv
2026-04-27 13:22:54 [INFO] Removed 12 rows with label=-1 from: /Volumes/JIAYI/ImageFocusDetection/data/samples_labels/sample132_labels/sample132.csv
2026-04-27 13:22:54 [INFO] Removed 160 rows with label=-1 from: /Volumes/JIAYI/ImageFocusDetection/data/samples_labels/sample285_labels/sample285.csv
2026-04-27 13:22:54 [INFO] Removed 36 rows with label=-1 from: /Volumes/JIAYI/ImageFocusDetection/data/samples_labels/sample104_labels/sample104.csv
2026-04-27 13:22:54 [INFO] Removed 19 rows with label=-1 from: /Volumes/JIAYI/ImageFocusDetection/data/samples_labels/sample29_labels/sample29.csv
2026-04-27 13:22:54 [INFO] Removed 3 rows with label=-1 from: /Volumes/JIAYI/ImageFocusDetection/data/samples_labels/sample37_labels/sample37.csv
2026-04-27 13:22:54 [INFO] Removed 1 rows with label=-1 from: /Volumes/JIAYI/ImageFocusDetection/data/samples_labels/sample116_labels/sample116.csv
2026-04-27 13:22:54 [INFO] Removed 92 rows with label=-1 from: /Volumes/JIAYI/ImageFocusDetection/data/samples_labels/sample175_labels/sample175.csv
2026-04-27 13:22:54 [INFO] Removed 13 rows with label=-1 from: /Volumes/JIAYI/ImageFocusDetection/data/samples_labels/sample108_labels/sample108.csv
2026-04-27 13:22:54 [INFO] Removed 54 rows with label=-1 from: /Volumes/JIAYI/ImageFocusDetection/data/samples_labels/sample268_labels/sample268.csv
2026-04-27 13:22:54 [INFO] Removed 14 rows with label=-1 from: /Volumes/JIAYI/ImageFocusDetection/data/samples_labels/sample215_labels/sample215.csv
2026-04-27 13:22:54 [INFO] Removed 1 rows with label=-1 from: /Volumes/JIAYI/ImageFocusDetection/data/samples_labels/sample315_labels/sample315.csv
2026-04-27 13:22:54 [INFO] Removed 46 rows with label=-1 from: /Volumes/JIAYI/ImageFocusDetection/data/samples_labels/sample276_labels/sample276.csv
2026-04-27 13:22:54 [INFO] Removed 7 rows with label=-1 from: /Volumes/JIAYI/ImageFocusDetection/data/samples_labels/sample307_labels/sample307.csv
2026-04-27 13:22:54 [INFO] Removed 4 rows with label=-1 from: /Volumes/JIAYI/ImageFocusDetection/data/samples_labels/sample264_labels/sample264.csv
2026-04-27 13:22:54 [INFO] Removed 183 rows with label=-1 from: /Volumes/JIAYI/ImageFocusDetection/data/samples_labels/sample319_labels/sample319.csv
2026-04-27 13:22:54 [INFO] Removed 186 rows with label=-1 from: /Volumes/JIAYI/ImageFocusDetection/data/samples_labels/sample219_labels/sample219.csv
2026-04-27 13:22:54 [INFO] Removed 391 rows with label=-1 from: /Volumes/JIAYI/ImageFocusDetection/data/samples_labels/sample231_labels/sample231.csv
2026-04-27 13:22:54 [INFO] Removed 366 rows with label=-1 from: /Volumes/JIAYI/ImageFocusDetection/data/samples_labels/sample252_labels/sample252.csv
2026-04-27 13:22:54 [INFO] Removed 312 rows with label=-1 from: /Volumes/JIAYI/ImageFocusDetection/data/samples_labels/sample198_labels/sample198.csv
2026-04-27 13:22:54 [INFO] Removed 82 rows with label=-1 from: /Volumes/JIAYI/ImageFocusDetection/data/samples_labels/sample223_labels/sample223.csv
2026-04-27 13:22:54 [INFO] Removed 93 rows with label=-1 from: /Volumes/JIAYI/ImageFocusDetection/data/samples_labels/sample194_labels/sample194.csv
2026-04-27 13:22:54 [INFO] Removed 39 rows with label=-1 from: /Volumes/JIAYI/ImageFocusDetection/data/samples_labels/sample323_labels/sample323.csv
2026-04-27 13:22:54 [INFO] Removed 30 rows with label=-1 from: /Volumes/JIAYI/ImageFocusDetection/data/samples_labels/sample240_labels/sample240.csv
2026-04-27 13:22:54 [INFO] Removed 2 rows with label=-1 from: /Volumes/JIAYI/ImageFocusDetection/data/samples_labels/sample340_labels/sample340.csv
2026-04-27 13:22:54 [INFO] Removed 7 rows with label=-1 from: /Volumes/JIAYI/ImageFocusDetection/data/samples_labels/sample81_labels/sample81.csv
2026-04-27 13:22:54 [INFO] Removed 33 rows with label=-1 from: /Volumes/JIAYI/ImageFocusDetection/data/samples_labels/sample278_labels/sample278.csv
2026-04-27 13:22:54 [INFO] Removed 8 rows with label=-1 from: /Volumes/JIAYI/ImageFocusDetection/data/samples_labels/sample305_labels/sample305.csv
2026-04-27 13:22:54 [INFO] Removed 4 rows with label=-1 from: /Volumes/JIAYI/ImageFocusDetection/data/samples_labels/sample274_labels/sample274.csv
2026-04-27 13:22:54 [INFO] Removed 27 rows with label=-1 from: /Volumes/JIAYI/ImageFocusDetection/data/samples_labels/sample209_labels/sample209.csv
2026-04-27 13:22:54 [INFO] Removed 5 rows with label=-1 from: /Volumes/JIAYI/ImageFocusDetection/data/samples_labels/sample309_labels/sample309.csv
2026-04-27 13:22:54 [INFO] Removed 212 rows with label=-1 from: /Volumes/JIAYI/ImageFocusDetection/data/samples_labels/sample217_labels/sample217.csv
2026-04-27 13:22:54 [INFO] Removed 54 rows with label=-1 from: /Volumes/JIAYI/ImageFocusDetection/data/samples_labels/sample242_labels/sample242.csv
2026-04-27 13:22:54 [INFO] Removed 153 rows with label=-1 from: /Volumes/JIAYI/ImageFocusDetection/data/samples_labels/sample342_labels/sample342.csv
2026-04-27 13:22:54 [INFO] Removed 16 rows with label=-1 from: /Volumes/JIAYI/ImageFocusDetection/data/samples_labels/sample188_labels/sample188.csv
2026-04-27 13:22:54 [INFO] Removed 136 rows with label=-1 from: /Volumes/JIAYI/ImageFocusDetection/data/samples_labels/sample221_labels/sample221.csv
2026-04-27 13:22:54 [INFO] Removed 27 rows with label=-1 from: /Volumes/JIAYI/ImageFocusDetection/data/samples_labels/sample196_labels/sample196.csv
2026-04-27 13:22:54 [INFO] Removed 20 rows with label=-1 from: /Volumes/JIAYI/ImageFocusDetection/data/samples_labels/sample350_labels/sample350.csv
2026-04-27 13:22:54 [INFO] Removed 5 rows with label=-1 from: /Volumes/JIAYI/ImageFocusDetection/data/samples_labels/sample333_labels/sample333.csv
2026-04-27 13:22:54 [INFO] Removed 143 rows with label=-1 from: /Volumes/JIAYI/ImageFocusDetection/data/samples_labels/sample233_labels/sample233.csv
2026-04-27 13:22:54 [INFO] Removed 7 rows with label=-1 from: /Volumes/JIAYI/ImageFocusDetection/data/samples_labels/sample299_labels/sample299.csv
2026-04-27 13:22:54 [INFO] Removed 7 rows with label=-1 from: /Volumes/JIAYI/ImageFocusDetection/data/samples_labels/sample287_labels/sample287.csv
2026-04-27 13:22:54 [INFO] Removed 154 rows with label=-1 from: /Volumes/JIAYI/ImageFocusDetection/data/samples_labels/sample72_labels/sample72.csv
2026-04-27 13:22:54 [INFO] Removed 3 rows with label=-1 from: /Volumes/JIAYI/ImageFocusDetection/data/samples_labels/sample3_labels/sample3.csv
2026-04-27 13:22:54 [INFO] Removed 12 rows with label=-1 from: /Volumes/JIAYI/ImageFocusDetection/data/samples_labels/sample295_labels/sample295.csv
2026-04-27 13:22:54 [INFO] Removed 2 rows with label=-1 from: /Volumes/JIAYI/ImageFocusDetection/data/samples_labels/sample177_labels/sample177.csv
2026-04-27 13:22:54 [INFO] Removed 56 rows with label=-1 from: /Volumes/JIAYI/ImageFocusDetection/data/samples_labels/sample169_labels/sample169.csv
2026-04-27 13:22:54 [INFO] Removed 170 rows with label=-1 from: /Volumes/JIAYI/ImageFocusDetection/data/samples_labels/sample114_labels/sample114.csv
2026-04-27 13:22:54 [INFO] Removed 9 rows with label=-1 from: /Volumes/JIAYI/ImageFocusDetection/data/samples_labels/sample165_labels/sample165.csv
2026-04-27 13:22:54 [INFO] Removed 16 rows with label=-1 from: /Volumes/JIAYI/ImageFocusDetection/data/samples_labels/sample118_labels/sample118.csv
2026-04-27 13:22:54 [INFO] Removed 9 rows with label=-1 from: /Volumes/JIAYI/ImageFocusDetection/data/samples_labels/sample35_labels/sample35.csv
2026-04-27 13:22:54 [INFO] Removed 13 rows with label=-1 from: /Volumes/JIAYI/ImageFocusDetection/data/samples_labels/sample106_labels/sample106.csv
2026-04-27 13:22:56 [INFO] Merged CSV saved: /Volumes/JIAYI/ImageFocusDetection/data/samples_labels/merged_samples_labels.csv
2026-04-27 13:23:05 [INFO] Deleted existing model folder: /Volumes/JIAYI/ImageFocusDetection/src/training/model_save
2026-04-27 13:23:05 [INFO] [Decision Tree] Detected classes: [0, 1, 2]
2026-04-27 13:23:05 [INFO] [Decision Tree] Using 5 CPU cores for image loading.
2026-04-27 13:23:05 [INFO] [Decision Tree] Start loading images ...
2026-04-27 13:23:29 [INFO] [Decision Tree] Image loading done, time: 23.39s
2026-04-27 13:23:29 [INFO] [Decision Tree] X shape before PCA: (638153, 1024)
2026-04-27 13:23:29 [INFO] [Decision Tree] Start PCA preprocessing ...
2026-04-27 13:23:57 [INFO] [Decision Tree] PCA preprocessing done, time: 28.32s
2026-04-27 13:23:57 [INFO] [Decision Tree] X shape after PCA: (638153, 383)
2026-04-27 13:23:57 [INFO] [Decision Tree] Start training ...
2026-04-27 13:29:46 [INFO] [Decision Tree] Training done, time: 349.45s
2026-04-27 13:29:46 [INFO] [Random Forest] Detected classes: [0, 1, 2]
2026-04-27 13:29:46 [INFO] [Random Forest] Using 5 CPU cores for image loading.
2026-04-27 13:29:46 [INFO] [Random Forest] Start loading images ...
2026-04-27 13:30:23 [INFO] [Random Forest] Image loading done, time: 36.87s
2026-04-27 13:30:23 [INFO] [Random Forest] X shape before PCA: (638153, 1024)
2026-04-27 13:30:23 [INFO] [Random Forest] Start PCA preprocessing ...
2026-04-27 13:30:50 [INFO] [Random Forest] PCA preprocessing done, time: 27.06s
2026-04-27 13:30:50 [INFO] [Random Forest] X shape after PCA: (638153, 383)
2026-04-27 13:30:50 [INFO] [Random Forest] Start training ...
2026-04-27 13:34:33 [INFO] [Random Forest] Training done, time: 223.02s
2026-04-27 13:34:33 [INFO] [SVM] Detected classes: [0, 1, 2]
2026-04-27 13:34:33 [INFO] [SVM] Using 5 CPU cores for image loading.
2026-04-27 13:34:33 [INFO] [SVM] Start loading images ...
2026-04-27 13:35:09 [INFO] [SVM] Image loading done, time: 35.45s
2026-04-27 13:35:09 [INFO] [SVM] X shape before PCA: (638153, 1024)
2026-04-27 13:35:09 [INFO] [SVM] Start PCA preprocessing ...
2026-04-27 13:35:34 [INFO] [SVM] PCA preprocessing done, time: 25.54s
2026-04-27 13:35:34 [INFO] [SVM] X shape after PCA: (638153, 383)
2026-04-27 13:35:34 [INFO] [SVM] Start training ...
2026-04-27 13:36:57 [INFO] [SVM] Training done, time: 83.07s
2026-04-27 13:36:57 [INFO] Selected models saved to: /Volumes/JIAYI/ImageFocusDetection/src/training/model_save
2026-04-27 13:36:57 [INFO] Model artifacts directory: /Volumes/JIAYI/ImageFocusDetection/src/training/model_save
2026-04-27 13:36:57 [INFO] Artifact: decision_tree_model.joblib | modified_at=2026-04-27 13:29:46
2026-04-27 13:36:57 [INFO] Artifact: decision_tree_pca.joblib | modified_at=2026-04-27 13:29:46
2026-04-27 13:36:57 [INFO] Artifact: random_forest_model.joblib | modified_at=2026-04-27 13:34:33
2026-04-27 13:36:57 [INFO] Artifact: random_forest_pca.joblib | modified_at=2026-04-27 13:34:33
2026-04-27 13:36:57 [INFO] Artifact: svm_model.joblib | modified_at=2026-04-27 13:36:57
2026-04-27 13:36:57 [INFO] Artifact: svm_pca.joblib | modified_at=2026-04-27 13:36:57
2026-04-27 13:36:57 [INFO] === Step 3: Evaluate ===
2026-04-27 13:36:57 [INFO] Deleted existing merged CSV: /Volumes/JIAYI/ImageFocusDetection/data/valid_samples_labels/merged_valid_samples_labels.csv
2026-04-27 13:36:57 [INFO] Removed 80 rows with label=-1 from: /Volumes/JIAYI/ImageFocusDetection/data/valid_samples_labels/valid_sample50_labels/valid_sample50.csv
2026-04-27 13:36:57 [INFO] Removed 12 rows with label=-1 from: /Volumes/JIAYI/ImageFocusDetection/data/valid_samples_labels/valid_sample21_labels/valid_sample21.csv
2026-04-27 13:36:57 [INFO] Removed 2 rows with label=-1 from: /Volumes/JIAYI/ImageFocusDetection/data/valid_samples_labels/valid_sample74_labels/valid_sample74.csv
2026-04-27 13:36:58 [INFO] Removed 6 rows with label=-1 from: /Volumes/JIAYI/ImageFocusDetection/data/valid_samples_labels/valid_sample23_labels/valid_sample23.csv
2026-04-27 13:36:58 [INFO] Removed 27 rows with label=-1 from: /Volumes/JIAYI/ImageFocusDetection/data/valid_samples_labels/valid_sample40_labels/valid_sample40.csv
2026-04-27 13:36:58 [INFO] Removed 103 rows with label=-1 from: /Volumes/JIAYI/ImageFocusDetection/data/valid_samples_labels/valid_sample31_labels/valid_sample31.csv
2026-04-27 13:36:58 [INFO] Removed 11 rows with label=-1 from: /Volumes/JIAYI/ImageFocusDetection/data/valid_samples_labels/valid_sample52_labels/valid_sample52.csv
2026-04-27 13:36:58 [INFO] Removed 104 rows with label=-1 from: /Volumes/JIAYI/ImageFocusDetection/data/valid_samples_labels/valid_sample64_labels/valid_sample64.csv
2026-04-27 13:36:58 [INFO] Removed 1 rows with label=-1 from: /Volumes/JIAYI/ImageFocusDetection/data/valid_samples_labels/valid_sample68_labels/valid_sample68.csv
2026-04-27 13:36:58 [INFO] Removed 20 rows with label=-1 from: /Volumes/JIAYI/ImageFocusDetection/data/valid_samples_labels/valid_sample15_labels/valid_sample15.csv
2026-04-27 13:36:58 [INFO] Removed 51 rows with label=-1 from: /Volumes/JIAYI/ImageFocusDetection/data/valid_samples_labels/valid_sample11_labels/valid_sample11.csv
2026-04-27 13:36:58 [INFO] Removed 31 rows with label=-1 from: /Volumes/JIAYI/ImageFocusDetection/data/valid_samples_labels/valid_sample3_labels/valid_sample3.csv
2026-04-27 13:36:58 [INFO] Removed 36 rows with label=-1 from: /Volumes/JIAYI/ImageFocusDetection/data/valid_samples_labels/valid_sample56_labels/valid_sample56.csv
2026-04-27 13:36:58 [INFO] Removed 262 rows with label=-1 from: /Volumes/JIAYI/ImageFocusDetection/data/valid_samples_labels/valid_sample44_labels/valid_sample44.csv
2026-04-27 13:36:58 [INFO] Removed 2 rows with label=-1 from: /Volumes/JIAYI/ImageFocusDetection/data/valid_samples_labels/valid_sample62_labels/valid_sample62.csv
2026-04-27 13:36:58 [INFO] Removed 3 rows with label=-1 from: /Volumes/JIAYI/ImageFocusDetection/data/valid_samples_labels/valid_sample70_labels/valid_sample70.csv
2026-04-27 13:36:58 [INFO] Removed 5 rows with label=-1 from: /Volumes/JIAYI/ImageFocusDetection/data/valid_samples_labels/valid_sample1_labels/valid_sample1.csv
2026-04-27 13:36:58 [INFO] Removed 26 rows with label=-1 from: /Volumes/JIAYI/ImageFocusDetection/data/valid_samples_labels/valid_sample46_labels/valid_sample46.csv
2026-04-27 13:36:58 [INFO] Removed 1 rows with label=-1 from: /Volumes/JIAYI/ImageFocusDetection/data/valid_samples_labels/valid_sample25_labels/valid_sample25.csv
2026-04-27 13:36:58 [INFO] Removed 3 rows with label=-1 from: /Volumes/JIAYI/ImageFocusDetection/data/valid_samples_labels/valid_sample29_labels/valid_sample29.csv
2026-04-27 13:36:58 [INFO] Removed 1 rows with label=-1 from: /Volumes/JIAYI/ImageFocusDetection/data/valid_samples_labels/valid_sample54_labels/valid_sample54.csv
2026-04-27 13:36:58 [INFO] Removed 5 rows with label=-1 from: /Volumes/JIAYI/ImageFocusDetection/data/valid_samples_labels/valid_sample4_labels/valid_sample4.csv
2026-04-27 13:36:58 [INFO] Removed 10 rows with label=-1 from: /Volumes/JIAYI/ImageFocusDetection/data/valid_samples_labels/valid_sample43_labels/valid_sample43.csv
2026-04-27 13:36:58 [INFO] Removed 103 rows with label=-1 from: /Volumes/JIAYI/ImageFocusDetection/data/valid_samples_labels/valid_sample18_labels/valid_sample18.csv
2026-04-27 13:36:58 [INFO] Removed 11 rows with label=-1 from: /Volumes/JIAYI/ImageFocusDetection/data/valid_samples_labels/valid_sample65_labels/valid_sample65.csv
2026-04-27 13:36:58 [INFO] Removed 6 rows with label=-1 from: /Volumes/JIAYI/ImageFocusDetection/data/valid_samples_labels/valid_sample41_labels/valid_sample41.csv
2026-04-27 13:36:58 [INFO] Removed 2 rows with label=-1 from: /Volumes/JIAYI/ImageFocusDetection/data/valid_samples_labels/valid_sample49_labels/valid_sample49.csv
2026-04-27 13:36:58 [INFO] Removed 81 rows with label=-1 from: /Volumes/JIAYI/ImageFocusDetection/data/valid_samples_labels/valid_sample45_labels/valid_sample45.csv
2026-04-27 13:36:58 [INFO] Removed 1 rows with label=-1 from: /Volumes/JIAYI/ImageFocusDetection/data/valid_samples_labels/valid_sample2_labels/valid_sample2.csv
2026-04-27 13:36:58 [INFO] Removed 2 rows with label=-1 from: /Volumes/JIAYI/ImageFocusDetection/data/valid_samples_labels/valid_sample55_labels/valid_sample55.csv
2026-04-27 13:36:58 [INFO] Removed 2 rows with label=-1 from: /Volumes/JIAYI/ImageFocusDetection/data/valid_samples_labels/valid_sample28_labels/valid_sample28.csv
2026-04-27 13:36:58 [INFO] Removed 156 rows with label=-1 from: /Volumes/JIAYI/ImageFocusDetection/data/valid_samples_labels/valid_sample12_labels/valid_sample12.csv
2026-04-27 13:36:58 [INFO] Removed 34 rows with label=-1 from: /Volumes/JIAYI/ImageFocusDetection/data/valid_samples_labels/valid_sample71_labels/valid_sample71.csv
2026-04-27 13:36:58 [INFO] Merged CSV saved: /Volumes/JIAYI/ImageFocusDetection/data/valid_samples_labels/merged_valid_samples_labels.csv
2026-04-27 13:37:29 [INFO] ========== Decision Tree ==========
2026-04-27 13:37:29 [INFO] Accuracy: 0.8734
2026-04-27 13:37:29 [INFO] Classification Report:

2026-04-27 13:37:29 [INFO]                precision    recall  f1-score   support

2026-04-27 13:37:29 [INFO]            0       0.93      0.92      0.92     65830
2026-04-27 13:37:29 [INFO]            1       0.71      0.86      0.78     14665
2026-04-27 13:37:29 [INFO]            2       0.86      0.83      0.84     55575

2026-04-27 13:37:29 [INFO]     accuracy                           0.87    136070
2026-04-27 13:37:29 [INFO]    macro avg       0.83      0.87      0.85    136070
2026-04-27 13:37:29 [INFO] weighted avg       0.88      0.87      0.87    136070

2026-04-27 13:37:29 [INFO] Confusion Matrix:

2026-04-27 13:37:29 [INFO]  [[60346     3  5481]
2026-04-27 13:37:29 [INFO]  [   12 12543  2110]
2026-04-27 13:37:29 [INFO]  [ 4522  5092 45961]]
2026-04-27 13:37:40 [INFO] [Decision Tree] Evaluate overlays saved under: /Volumes/JIAYI/ImageFocusDetection/logs/_evaluate_cache
2026-04-27 13:37:41 [INFO] ========== Random Forest ==========
2026-04-27 13:37:41 [INFO] Accuracy: 0.9042
2026-04-27 13:37:41 [INFO] Classification Report:

2026-04-27 13:37:41 [INFO]                precision    recall  f1-score   support

2026-04-27 13:37:41 [INFO]            0       0.96      0.89      0.93     65830
2026-04-27 13:37:41 [INFO]            1       0.84      0.94      0.88     14665
2026-04-27 13:37:41 [INFO]            2       0.86      0.91      0.89     55575

2026-04-27 13:37:41 [INFO]     accuracy                           0.90    136070
2026-04-27 13:37:41 [INFO]    macro avg       0.89      0.91      0.90    136070
2026-04-27 13:37:41 [INFO] weighted avg       0.91      0.90      0.90    136070

2026-04-27 13:37:41 [INFO] Confusion Matrix:

2026-04-27 13:37:41 [INFO]  [[58691     0  7139]
2026-04-27 13:37:41 [INFO]  [    0 13733   932]
2026-04-27 13:37:41 [INFO]  [ 2281  2680 50614]]
2026-04-27 13:37:53 [INFO] [Random Forest] Evaluate overlays saved under: /Volumes/JIAYI/ImageFocusDetection/logs/_evaluate_cache
2026-04-27 13:37:54 [INFO] ========== SVM ==========
2026-04-27 13:37:54 [INFO] Accuracy: 0.8865
2026-04-27 13:37:54 [INFO] Classification Report:

2026-04-27 13:37:54 [INFO]                precision    recall  f1-score   support

2026-04-27 13:37:54 [INFO]            0       0.85      0.97      0.91     65830
2026-04-27 13:37:54 [INFO]            1       0.88      0.97      0.92     14665
2026-04-27 13:37:54 [INFO]            2       0.95      0.77      0.85     55575

2026-04-27 13:37:54 [INFO]     accuracy                           0.89    136070
2026-04-27 13:37:54 [INFO]    macro avg       0.89      0.90      0.89    136070
2026-04-27 13:37:54 [INFO] weighted avg       0.89      0.89      0.88    136070

2026-04-27 13:37:54 [INFO] Confusion Matrix:

2026-04-27 13:37:54 [INFO]  [[63897     0  1933]
2026-04-27 13:37:54 [INFO]  [    0 14171   494]
2026-04-27 13:37:54 [INFO]  [11047  1968 42560]]
2026-04-27 13:38:05 [INFO] [SVM] Evaluate overlays saved under: /Volumes/JIAYI/ImageFocusDetection/logs/_evaluate_cache
2026-04-27 13:38:05 [INFO] Packaged outputs: /Volumes/JIAYI/ImageFocusDetection/logs/TR_PCA_components_2026_0427_125627
2026-04-27 13:38:19 [INFO] Collected 296 predict image folder(s) to: /Volumes/JIAYI/ImageFocusDetection/logs/TR_PCA_components_2026_0427_125627/predict_images
2026-04-27 13:38:19 [INFO] Generated 6 plot(s)
2026-04-27 13:38:19 [INFO] /Volumes/JIAYI/ImageFocusDetection/logs/TR_PCA_components_2026_0427_125627/plots/Decision_Tree_PCA_components_Time.png
2026-04-27 13:38:19 [INFO] /Volumes/JIAYI/ImageFocusDetection/logs/TR_PCA_components_2026_0427_125627/plots/Decision_Tree_PCA_components_Evaluate.png
2026-04-27 13:38:19 [INFO] /Volumes/JIAYI/ImageFocusDetection/logs/TR_PCA_components_2026_0427_125627/plots/Random_Forest_PCA_components_Time.png
2026-04-27 13:38:19 [INFO] /Volumes/JIAYI/ImageFocusDetection/logs/TR_PCA_components_2026_0427_125627/plots/Random_Forest_PCA_components_Evaluate.png
2026-04-27 13:38:19 [INFO] /Volumes/JIAYI/ImageFocusDetection/logs/TR_PCA_components_2026_0427_125627/plots/SVM_PCA_components_Time.png
2026-04-27 13:38:19 [INFO] /Volumes/JIAYI/ImageFocusDetection/logs/TR_PCA_components_2026_0427_125627/plots/SVM_PCA_components_Evaluate.png
2026-04-27 13:38:19 [INFO] Generated plots: 6
